Workbook
Name Cfg_Struttura: CONFIGURATORE!$B$3
Name Cfg_Trave: CONFIGURATORE!$B$4
Name Cfg_SpAsse: CONFIGURATORE!$B$5
Name Cfg_SpOmega: CONFIGURATORE!$B$6
Name Cfg_Infissione: CONFIGURATORE!$B$7
Name Cfg_Luce: CONFIGURATORE!$B$8
Name Cfg_LenFond: CONFIGURATORE!$B$9
Name Cfg_LenCusc: CONFIGURATORE!$B$10
Name Cfg_LenMot: CONFIGURATORE!$B$11
Name Cfg_Pannelli: CONFIGURATORE!$B$12
Name Cfg_Margine: CONFIGURATORE!$B$13
Name Cfg_TraveFrag: CONFIGURATORE!$B$15
Name Cfg_n12: CONFIGURATORE!$B$20
Name Cfg_n18: CONFIGURATORE!$B$21
Name Cfg_n20: CONFIGURATORE!$B$22
Name Cfg_n22: CONFIGURATORE!$B$23
Name Cfg_n36: CONFIGURATORE!$B$24
Name Cfg_n40: CONFIGURATORE!$B$25

Sheet CONFIGURATORE
A1: CONFIGURATORE PREVENTIVO
A3: Struttura | B3: Agrivoltaico
A4: Trave | B4: IPE 140
A5: Spessore asse | B5: 3,0 mm
A6: Spessore omega | B6: 2,0 mm
A7: Altezza infissione (m) - promemoria | B7: 1.5
A8: Luce libera da terra (m) - promemoria | B8: 0.8
A9: Lungh. fondazione [Agri] (suffisso) | B9: 30 | C9: ="= "&VALUE(Cfg_LenFond)/10&" m"
A10: Lungh. pilastro cuscinetto [Basso] | B10: 30 | C10: ="= "&VALUE(Cfg_LenCusc)/10&" m"
A11: Lungh. pilastro motore [Basso] | B11: 30 | C11: ="= "&VALUE(Cfg_LenMot)/10&" m"
A12: Pannelli FV nel preventivo | B12: No
A13: Margine % | B13: 0
A15: Trave (frammento codice) | B15: =IF(Cfg_Trave="IPEA 140","IPEA140","IPE140")
A18: TIPOLOGIE — inserire il numero di tracker
A19: Moduli / tracker | B19: N. tracker
A20: 12 | B20: 0
A21: 18 | B21: 0
A22: 20 | B22: 0
A23: 22 | B23: 0
A24: 36 | B24: 0
A25: 40 | B25: 0
A26: Totale tracker | B26: =SUM(B20:B25)
A29: RIEPILOGO PREVENTIVO
A30: Materiale (da DISTINTA PROGETTO) | B30: =SUM('DISTINTA PROGETTO'!$P$2:$P$344)
A31: Quadro motore (forfait 170 €/tracker) | B31: =170*B26
A32: Costo totale | B32: =B30+B31
A33: Margine | B33: =B32*Cfg_Margine/100
A34: Prezzo di vendita | B34: =B32+B33
A37: Materiale per tipologia
A38: 12 moduli | B38: =SUMPRODUCT('DISTINTA PROGETTO'!$H$2:$H$344,'DISTINTA PROGETTO'!$O$2:$O$344)*Cfg_n12
A39: 18 moduli | B39: =SUMPRODUCT('DISTINTA PROGETTO'!$I$2:$I$344,'DISTINTA PROGETTO'!$O$2:$O$344)*Cfg_n18
A40: 20 moduli | B40: =SUMPRODUCT('DISTINTA PROGETTO'!$J$2:$J$344,'DISTINTA PROGETTO'!$O$2:$O$344)*Cfg_n20
A41: 22 moduli | B41: =SUMPRODUCT('DISTINTA PROGETTO'!$K$2:$K$344,'DISTINTA PROGETTO'!$O$2:$O$344)*Cfg_n22
A42: 36 moduli | B42: =SUMPRODUCT('DISTINTA PROGETTO'!$L$2:$L$344,'DISTINTA PROGETTO'!$O$2:$O$344)*Cfg_n36
A43: 40 moduli | B43: =SUMPRODUCT('DISTINTA PROGETTO'!$M$2:$M$344,'DISTINTA PROGETTO'!$O$2:$O$344)*Cfg_n40

Sheet DISTINTA PROGETTO
A1: Assieme | B1: Sezione | C1: Cod. distinta | D1: Descrizione | E1: Codice progetto | F1: Tag | G1: Guard | H1: q12 | I1: q18 | J1: q20 | K1: q22 | L1: q36 | M1: q40 | N1: Q.tà progetto | O1: Prezzo € | P1: Importo € | Q1: In preventivo
A2: ='DISTINTA COMPLETA'!A2 | B2: ='DISTINTA COMPLETA'!B2 | C2: ='DISTINTA COMPLETA'!D2 | D2: ='DISTINTA COMPLETA'!E2 | E2: ="TTS.PF.001."&Cfg_TraveFrag&"."&Cfg_LenFond | F2: FOND_MOT | G2: =IF(Cfg_Struttura="Agrivoltaico",1,0) | H2: =$G2*1 | I2: =$G2*1 | J2: =$G2*1 | K2: =$G2*1 | L2: =$G2*1 | M2: =$G2*1 | N2: =Cfg_n12*H2+Cfg_n18*I2+Cfg_n20*J2+Cfg_n22*K2+Cfg_n36*L2+Cfg_n40*M2 | O2: =IFERROR(VLOOKUP($E2,LISTINO!$B:$G,6,FALSE),0) | P2: =$N2*$O2 | Q2: =IF($N2>0,"SI","")
A3: ='DISTINTA COMPLETA'!A3 | B3: ='DISTINTA COMPLETA'!B3 | C3: ='DISTINTA COMPLETA'!D3 | D3: ='DISTINTA COMPLETA'!E3 | E3: ='DISTINTA COMPLETA'!D3 | F3: SKIP | G3: =0 | H3: =$G3*0 | I3: =$G3*0 | J3: =$G3*0 | K3: =$G3*0 | L3: =$G3*0 | M3: =$G3*0 | N3: =Cfg_n12*H3+Cfg_n18*I3+Cfg_n20*J3+Cfg_n22*K3+Cfg_n36*L3+Cfg_n40*M3 | O3: =IFERROR(VLOOKUP($E3,LISTINO!$B:$G,6,FALSE),0) | P3: =$N3*$O3 | Q3: =IF($N3>0,"SI","")
A4: ='DISTINTA COMPLETA'!A4 | B4: ='DISTINTA COMPLETA'!B4 | C4: ='DISTINTA COMPLETA'!D4 | D4: ='DISTINTA COMPLETA'!E4 | E4: ='DISTINTA COMPLETA'!D4 | F4: SKIP | G4: =0 | H4: =$G4*0 | I4: =$G4*0 | J4: =$G4*0 | K4: =$G4*0 | L4: =$G4*0 | M4: =$G4*0 | N4: =Cfg_n12*H4+Cfg_n18*I4+Cfg_n20*J4+Cfg_n22*K4+Cfg_n36*L4+Cfg_n40*M4 | O4: =IFERROR(VLOOKUP($E4,LISTINO!$B:$G,6,FALSE),0) | P4: =$N4*$O4 | Q4: =IF($N4>0,"SI","")
A5: ='DISTINTA COMPLETA'!A5 | B5: ='DISTINTA COMPLETA'!B5 | C5: ='DISTINTA COMPLETA'!D5 | D5: ='DISTINTA COMPLETA'!E5 | E5: ='DISTINTA COMPLETA'!D5 | F5: SKIP | G5: =0 | H5: =$G5*0 | I5: =$G5*0 | J5: =$G5*0 | K5: =$G5*0 | L5: =$G5*0 | M5: =$G5*0 | N5: =Cfg_n12*H5+Cfg_n18*I5+Cfg_n20*J5+Cfg_n22*K5+Cfg_n36*L5+Cfg_n40*M5 | O5: =IFERROR(VLOOKUP($E5,LISTINO!$B:$G,6,FALSE),0) | P5: =$N5*$O5 | Q5: =IF($N5>0,"SI","")
A6: ='DISTINTA COMPLETA'!A6 | B6: ='DISTINTA COMPLETA'!B6 | C6: ='DISTINTA COMPLETA'!D6 | D6: ='DISTINTA COMPLETA'!E6 | E6: ='DISTINTA COMPLETA'!D6 | F6: SKIP | G6: =0 | H6: =$G6*0 | I6: =$G6*0 | J6: =$G6*0 | K6: =$G6*0 | L6: =$G6*0 | M6: =$G6*0 | N6: =Cfg_n12*H6+Cfg_n18*I6+Cfg_n20*J6+Cfg_n22*K6+Cfg_n36*L6+Cfg_n40*M6 | O6: =IFERROR(VLOOKUP($E6,LISTINO!$B:$G,6,FALSE),0) | P6: =$N6*$O6 | Q6: =IF($N6>0,"SI","")
A7: ='DISTINTA COMPLETA'!A7 | B7: ='DISTINTA COMPLETA'!B7 | C7: ='DISTINTA COMPLETA'!D7 | D7: ='DISTINTA COMPLETA'!E7 | E7: ='DISTINTA COMPLETA'!D7 | F7: SKIP | G7: =0 | H7: =$G7*0 | I7: =$G7*0 | J7: =$G7*0 | K7: =$G7*0 | L7: =$G7*0 | M7: =$G7*0 | N7: =Cfg_n12*H7+Cfg_n18*I7+Cfg_n20*J7+Cfg_n22*K7+Cfg_n36*L7+Cfg_n40*M7 | O7: =IFERROR(VLOOKUP($E7,LISTINO!$B:$G,6,FALSE),0) | P7: =$N7*$O7 | Q7: =IF($N7>0,"SI","")
A8: ='DISTINTA COMPLETA'!A8 | B8: ='DISTINTA COMPLETA'!B8 | C8: ='DISTINTA COMPLETA'!D8 | D8: ='DISTINTA COMPLETA'!E8 | E8: ='DISTINTA COMPLETA'!D8 | F8: SKIP | G8: =0 | H8: =$G8*0 | I8: =$G8*0 | J8: =$G8*0 | K8: =$G8*0 | L8: =$G8*0 | M8: =$G8*0 | N8: =Cfg_n12*H8+Cfg_n18*I8+Cfg_n20*J8+Cfg_n22*K8+Cfg_n36*L8+Cfg_n40*M8 | O8: =IFERROR(VLOOKUP($E8,LISTINO!$B:$G,6,FALSE),0) | P8: =$N8*$O8 | Q8: =IF($N8>0,"SI","")
A9: ='DISTINTA COMPLETA'!A9 | B9: ='DISTINTA COMPLETA'!B9 | C9: ='DISTINTA COMPLETA'!D9 | D9: ='DISTINTA COMPLETA'!E9 | E9: ='DISTINTA COMPLETA'!D9 | F9: SKIP | G9: =0 | H9: =$G9*0 | I9: =$G9*0 | J9: =$G9*0 | K9: =$G9*0 | L9: =$G9*0 | M9: =$G9*0 | N9: =Cfg_n12*H9+Cfg_n18*I9+Cfg_n20*J9+Cfg_n22*K9+Cfg_n36*L9+Cfg_n40*M9 | O9: =IFERROR(VLOOKUP($E9,LISTINO!$B:$G,6,FALSE),0) | P9: =$N9*$O9 | Q9: =IF($N9>0,"SI","")
A10: ='DISTINTA COMPLETA'!A10 | B10: ='DISTINTA COMPLETA'!B10 | C10: ='DISTINTA COMPLETA'!D10 | D10: ='DISTINTA COMPLETA'!E10 | E10: ='DISTINTA COMPLETA'!D10 | F10: SKIP | G10: =0 | H10: =$G10*0 | I10: =$G10*0 | J10: =$G10*0 | K10: =$G10*0 | L10: =$G10*0 | M10: =$G10*0 | N10: =Cfg_n12*H10+Cfg_n18*I10+Cfg_n20*J10+Cfg_n22*K10+Cfg_n36*L10+Cfg_n40*M10 | O10: =IFERROR(VLOOKUP($E10,LISTINO!$B:$G,6,FALSE),0) | P10: =$N10*$O10 | Q10: =IF($N10>0,"SI","")
A11: ='DISTINTA COMPLETA'!A11 | B11: ='DISTINTA COMPLETA'!B11 | C11: ='DISTINTA COMPLETA'!D11 | D11: ='DISTINTA COMPLETA'!E11 | E11: ='DISTINTA COMPLETA'!D11 | F11: SKIP | G11: =0 | H11: =$G11*0 | I11: =$G11*0 | J11: =$G11*0 | K11: =$G11*0 | L11: =$G11*0 | M11: =$G11*0 | N11: =Cfg_n12*H11+Cfg_n18*I11+Cfg_n20*J11+Cfg_n22*K11+Cfg_n36*L11+Cfg_n40*M11 | O11: =IFERROR(VLOOKUP($E11,LISTINO!$B:$G,6,FALSE),0) | P11: =$N11*$O11 | Q11: =IF($N11>0,"SI","")
A12: ='DISTINTA COMPLETA'!A12 | B12: ='DISTINTA COMPLETA'!B12 | C12: ='DISTINTA COMPLETA'!D12 | D12: ='DISTINTA COMPLETA'!E12 | E12: ='DISTINTA COMPLETA'!D12 | F12: SKIP | G12: =0 | H12: =$G12*0 | I12: =$G12*0 | J12: =$G12*0 | K12: =$G12*0 | L12: =$G12*0 | M12: =$G12*0 | N12: =Cfg_n12*H12+Cfg_n18*I12+Cfg_n20*J12+Cfg_n22*K12+Cfg_n36*L12+Cfg_n40*M12 | O12: =IFERROR(VLOOKUP($E12,LISTINO!$B:$G,6,FALSE),0) | P12: =$N12*$O12 | Q12: =IF($N12>0,"SI","")
A13: ='DISTINTA COMPLETA'!A13 | B13: ='DISTINTA COMPLETA'!B13 | C13: ='DISTINTA COMPLETA'!D13 | D13: ='DISTINTA COMPLETA'!E13 | E13: ='DISTINTA COMPLETA'!D13 | F13: SKIP | G13: =0 | H13: =$G13*0 | I13: =$G13*0 | J13: =$G13*0 | K13: =$G13*0 | L13: =$G13*0 | M13: =$G13*0 | N13: =Cfg_n12*H13+Cfg_n18*I13+Cfg_n20*J13+Cfg_n22*K13+Cfg_n36*L13+Cfg_n40*M13 | O13: =IFERROR(VLOOKUP($E13,LISTINO!$B:$G,6,FALSE),0) | P13: =$N13*$O13 | Q13: =IF($N13>0,"SI","")
A14: ='DISTINTA COMPLETA'!A14 | B14: ='DISTINTA COMPLETA'!B14 | C14: ='DISTINTA COMPLETA'!D14 | D14: ='DISTINTA COMPLETA'!E14 | E14: ='DISTINTA COMPLETA'!D14 | F14: SKIP | G14: =0 | H14: =$G14*0 | I14: =$G14*0 | J14: =$G14*0 | K14: =$G14*0 | L14: =$G14*0 | M14: =$G14*0 | N14: =Cfg_n12*H14+Cfg_n18*I14+Cfg_n20*J14+Cfg_n22*K14+Cfg_n36*L14+Cfg_n40*M14 | O14: =IFERROR(VLOOKUP($E14,LISTINO!$B:$G,6,FALSE),0) | P14: =$N14*$O14 | Q14: =IF($N14>0,"SI","")
... A23: ='DISTINTA COMPLETA'!A23 | B23: ='DISTINTA COMPLETA'!B23 | C23: ='DISTINTA COMPLETA'!D23 | D23: ='DISTINTA COMPLETA'!E23 | E23: ='DISTINTA COMPLETA'!D23 | F23: SKIP | G23: =0 | H23: =$G23*0 | I23: =$G23*0 | J23: =$G23*0 | K23: =$G23*0 | L23: =$G23*0 | M23: =$G23*0 | N23: =Cfg_n12*H23+Cfg_n18*I23+Cfg_n20*J23+Cfg_n22*K23+Cfg_n36*L23+Cfg_n40*M23 | O23: =IFERROR(VLOOKUP($E23,LISTINO!$B:$G,6,FALSE),0) | P23: =$N23*$O23 | Q23: =IF($N23>0,"SI","")
A24: ='DISTINTA COMPLETA'!A24 | B24: ='DISTINTA COMPLETA'!B24 | C24: ='DISTINTA COMPLETA'!D24 | D24: ='DISTINTA COMPLETA'!E24 | E24: ="TTS.PM.001."&Cfg_TraveFrag&"."&IF(Cfg_Struttura="Agrivoltaico","22",Cfg_LenMot) | F24: PIL_MOT | G24: =1 | H24: =$G24*1 | I24: =$G24*1 | J24: =$G24*1 | K24: =$G24*1 | L24: =$G24*1 | M24: =$G24*1 | N24: =Cfg_n12*H24+Cfg_n18*I24+Cfg_n20*J24+Cfg_n22*K24+Cfg_n36*L24+Cfg_n40*M24 | O24: =IFERROR(VLOOKUP($E24,LISTINO!$B:$G,6,FALSE),0) | P24: =$N24*$O24 | Q24: =IF($N24>0,"SI","")
A25: ='DISTINTA COMPLETA'!A25 | B25: ='DISTINTA COMPLETA'!B25 | C25: ='DISTINTA COMPLETA'!D25 | D25: ='DISTINTA COMPLETA'!E25 | E25: ='DISTINTA COMPLETA'!D25 | F25: SKIP | G25: =0 | H25: =$G25*0 | I25: =$G25*0 | J25: =$G25*0 | K25: =$G25*0 | L25: =$G25*0 | M25: =$G25*0 | N25: =Cfg_n12*H25+Cfg_n18*I25+Cfg_n20*J25+Cfg_n22*K25+Cfg_n36*L25+Cfg_n40*M25 | O25: =IFERROR(VLOOKUP($E25,LISTINO!$B:$G,6,FALSE),0) | P25: =$N25*$O25 | Q25: =IF($N25>0,"SI","")
A26: ='DISTINTA COMPLETA'!A26 | B26: ='DISTINTA COMPLETA'!B26 | C26: ='DISTINTA COMPLETA'!D26 | D26: ='DISTINTA COMPLETA'!E26 | E26: ='DISTINTA COMPLETA'!D26 | F26: SKIP | G26: =0 | H26: =$G26*0 | I26: =$G26*0 | J26: =$G26*0 | K26: =$G26*0 | L26: =$G26*0 | M26: =$G26*0 | N26: =Cfg_n12*H26+Cfg_n18*I26+Cfg_n20*J26+Cfg_n22*K26+Cfg_n36*L26+Cfg_n40*M26 | O26: =IFERROR(VLOOKUP($E26,LISTINO!$B:$G,6,FALSE),0) | P26: =$N26*$O26 | Q26: =IF($N26>0,"SI","")
A27: ='DISTINTA COMPLETA'!A27 | B27: ='DISTINTA COMPLETA'!B27 | C27: ='DISTINTA COMPLETA'!D27 | D27: ='DISTINTA COMPLETA'!E27 | E27: ='DISTINTA COMPLETA'!D27 | F27: SKIP | G27: =0 | H27: =$G27*0 | I27: =$G27*0 | J27: =$G27*0 | K27: =$G27*0 | L27: =$G27*0 | M27: =$G27*0 | N27: =Cfg_n12*H27+Cfg_n18*I27+Cfg_n20*J27+Cfg_n22*K27+Cfg_n36*L27+Cfg_n40*M27 | O27: =IFERROR(VLOOKUP($E27,LISTINO!$B:$G,6,FALSE),0) | P27: =$N27*$O27 | Q27: =IF($N27>0,"SI","")
A28: ='DISTINTA COMPLETA'!A28 | B28: ='DISTINTA COMPLETA'!B28 | C28: ='DISTINTA COMPLETA'!D28 | D28: ='DISTINTA COMPLETA'!E28 | E28: ='DISTINTA COMPLETA'!D28 | F28: SKIP | G28: =0 | H28: =$G28*0 | I28: =$G28*0 | J28: =$G28*0 | K28: =$G28*0 | L28: =$G28*0 | M28: =$G28*0 | N28: =Cfg_n12*H28+Cfg_n18*I28+Cfg_n20*J28+Cfg_n22*K28+Cfg_n36*L28+Cfg_n40*M28 | O28: =IFERROR(VLOOKUP($E28,LISTINO!$B:$G,6,FALSE),0) | P28: =$N28*$O28 | Q28: =IF($N28>0,"SI","")
A29: ='DISTINTA COMPLETA'!A29 | B29: ='DISTINTA COMPLETA'!B29 | C29: ='DISTINTA COMPLETA'!D29 | D29: ='DISTINTA COMPLETA'!E29 | E29: ='DISTINTA COMPLETA'!D29 | F29: SKIP | G29: =0 | H29: =$G29*0 | I29: =$G29*0 | J29: =$G29*0 | K29: =$G29*0 | L29: =$G29*0 | M29: =$G29*0 | N29: =Cfg_n12*H29+Cfg_n18*I29+Cfg_n20*J29+Cfg_n22*K29+Cfg_n36*L29+Cfg_n40*M29 | O29: =IFERROR(VLOOKUP($E29,LISTINO!$B:$G,6,FALSE),0) | P29: =$N29*$O29 | Q29: =IF($N29>0,"SI","")
A30: ='DISTINTA COMPLETA'!A30 | B30: ='DISTINTA COMPLETA'!B30 | C30: ='DISTINTA COMPLETA'!D30 | D30: ='DISTINTA COMPLETA'!E30 | E30: ='DISTINTA COMPLETA'!D30 | F30: SKIP | G30: =0 | H30: =$G30*0 | I30: =$G30*0 | J30: =$G30*0 | K30: =$G30*0 | L30: =$G30*0 | M30: =$G30*0 | N30: =Cfg_n12*H30+Cfg_n18*I30+Cfg_n20*J30+Cfg_n22*K30+Cfg_n36*L30+Cfg_n40*M30 | O30: =IFERROR(VLOOKUP($E30,LISTINO!$B:$G,6,FALSE),0) | P30: =$N30*$O30 | Q30: =IF($N30>0,"SI","")
A31: ='DISTINTA COMPLETA'!A31 | B31: ='DISTINTA COMPLETA'!B31 | C31: ='DISTINTA COMPLETA'!D31 | D31: ='DISTINTA COMPLETA'!E31 | E31: ='DISTINTA COMPLETA'!D31 | F31: SKIP | G31: =0 | H31: =$G31*0 | I31: =$G31*0 | J31: =$G31*0 | K31: =$G31*0 | L31: =$G31*0 | M31: =$G31*0 | N31: =Cfg_n12*H31+Cfg_n18*I31+Cfg_n20*J31+Cfg_n22*K31+Cfg_n36*L31+Cfg_n40*M31 | O31: =IFERROR(VLOOKUP($E31,LISTINO!$B:$G,6,FALSE),0) | P31: =$N31*$O31 | Q31: =IF($N31>0,"SI","")
A32: ='DISTINTA COMPLETA'!A32 | B32: ='DISTINTA COMPLETA'!B32 | C32: ='DISTINTA COMPLETA'!D32 | D32: ='DISTINTA COMPLETA'!E32 | E32: ='DISTINTA COMPLETA'!D32 | F32: SKIP | G32: =0 | H32: =$G32*0 | I32: =$G32*0 | J32: =$G32*0 | K32: =$G32*0 | L32: =$G32*0 | M32: =$G32*0 | N32: =Cfg_n12*H32+Cfg_n18*I32+Cfg_n20*J32+Cfg_n22*K32+Cfg_n36*L32+Cfg_n40*M32 | O32: =IFERROR(VLOOKUP($E32,LISTINO!$B:$G,6,FALSE),0) | P32: =$N32*$O32 | Q32: =IF($N32>0,"SI","")
A33: ='DISTINTA COMPLETA'!A33 | B33: ='DISTINTA COMPLETA'!B33 | C33: ='DISTINTA COMPLETA'!D33 | D33: ='DISTINTA COMPLETA'!E33 | E33: ='DISTINTA COMPLETA'!D33 | F33: SKIP | G33: =0 | H33: =$G33*0 | I33: =$G33*0 | J33: =$G33*0 | K33: =$G33*0 | L33: =$G33*0 | M33: =$G33*0 | N33: =Cfg_n12*H33+Cfg_n18*I33+Cfg_n20*J33+Cfg_n22*K33+Cfg_n36*L33+Cfg_n40*M33 | O33: =IFERROR(VLOOKUP($E33,LISTINO!$B:$G,6,FALSE),0) | P33: =$N33*$O33 | Q33: =IF($N33>0,"SI","")
A34: ='DISTINTA COMPLETA'!A34 | B34: ='DISTINTA COMPLETA'!B34 | C34: ='DISTINTA COMPLETA'!D34 | D34: ='DISTINTA COMPLETA'!E34 | E34: ='DISTINTA COMPLETA'!D34 | F34: SKIP | G34: =0 | H34: =$G34*0 | I34: =$G34*0 | J34: =$G34*0 | K34: =$G34*0 | L34: =$G34*0 | M34: =$G34*0 | N34: =Cfg_n12*H34+Cfg_n18*I34+Cfg_n20*J34+Cfg_n22*K34+Cfg_n36*L34+Cfg_n40*M34 | O34: =IFERROR(VLOOKUP($E34,LISTINO!$B:$G,6,FALSE),0) | P34: =$N34*$O34 | Q34: =IF($N34>0,"SI","")
A35: ='DISTINTA COMPLETA'!A35 | B35: ='DISTINTA COMPLETA'!B35 | C35: ='DISTINTA COMPLETA'!D35 | D35: ='DISTINTA COMPLETA'!E35 | E35: ='DISTINTA COMPLETA'!D35 | F35: SKIP | G35: =0 | H35: =$G35*0 | I35: =$G35*0 | J35: =$G35*0 | K35: =$G35*0 | L35: =$G35*0 | M35: =$G35*0 | N35: =Cfg_n12*H35+Cfg_n18*I35+Cfg_n20*J35+Cfg_n22*K35+Cfg_n36*L35+Cfg_n40*M35 | O35: =IFERROR(VLOOKUP($E35,LISTINO!$B:$G,6,FALSE),0) | P35: =$N35*$O35 | Q35: =IF($N35>0,"SI","")
A36: ='DISTINTA COMPLETA'!A36 | B36: ='DISTINTA COMPLETA'!B36 | C36: ='DISTINTA COMPLETA'!D36 | D36: ='DISTINTA COMPLETA'!E36 | E36: ='DISTINTA COMPLETA'!D36 | F36: SKIP | G36: =0 | H36: =$G36*0 | I36: =$G36*0 | J36: =$G36*0 | K36: =$G36*0 | L36: =$G36*0 | M36: =$G36*0 | N36: =Cfg_n12*H36+Cfg_n18*I36+Cfg_n20*J36+Cfg_n22*K36+Cfg_n36*L36+Cfg_n40*M36 | O36: =IFERROR(VLOOKUP($E36,LISTINO!$B:$G,6,FALSE),0) | P36: =$N36*$O36 | Q36: =IF($N36>0,"SI","")
... A61: ='DISTINTA COMPLETA'!A61 | B61: ='DISTINTA COMPLETA'!B61 | C61: ='DISTINTA COMPLETA'!D61 | D61: ='DISTINTA COMPLETA'!E61 | E61: ='DISTINTA COMPLETA'!D61 | F61: SKIP | G61: =0 | H61: =$G61*0 | I61: =$G61*0 | J61: =$G61*0 | K61: =$G61*0 | L61: =$G61*0 | M61: =$G61*0 | N61: =Cfg_n12*H61+Cfg_n18*I61+Cfg_n20*J61+Cfg_n22*K61+Cfg_n36*L61+Cfg_n40*M61 | O61: =IFERROR(VLOOKUP($E61,LISTINO!$B:$G,6,FALSE),0) | P61: =$N61*$O61 | Q61: =IF($N61>0,"SI","")
A62: ='DISTINTA COMPLETA'!A62 | B62: ='DISTINTA COMPLETA'!B62 | C62: ='DISTINTA COMPLETA'!D62 | D62: ='DISTINTA COMPLETA'!E62 | E62: ='DISTINTA COMPLETA'!D62 | F62: GIUNZ | G62: =IF(Cfg_Struttura="Agrivoltaico",1,0) | H62: =$G62*2 | I62: =$G62*2 | J62: =$G62*2 | K62: =$G62*2 | L62: =$G62*2 | M62: =$G62*2 | N62: =Cfg_n12*H62+Cfg_n18*I62+Cfg_n20*J62+Cfg_n22*K62+Cfg_n36*L62+Cfg_n40*M62 | O62: =IFERROR(VLOOKUP($E62,LISTINO!$B:$G,6,FALSE),0) | P62: =$N62*$O62 | Q62: =IF($N62>0,"SI","")
A63: ='DISTINTA COMPLETA'!A63 | B63: ='DISTINTA COMPLETA'!B63 | C63: ='DISTINTA COMPLETA'!D63 | D63: ='DISTINTA COMPLETA'!E63 | E63: ='DISTINTA COMPLETA'!D63 | F63: GIUNZ | G63: =IF(Cfg_Struttura="Agrivoltaico",1,0) | H63: =$G63*8 | I63: =$G63*8 | J63: =$G63*8 | K63: =$G63*8 | L63: =$G63*8 | M63: =$G63*8 | N63: =Cfg_n12*H63+Cfg_n18*I63+Cfg_n20*J63+Cfg_n22*K63+Cfg_n36*L63+Cfg_n40*M63 | O63: =IFERROR(VLOOKUP($E63,LISTINO!$B:$G,6,FALSE),0) | P63: =$N63*$O63 | Q63: =IF($N63>0,"SI","")
A64: ='DISTINTA COMPLETA'!A64 | B64: ='DISTINTA COMPLETA'!B64 | C64: ='DISTINTA COMPLETA'!D64 | D64: ='DISTINTA COMPLETA'!E64 | E64: ='DISTINTA COMPLETA'!D64 | F64: GIUNZ | G64: =IF(Cfg_Struttura="Agrivoltaico",1,0) | H64: =$G64*8 | I64: =$G64*8 | J64: =$G64*8 | K64: =$G64*8 | L64: =$G64*8 | M64: =$G64*8 | N64: =Cfg_n12*H64+Cfg_n18*I64+Cfg_n20*J64+Cfg_n22*K64+Cfg_n36*L64+Cfg_n40*M64 | O64: =IFERROR(VLOOKUP($E64,LISTINO!$B:$G,6,FALSE),0) | P64: =$N64*$O64 | Q64: =IF($N64>0,"SI","")
A65: ='DISTINTA COMPLETA'!A65 | B65: ='DISTINTA COMPLETA'!B65 | C65: ='DISTINTA COMPLETA'!D65 | D65: ='DISTINTA COMPLETA'!E65 | E65: ='DISTINTA COMPLETA'!D65 | F65: GIUNZ | G65: =IF(Cfg_Struttura="Agrivoltaico",1,0) | H65: =$G65*8 | I65: =$G65*8 | J65: =$G65*8 | K65: =$G65*8 | L65: =$G65*8 | M65: =$G65*8 | N65: =Cfg_n12*H65+Cfg_n18*I65+Cfg_n20*J65+Cfg_n22*K65+Cfg_n36*L65+Cfg_n40*M65 | O65: =IFERROR(VLOOKUP($E65,LISTINO!$B:$G,6,FALSE),0) | P65: =$N65*$O65 | Q65: =IF($N65>0,"SI","")
A66: ='DISTINTA COMPLETA'!A66 | B66: ='DISTINTA COMPLETA'!B66 | C66: ='DISTINTA COMPLETA'!D66 | D66: ='DISTINTA COMPLETA'!E66 | E66: ='DISTINTA COMPLETA'!D66 | F66: GIUNZ | G66: =IF(Cfg_Struttura="Agrivoltaico",1,0) | H66: =$G66*8 | I66: =$G66*8 | J66: =$G66*8 | K66: =$G66*8 | L66: =$G66*8 | M66: =$G66*8 | N66: =Cfg_n12*H66+Cfg_n18*I66+Cfg_n20*J66+Cfg_n22*K66+Cfg_n36*L66+Cfg_n40*M66 | O66: =IFERROR(VLOOKUP($E66,LISTINO!$B:$G,6,FALSE),0) | P66: =$N66*$O66 | Q66: =IF($N66>0,"SI","")
A67: ='DISTINTA COMPLETA'!A67 | B67: ='DISTINTA COMPLETA'!B67 | C67: ='DISTINTA COMPLETA'!D67 | D67: ='DISTINTA COMPLETA'!E67 | E67: ='DISTINTA COMPLETA'!D67 | F67: GIUNZ | G67: =IF(Cfg_Struttura="Agrivoltaico",1,0) | H67: =$G67*2 | I67: =$G67*2 | J67: =$G67*2 | K67: =$G67*2 | L67: =$G67*2 | M67: =$G67*2 | N67: =Cfg_n12*H67+Cfg_n18*I67+Cfg_n20*J67+Cfg_n22*K67+Cfg_n36*L67+Cfg_n40*M67 | O67: =IFERROR(VLOOKUP($E67,LISTINO!$B:$G,6,FALSE),0) | P67: =$N67*$O67 | Q67: =IF($N67>0,"SI","")
A68: ='DISTINTA COMPLETA'!A68 | B68: ='DISTINTA COMPLETA'!B68 | C68: ='DISTINTA COMPLETA'!D68 | D68: ='DISTINTA COMPLETA'!E68 | E68: ='DISTINTA COMPLETA'!D68 | F68: GIUNZ | G68: =IF(Cfg_Struttura="Agrivoltaico",1,0) | H68: =$G68*4 | I68: =$G68*4 | J68: =$G68*4 | K68: =$G68*4 | L68: =$G68*4 | M68: =$G68*4 | N68: =Cfg_n12*H68+Cfg_n18*I68+Cfg_n20*J68+Cfg_n22*K68+Cfg_n36*L68+Cfg_n40*M68 | O68: =IFERROR(VLOOKUP($E68,LISTINO!$B:$G,6,FALSE),0) | P68: =$N68*$O68 | Q68: =IF($N68>0,"SI","")
A69: ='DISTINTA COMPLETA'!A69 | B69: ='DISTINTA COMPLETA'!B69 | C69: ='DISTINTA COMPLETA'!D69 | D69: ='DISTINTA COMPLETA'!E69 | E69: ='DISTINTA COMPLETA'!D69 | F69: GIUNZ | G69: =IF(Cfg_Struttura="Agrivoltaico",1,0) | H69: =$G69*24 | I69: =$G69*24 | J69: =$G69*24 | K69: =$G69*24 | L69: =$G69*24 | M69: =$G69*24 | N69: =Cfg_n12*H69+Cfg_n18*I69+Cfg_n20*J69+Cfg_n22*K69+Cfg_n36*L69+Cfg_n40*M69 | O69: =IFERROR(VLOOKUP($E69,LISTINO!$B:$G,6,FALSE),0) | P69: =$N69*$O69 | Q69: =IF($N69>0,"SI","")
A70: ='DISTINTA COMPLETA'!A70 | B70: ='DISTINTA COMPLETA'!B70 | C70: ='DISTINTA COMPLETA'!D70 | D70: ='DISTINTA COMPLETA'!E70 | E70: ='DISTINTA COMPLETA'!D70 | F70: GIUNZ | G70: =IF(Cfg_Struttura="Agrivoltaico",1,0) | H70: =$G70*24 | I70: =$G70*24 | J70: =$G70*24 | K70: =$G70*24 | L70: =$G70*24 | M70: =$G70*24 | N70: =Cfg_n12*H70+Cfg_n18*I70+Cfg_n20*J70+Cfg_n22*K70+Cfg_n36*L70+Cfg_n40*M70 | O70: =IFERROR(VLOOKUP($E70,LISTINO!$B:$G,6,FALSE),0) | P70: =$N70*$O70 | Q70: =IF($N70>0,"SI","")
A71: ='DISTINTA COMPLETA'!A71 | B71: ='DISTINTA COMPLETA'!B71 | C71: ='DISTINTA COMPLETA'!D71 | D71: ='DISTINTA COMPLETA'!E71 | E71: ='DISTINTA COMPLETA'!D71 | F71: GIUNZ | G71: =IF(Cfg_Struttura="Agrivoltaico",1,0) | H71: =$G71*24 | I71: =$G71*24 | J71: =$G71*24 | K71: =$G71*24 | L71: =$G71*24 | M71: =$G71*24 | N71: =Cfg_n12*H71+Cfg_n18*I71+Cfg_n20*J71+Cfg_n22*K71+Cfg_n36*L71+Cfg_n40*M71 | O71: =IFERROR(VLOOKUP($E71,LISTINO!$B:$G,6,FALSE),0) | P71: =$N71*$O71 | Q71: =IF($N71>0,"SI","")
A72: ='DISTINTA COMPLETA'!A72 | B72: ='DISTINTA COMPLETA'!B72 | C72: ='DISTINTA COMPLETA'!D72 | D72: ='DISTINTA COMPLETA'!E72 | E72: ='DISTINTA COMPLETA'!D72 | F72: GIUNZ | G72: =IF(Cfg_Struttura="Agrivoltaico",1,0) | H72: =$G72*24 | I72: =$G72*24 | J72: =$G72*24 | K72: =$G72*24 | L72: =$G72*24 | M72: =$G72*24 | N72: =Cfg_n12*H72+Cfg_n18*I72+Cfg_n20*J72+Cfg_n22*K72+Cfg_n36*L72+Cfg_n40*M72 | O72: =IFERROR(VLOOKUP($E72,LISTINO!$B:$G,6,FALSE),0) | P72: =$N72*$O72 | Q72: =IF($N72>0,"SI","")
A73: ='DISTINTA COMPLETA'!A73 | B73: ='DISTINTA COMPLETA'!B73 | C73: ='DISTINTA COMPLETA'!D73 | D73: ='DISTINTA COMPLETA'!E73 | E73: ='DISTINTA COMPLETA'!D73 | F73: - | G73: =1 | H73: =$G73*2 | I73: =$G73*2 | J73: =$G73*2 | K73: =$G73*2 | L73: =$G73*2 | M73: =$G73*2 | N73: =Cfg_n12*H73+Cfg_n18*I73+Cfg_n20*J73+Cfg_n22*K73+Cfg_n36*L73+Cfg_n40*M73 | O73: =IFERROR(VLOOKUP($E73,LISTINO!$B:$G,6,FALSE),0) | P73: =$N73*$O73 | Q73: =IF($N73>0,"SI","")
A74: ='DISTINTA COMPLETA'!A74 | B74: ='DISTINTA COMPLETA'!B74 | C74: ='DISTINTA COMPLETA'!D74 | D74: ='DISTINTA COMPLETA'!E74 | E74: ='DISTINTA COMPLETA'!D74 | F74: - | G74: =1 | H74: =$G74*8 | I74: =$G74*8 | J74: =$G74*8 | K74: =$G74*8 | L74: =$G74*8 | M74: =$G74*8 | N74: =Cfg_n12*H74+Cfg_n18*I74+Cfg_n20*J74+Cfg_n22*K74+Cfg_n36*L74+Cfg_n40*M74 | O74: =IFERROR(VLOOKUP($E74,LISTINO!$B:$G,6,FALSE),0) | P74: =$N74*$O74 | Q74: =IF($N74>0,"SI","")
A75: ='DISTINTA COMPLETA'!A75 | B75: ='DISTINTA COMPLETA'!B75 | C75: ='DISTINTA COMPLETA'!D75 | D75: ='DISTINTA COMPLETA'!E75 | E75: ='DISTINTA COMPLETA'!D75 | F75: - | G75: =1 | H75: =$G75*16 | I75: =$G75*16 | J75: =$G75*16 | K75: =$G75*16 | L75: =$G75*16 | M75: =$G75*16 | N75: =Cfg_n12*H75+Cfg_n18*I75+Cfg_n20*J75+Cfg_n22*K75+Cfg_n36*L75+Cfg_n40*M75 | O75: =IFERROR(VLOOKUP($E75,LISTINO!$B:$G,6,FALSE),0) | P75: =$N75*$O75 | Q75: =IF($N75>0,"SI","")
A76: ='DISTINTA COMPLETA'!A76 | B76: ='DISTINTA COMPLETA'!B76 | C76: ='DISTINTA COMPLETA'!D76 | D76: ='DISTINTA COMPLETA'!E76 | E76: ='DISTINTA COMPLETA'!D76 | F76: - | G76: =1 | H76: =$G76*8 | I76: =$G76*8 | J76: =$G76*8 | K76: =$G76*8 | L76: =$G76*8 | M76: =$G76*8 | N76: =Cfg_n12*H76+Cfg_n18*I76+Cfg_n20*J76+Cfg_n22*K76+Cfg_n36*L76+Cfg_n40*M76 | O76: =IFERROR(VLOOKUP($E76,LISTINO!$B:$G,6,FALSE),0) | P76: =$N76*$O76 | Q76: =IF($N76>0,"SI","")
A77: ='DISTINTA COMPLETA'!A77 | B77: ='DISTINTA COMPLETA'!B77 | C77: ='DISTINTA COMPLETA'!D77 | D77: ='DISTINTA COMPLETA'!E77 | E77: ='DISTINTA COMPLETA'!D77 | F77: - | G77: =1 | H77: =$G77*1 | I77: =$G77*1 | J77: =$G77*1 | K77: =$G77*1 | L77: =$G77*1 | M77: =$G77*1 | N77: =Cfg_n12*H77+Cfg_n18*I77+Cfg_n20*J77+Cfg_n22*K77+Cfg_n36*L77+Cfg_n40*M77 | O77: =IFERROR(VLOOKUP($E77,LISTINO!$B:$G,6,FALSE),0) | P77: =$N77*$O77 | Q77: =IF($N77>0,"SI","")
A78: ='DISTINTA COMPLETA'!A78 | B78: ='DISTINTA COMPLETA'!B78 | C78: ='DISTINTA COMPLETA'!D78 | D78: ='DISTINTA COMPLETA'!E78 | E78: ='DISTINTA COMPLETA'!D78 | F78: - | G78: =1 | H78: =$G78*4 | I78: =$G78*4 | J78: =$G78*4 | K78: =$G78*4 | L78: =$G78*4 | M78: =$G78*4 | N78: =Cfg_n12*H78+Cfg_n18*I78+Cfg_n20*J78+Cfg_n22*K78+Cfg_n36*L78+Cfg_n40*M78 | O78: =IFERROR(VLOOKUP($E78,LISTINO!$B:$G,6,FALSE),0) | P78: =$N78*$O78 | Q78: =IF($N78>0,"SI","")
A79: ='DISTINTA COMPLETA'!A79 | B79: ='DISTINTA COMPLETA'!B79 | C79: ='DISTINTA COMPLETA'!D79 | D79: ='DISTINTA COMPLETA'!E79 | E79: ='DISTINTA COMPLETA'!D79 | F79: - | G79: =1 | H79: =$G79*4 | I79: =$G79*4 | J79: =$G79*4 | K79: =$G79*4 | L79: =$G79*4 | M79: =$G79*4 | N79: =Cfg_n12*H79+Cfg_n18*I79+Cfg_n20*J79+Cfg_n22*K79+Cfg_n36*L79+Cfg_n40*M79 | O79: =IFERROR(VLOOKUP($E79,LISTINO!$B:$G,6,FALSE),0) | P79: =$N79*$O79 | Q79: =IF($N79>0,"SI","")
A80: ='DISTINTA COMPLETA'!A80 | B80: ='DISTINTA COMPLETA'!B80 | C80: ='DISTINTA COMPLETA'!D80 | D80: ='DISTINTA COMPLETA'!E80 | E80: ='DISTINTA COMPLETA'!D80 | F80: - | G80: =1 | H80: =$G80*1 | I80: =$G80*1 | J80: =$G80*1 | K80: =$G80*1 | L80: =$G80*1 | M80: =$G80*1 | N80: =Cfg_n12*H80+Cfg_n18*I80+Cfg_n20*J80+Cfg_n22*K80+Cfg_n36*L80+Cfg_n40*M80 | O80: =IFERROR(VLOOKUP($E80,LISTINO!$B:$G,6,FALSE),0) | P80: =$N80*$O80 | Q80: =IF($N80>0,"SI","")
A81: ='DISTINTA COMPLETA'!A81 | B81: ='DISTINTA COMPLETA'!B81 | C81: ='DISTINTA COMPLETA'!D81 | D81: ='DISTINTA COMPLETA'!E81 | E81: ='DISTINTA COMPLETA'!D81 | F81: - | G81: =1 | H81: =$G81*4 | I81: =$G81*4 | J81: =$G81*4 | K81: =$G81*4 | L81: =$G81*4 | M81: =$G81*4 | N81: =Cfg_n12*H81+Cfg_n18*I81+Cfg_n20*J81+Cfg_n22*K81+Cfg_n36*L81+Cfg_n40*M81 | O81: =IFERROR(VLOOKUP($E81,LISTINO!$B:$G,6,FALSE),0) | P81: =$N81*$O81 | Q81: =IF($N81>0,"SI","")
A82: ='DISTINTA COMPLETA'!A82 | B82: ='DISTINTA COMPLETA'!B82 | C82: ='DISTINTA COMPLETA'!D82 | D82: ='DISTINTA COMPLETA'!E82 | E82: ='DISTINTA COMPLETA'!D82 | F82: - | G82: =1 | H82: =$G82*4 | I82: =$G82*4 | J82: =$G82*4 | K82: =$G82*4 | L82: =$G82*4 | M82: =$G82*4 | N82: =Cfg_n12*H82+Cfg_n18*I82+Cfg_n20*J82+Cfg_n22*K82+Cfg_n36*L82+Cfg_n40*M82 | O82: =IFERROR(VLOOKUP($E82,LISTINO!$B:$G,6,FALSE),0) | P82: =$N82*$O82 | Q82: =IF($N82>0,"SI","")
A83: ='DISTINTA COMPLETA'!A83 | B83: ='DISTINTA COMPLETA'!B83 | C83: ='DISTINTA COMPLETA'!D83 | D83: ='DISTINTA COMPLETA'!E83 | E83: ="TTS.PF.001."&Cfg_TraveFrag&"."&Cfg_LenFond | F83: FOND_CUSC | G83: =IF(Cfg_Struttura="Agrivoltaico",1,0) | H83: =$G83*2 | I83: =$G83*4 | J83: =$G83*4 | K83: =$G83*4 | L83: =$G83*8 | M83: =$G83*10 | N83: =Cfg_n12*H83+Cfg_n18*I83+Cfg_n20*J83+Cfg_n22*K83+Cfg_n36*L83+Cfg_n40*M83 | O83: =IFERROR(VLOOKUP($E83,LISTINO!$B:$G,6,FALSE),0) | P83: =$N83*$O83 | Q83: =IF($N83>0,"SI","")
A84: ='DISTINTA COMPLETA'!A84 | B84: ='DISTINTA COMPLETA'!B84 | C84: ='DISTINTA COMPLETA'!D84 | D84: ='DISTINTA COMPLETA'!E84 | E84: ="TTS.PC.001."&Cfg_TraveFrag&"."&IF(Cfg_Struttura="Agrivoltaico","23",Cfg_LenCusc) | F84: PIL_CUSC | G84: =1 | H84: =$G84*2 | I84: =$G84*4 | J84: =$G84*4 | K84: =$G84*4 | L84: =$G84*8 | M84: =$G84*10 | N84: =Cfg_n12*H84+Cfg_n18*I84+Cfg_n20*J84+Cfg_n22*K84+Cfg_n36*L84+Cfg_n40*M84 | O84: =IFERROR(VLOOKUP($E84,LISTINO!$B:$G,6,FALSE),0) | P84: =$N84*$O84 | Q84: =IF($N84>0,"SI","")
A85: ='DISTINTA COMPLETA'!A85 | B85: ='DISTINTA COMPLETA'!B85 | C85: ='DISTINTA COMPLETA'!D85 | D85: ='DISTINTA COMPLETA'!E85 | E85: ='DISTINTA COMPLETA'!D85 | F85: SKIP | G85: =0 | H85: =$G85*0 | I85: =$G85*0 | J85: =$G85*0 | K85: =$G85*0 | L85: =$G85*0 | M85: =$G85*0 | N85: =Cfg_n12*H85+Cfg_n18*I85+Cfg_n20*J85+Cfg_n22*K85+Cfg_n36*L85+Cfg_n40*M85 | O85: =IFERROR(VLOOKUP($E85,LISTINO!$B:$G,6,FALSE),0) | P85: =$N85*$O85 | Q85: =IF($N85>0,"SI","")
A86: ='DISTINTA COMPLETA'!A86 | B86: ='DISTINTA COMPLETA'!B86 | C86: ='DISTINTA COMPLETA'!D86 | D86: ='DISTINTA COMPLETA'!E86 | E86: ='DISTINTA COMPLETA'!D86 | F86: SKIP | G86: =0 | H86: =$G86*0 | I86: =$G86*0 | J86: =$G86*0 | K86: =$G86*0 | L86: =$G86*0 | M86: =$G86*0 | N86: =Cfg_n12*H86+Cfg_n18*I86+Cfg_n20*J86+Cfg_n22*K86+Cfg_n36*L86+Cfg_n40*M86 | O86: =IFERROR(VLOOKUP($E86,LISTINO!$B:$G,6,FALSE),0) | P86: =$N86*$O86 | Q86: =IF($N86>0,"SI","")
A87: ='DISTINTA COMPLETA'!A87 | B87: ='DISTINTA COMPLETA'!B87 | C87: ='DISTINTA COMPLETA'!D87 | D87: ='DISTINTA COMPLETA'!E87 | E87: ='DISTINTA COMPLETA'!D87 | F87: SKIP | G87: =0 | H87: =$G87*0 | I87: =$G87*0 | J87: =$G87*0 | K87: =$G87*0 | L87: =$G87*0 | M87: =$G87*0 | N87: =Cfg_n12*H87+Cfg_n18*I87+Cfg_n20*J87+Cfg_n22*K87+Cfg_n36*L87+Cfg_n40*M87 | O87: =IFERROR(VLOOKUP($E87,LISTINO!$B:$G,6,FALSE),0) | P87: =$N87*$O87 | Q87: =IF($N87>0,"SI","")
A88: ='DISTINTA COMPLETA'!A88 | B88: ='DISTINTA COMPLETA'!B88 | C88: ='DISTINTA COMPLETA'!D88 | D88: ='DISTINTA COMPLETA'!E88 | E88: ='DISTINTA COMPLETA'!D88 | F88: SKIP | G88: =0 | H88: =$G88*0 | I88: =$G88*0 | J88: =$G88*0 | K88: =$G88*0 | L88: =$G88*0 | M88: =$G88*0 | N88: =Cfg_n12*H88+Cfg_n18*I88+Cfg_n20*J88+Cfg_n22*K88+Cfg_n36*L88+Cfg_n40*M88 | O88: =IFERROR(VLOOKUP($E88,LISTINO!$B:$G,6,FALSE),0) | P88: =$N88*$O88 | Q88: =IF($N88>0,"SI","")
A89: ='DISTINTA COMPLETA'!A89 | B89: ='DISTINTA COMPLETA'!B89 | C89: ='DISTINTA COMPLETA'!D89 | D89: ='DISTINTA COMPLETA'!E89 | E89: ='DISTINTA COMPLETA'!D89 | F89: SKIP | G89: =0 | H89: =$G89*0 | I89: =$G89*0 | J89: =$G89*0 | K89: =$G89*0 | L89: =$G89*0 | M89: =$G89*0 | N89: =Cfg_n12*H89+Cfg_n18*I89+Cfg_n20*J89+Cfg_n22*K89+Cfg_n36*L89+Cfg_n40*M89 | O89: =IFERROR(VLOOKUP($E89,LISTINO!$B:$G,6,FALSE),0) | P89: =$N89*$O89 | Q89: =IF($N89>0,"SI","")
A90: ='DISTINTA COMPLETA'!A90 | B90: ='DISTINTA COMPLETA'!B90 | C90: ='DISTINTA COMPLETA'!D90 | D90: ='DISTINTA COMPLETA'!E90 | E90: ='DISTINTA COMPLETA'!D90 | F90: SKIP | G90: =0 | H90: =$G90*0 | I90: =$G90*0 | J90: =$G90*0 | K90: =$G90*0 | L90: =$G90*0 | M90: =$G90*0 | N90: =Cfg_n12*H90+Cfg_n18*I90+Cfg_n20*J90+Cfg_n22*K90+Cfg_n36*L90+Cfg_n40*M90 | O90: =IFERROR(VLOOKUP($E90,LISTINO!$B:$G,6,FALSE),0) | P90: =$N90*$O90 | Q90: =IF($N90>0,"SI","")
A91: ='DISTINTA COMPLETA'!A91 | B91: ='DISTINTA COMPLETA'!B91 | C91: ='DISTINTA COMPLETA'!D91 | D91: ='DISTINTA COMPLETA'!E91 | E91: ='DISTINTA COMPLETA'!D91 | F91: SKIP | G91: =0 | H91: =$G91*0 | I91: =$G91*0 | J91: =$G91*0 | K91: =$G91*0 | L91: =$G91*0 | M91: =$G91*0 | N91: =Cfg_n12*H91+Cfg_n18*I91+Cfg_n20*J91+Cfg_n22*K91+Cfg_n36*L91+Cfg_n40*M91 | O91: =IFERROR(VLOOKUP($E91,LISTINO!$B:$G,6,FALSE),0) | P91: =$N91*$O91 | Q91: =IF($N91>0,"SI","")
A92: ='DISTINTA COMPLETA'!A92 | B92: ='DISTINTA COMPLETA'!B92 | C92: ='DISTINTA COMPLETA'!D92 | D92: ='DISTINTA COMPLETA'!E92 | E92: ='DISTINTA COMPLETA'!D92 | F92: SKIP | G92: =0 | H92: =$G92*0 | I92: =$G92*0 | J92: =$G92*0 | K92: =$G92*0 | L92: =$G92*0 | M92: =$G92*0 | N92: =Cfg_n12*H92+Cfg_n18*I92+Cfg_n20*J92+Cfg_n22*K92+Cfg_n36*L92+Cfg_n40*M92 | O92: =IFERROR(VLOOKUP($E92,LISTINO!$B:$G,6,FALSE),0) | P92: =$N92*$O92 | Q92: =IF($N92>0,"SI","")
A93: ='DISTINTA COMPLETA'!A93 | B93: ='DISTINTA COMPLETA'!B93 | C93: ='DISTINTA COMPLETA'!D93 | D93: ='DISTINTA COMPLETA'!E93 | E93: ='DISTINTA COMPLETA'!D93 | F93: SKIP | G93: =0 | H93: =$G93*0 | I93: =$G93*0 | J93: =$G93*0 | K93: =$G93*0 | L93: =$G93*0 | M93: =$G93*0 | N93: =Cfg_n12*H93+Cfg_n18*I93+Cfg_n20*J93+Cfg_n22*K93+Cfg_n36*L93+Cfg_n40*M93 | O93: =IFERROR(VLOOKUP($E93,LISTINO!$B:$G,6,FALSE),0) | P93: =$N93*$O93 | Q93: =IF($N93>0,"SI","")
A94: ='DISTINTA COMPLETA'!A94 | B94: ='DISTINTA COMPLETA'!B94 | C94: ='DISTINTA COMPLETA'!D94 | D94: ='DISTINTA COMPLETA'!E94 | E94: ='DISTINTA COMPLETA'!D94 | F94: SKIP | G94: =0 | H94: =$G94*0 | I94: =$G94*0 | J94: =$G94*0 | K94: =$G94*0 | L94: =$G94*0 | M94: =$G94*0 | N94: =Cfg_n12*H94+Cfg_n18*I94+Cfg_n20*J94+Cfg_n22*K94+Cfg_n36*L94+Cfg_n40*M94 | O94: =IFERROR(VLOOKUP($E94,LISTINO!$B:$G,6,FALSE),0) | P94: =$N94*$O94 | Q94: =IF($N94>0,"SI","")
A95: ='DISTINTA COMPLETA'!A95 | B95: ='DISTINTA COMPLETA'!B95 | C95: ='DISTINTA COMPLETA'!D95 | D95: ='DISTINTA COMPLETA'!E95 | E95: ='DISTINTA COMPLETA'!D95 | F95: SKIP | G95: =0 | H95: =$G95*0 | I95: =$G95*0 | J95: =$G95*0 | K95: =$G95*0 | L95: =$G95*0 | M95: =$G95*0 | N95: =Cfg_n12*H95+Cfg_n18*I95+Cfg_n20*J95+Cfg_n22*K95+Cfg_n36*L95+Cfg_n40*M95 | O95: =IFERROR(VLOOKUP($E95,LISTINO!$B:$G,6,FALSE),0) | P95: =$N95*$O95 | Q95: =IF($N95>0,"SI","")
A96: ='DISTINTA COMPLETA'!A96 | B96: ='DISTINTA COMPLETA'!B96 | C96: ='DISTINTA COMPLETA'!D96 | D96: ='DISTINTA COMPLETA'!E96 | E96: ='DISTINTA COMPLETA'!D96 | F96: SKIP | G96: =0 | H96: =$G96*0 | I96: =$G96*0 | J96: =$G96*0 | K96: =$G96*0 | L96: =$G96*0 | M96: =$G96*0 | N96: =Cfg_n12*H96+Cfg_n18*I96+Cfg_n20*J96+Cfg_n22*K96+Cfg_n36*L96+Cfg_n40*M96 | O96: =IFERROR(VLOOKUP($E96,LISTINO!$B:$G,6,FALSE),0) | P96: =$N96*$O96 | Q96: =IF($N96>0,"SI","")
... A121: ='DISTINTA COMPLETA'!A121 | B121: ='DISTINTA COMPLETA'!B121 | C121: ='DISTINTA COMPLETA'!D121 | D121: ='DISTINTA COMPLETA'!E121 | E121: ='DISTINTA COMPLETA'!D121 | F121: SKIP | G121: =0 | H121: =$G121*0 | I121: =$G121*0 | J121: =$G121*0 | K121: =$G121*0 | L121: =$G121*0 | M121: =$G121*0 | N121: =Cfg_n12*H121+Cfg_n18*I121+Cfg_n20*J121+Cfg_n22*K121+Cfg_n36*L121+Cfg_n40*M121 | O121: =IFERROR(VLOOKUP($E121,LISTINO!$B:$G,6,FALSE),0) | P121: =$N121*$O121 | Q121: =IF($N121>0,"SI","")
A122: ='DISTINTA COMPLETA'!A122 | B122: ='DISTINTA COMPLETA'!B122 | C122: ='DISTINTA COMPLETA'!D122 | D122: ='DISTINTA COMPLETA'!E122 | E122: ='DISTINTA COMPLETA'!D122 | F122: GIUNZ | G122: =IF(Cfg_Struttura="Agrivoltaico",1,0) | H122: =$G122*4 | I122: =$G122*8 | J122: =$G122*8 | K122: =$G122*8 | L122: =$G122*16 | M122: =$G122*20 | N122: =Cfg_n12*H122+Cfg_n18*I122+Cfg_n20*J122+Cfg_n22*K122+Cfg_n36*L122+Cfg_n40*M122 | O122: =IFERROR(VLOOKUP($E122,LISTINO!$B:$G,6,FALSE),0) | P122: =$N122*$O122 | Q122: =IF($N122>0,"SI","")
A123: ='DISTINTA COMPLETA'!A123 | B123: ='DISTINTA COMPLETA'!B123 | C123: ='DISTINTA COMPLETA'!D123 | D123: ='DISTINTA COMPLETA'!E123 | E123: ='DISTINTA COMPLETA'!D123 | F123: GIUNZ | G123: =IF(Cfg_Struttura="Agrivoltaico",1,0) | H123: =$G123*16 | I123: =$G123*32 | J123: =$G123*32 | K123: =$G123*32 | L123: =$G123*64 | M123: =$G123*80 | N123: =Cfg_n12*H123+Cfg_n18*I123+Cfg_n20*J123+Cfg_n22*K123+Cfg_n36*L123+Cfg_n40*M123 | O123: =IFERROR(VLOOKUP($E123,LISTINO!$B:$G,6,FALSE),0) | P123: =$N123*$O123 | Q123: =IF($N123>0,"SI","")
A124: ='DISTINTA COMPLETA'!A124 | B124: ='DISTINTA COMPLETA'!B124 | C124: ='DISTINTA COMPLETA'!D124 | D124: ='DISTINTA COMPLETA'!E124 | E124: ='DISTINTA COMPLETA'!D124 | F124: GIUNZ | G124: =IF(Cfg_Struttura="Agrivoltaico",1,0) | H124: =$G124*16 | I124: =$G124*32 | J124: =$G124*32 | K124: =$G124*32 | L124: =$G124*64 | M124: =$G124*80 | N124: =Cfg_n12*H124+Cfg_n18*I124+Cfg_n20*J124+Cfg_n22*K124+Cfg_n36*L124+Cfg_n40*M124 | O124: =IFERROR(VLOOKUP($E124,LISTINO!$B:$G,6,FALSE),0) | P124: =$N124*$O124 | Q124: =IF($N124>0,"SI","")
A125: ='DISTINTA COMPLETA'!A125 | B125: ='DISTINTA COMPLETA'!B125 | C125: ='DISTINTA COMPLETA'!D125 | D125: ='DISTINTA COMPLETA'!E125 | E125: ='DISTINTA COMPLETA'!D125 | F125: GIUNZ | G125: =IF(Cfg_Struttura="Agrivoltaico",1,0) | H125: =$G125*16 | I125: =$G125*32 | J125: =$G125*32 | K125: =$G125*32 | L125: =$G125*64 | M125: =$G125*80 | N125: =Cfg_n12*H125+Cfg_n18*I125+Cfg_n20*J125+Cfg_n22*K125+Cfg_n36*L125+Cfg_n40*M125 | O125: =IFERROR(VLOOKUP($E125,LISTINO!$B:$G,6,FALSE),0) | P125: =$N125*$O125 | Q125: =IF($N125>0,"SI","")
A126: ='DISTINTA COMPLETA'!A126 | B126: ='DISTINTA COMPLETA'!B126 | C126: ='DISTINTA COMPLETA'!D126 | D126: ='DISTINTA COMPLETA'!E126 | E126: ='DISTINTA COMPLETA'!D126 | F126: GIUNZ | G126: =IF(Cfg_Struttura="Agrivoltaico",1,0) | H126: =$G126*16 | I126: =$G126*32 | J126: =$G126*32 | K126: =$G126*32 | L126: =$G126*64 | M126: =$G126*80 | N126: =Cfg_n12*H126+Cfg_n18*I126+Cfg_n20*J126+Cfg_n22*K126+Cfg_n36*L126+Cfg_n40*M126 | O126: =IFERROR(VLOOKUP($E126,LISTINO!$B:$G,6,FALSE),0) | P126: =$N126*$O126 | Q126: =IF($N126>0,"SI","")
A127: ='DISTINTA COMPLETA'!A127 | B127: ='DISTINTA COMPLETA'!B127 | C127: ='DISTINTA COMPLETA'!D127 | D127: ='DISTINTA COMPLETA'!E127 | E127: ='DISTINTA COMPLETA'!D127 | F127: GIUNZ | G127: =IF(Cfg_Struttura="Agrivoltaico",1,0) | H127: =$G127*4 | I127: =$G127*8 | J127: =$G127*8 | K127: =$G127*8 | L127: =$G127*16 | M127: =$G127*20 | N127: =Cfg_n12*H127+Cfg_n18*I127+Cfg_n20*J127+Cfg_n22*K127+Cfg_n36*L127+Cfg_n40*M127 | O127: =IFERROR(VLOOKUP($E127,LISTINO!$B:$G,6,FALSE),0) | P127: =$N127*$O127 | Q127: =IF($N127>0,"SI","")
A128: ='DISTINTA COMPLETA'!A128 | B128: ='DISTINTA COMPLETA'!B128 | C128: ='DISTINTA COMPLETA'!D128 | D128: ='DISTINTA COMPLETA'!E128 | E128: ='DISTINTA COMPLETA'!D128 | F128: GIUNZ | G128: =IF(Cfg_Struttura="Agrivoltaico",1,0) | H128: =$G128*8 | I128: =$G128*16 | J128: =$G128*16 | K128: =$G128*16 | L128: =$G128*32 | M128: =$G128*40 | N128: =Cfg_n12*H128+Cfg_n18*I128+Cfg_n20*J128+Cfg_n22*K128+Cfg_n36*L128+Cfg_n40*M128 | O128: =IFERROR(VLOOKUP($E128,LISTINO!$B:$G,6,FALSE),0) | P128: =$N128*$O128 | Q128: =IF($N128>0,"SI","")
A129: ='DISTINTA COMPLETA'!A129 | B129: ='DISTINTA COMPLETA'!B129 | C129: ='DISTINTA COMPLETA'!D129 | D129: ='DISTINTA COMPLETA'!E129 | E129: ='DISTINTA COMPLETA'!D129 | F129: GIUNZ | G129: =IF(Cfg_Struttura="Agrivoltaico",1,0) | H129: =$G129*48 | I129: =$G129*96 | J129: =$G129*96 | K129: =$G129*96 | L129: =$G129*192 | M129: =$G129*240 | N129: =Cfg_n12*H129+Cfg_n18*I129+Cfg_n20*J129+Cfg_n22*K129+Cfg_n36*L129+Cfg_n40*M129 | O129: =IFERROR(VLOOKUP($E129,LISTINO!$B:$G,6,FALSE),0) | P129: =$N129*$O129 | Q129: =IF($N129>0,"SI","")
A130: ='DISTINTA COMPLETA'!A130 | B130: ='DISTINTA COMPLETA'!B130 | C130: ='DISTINTA COMPLETA'!D130 | D130: ='DISTINTA COMPLETA'!E130 | E130: ='DISTINTA COMPLETA'!D130 | F130: GIUNZ | G130: =IF(Cfg_Struttura="Agrivoltaico",1,0) | H130: =$G130*48 | I130: =$G130*96 | J130: =$G130*96 | K130: =$G130*96 | L130: =$G130*192 | M130: =$G130*240 | N130: =Cfg_n12*H130+Cfg_n18*I130+Cfg_n20*J130+Cfg_n22*K130+Cfg_n36*L130+Cfg_n40*M130 | O130: =IFERROR(VLOOKUP($E130,LISTINO!$B:$G,6,FALSE),0) | P130: =$N130*$O130 | Q130: =IF($N130>0,"SI","")
A131: ='DISTINTA COMPLETA'!A131 | B131: ='DISTINTA COMPLETA'!B131 | C131: ='DISTINTA COMPLETA'!D131 | D131: ='DISTINTA COMPLETA'!E131 | E131: ='DISTINTA COMPLETA'!D131 | F131: GIUNZ | G131: =IF(Cfg_Struttura="Agrivoltaico",1,0) | H131: =$G131*48 | I131: =$G131*96 | J131: =$G131*96 | K131: =$G131*96 | L131: =$G131*192 | M131: =$G131*240 | N131: =Cfg_n12*H131+Cfg_n18*I131+Cfg_n20*J131+Cfg_n22*K131+Cfg_n36*L131+Cfg_n40*M131 | O131: =IFERROR(VLOOKUP($E131,LISTINO!$B:$G,6,FALSE),0) | P131: =$N131*$O131 | Q131: =IF($N131>0,"SI","")
A132: ='DISTINTA COMPLETA'!A132 | B132: ='DISTINTA COMPLETA'!B132 | C132: ='DISTINTA COMPLETA'!D132 | D132: ='DISTINTA COMPLETA'!E132 | E132: ='DISTINTA COMPLETA'!D132 | F132: GIUNZ | G132: =IF(Cfg_Struttura="Agrivoltaico",1,0) | H132: =$G132*48 | I132: =$G132*96 | J132: =$G132*96 | K132: =$G132*96 | L132: =$G132*192 | M132: =$G132*240 | N132: =Cfg_n12*H132+Cfg_n18*I132+Cfg_n20*J132+Cfg_n22*K132+Cfg_n36*L132+Cfg_n40*M132 | O132: =IFERROR(VLOOKUP($E132,LISTINO!$B:$G,6,FALSE),0) | P132: =$N132*$O132 | Q132: =IF($N132>0,"SI","")
A133: ='DISTINTA COMPLETA'!A133 | B133: ='DISTINTA COMPLETA'!B133 | C133: ='DISTINTA COMPLETA'!D133 | D133: ='DISTINTA COMPLETA'!E133 | E133: ='DISTINTA COMPLETA'!D133 | F133: - | G133: =1 | H133: =$G133*4 | I133: =$G133*8 | J133: =$G133*8 | K133: =$G133*8 | L133: =$G133*16 | M133: =$G133*20 | N133: =Cfg_n12*H133+Cfg_n18*I133+Cfg_n20*J133+Cfg_n22*K133+Cfg_n36*L133+Cfg_n40*M133 | O133: =IFERROR(VLOOKUP($E133,LISTINO!$B:$G,6,FALSE),0) | P133: =$N133*$O133 | Q133: =IF($N133>0,"SI","")
A134: ='DISTINTA COMPLETA'!A134 | B134: ='DISTINTA COMPLETA'!B134 | C134: ='DISTINTA COMPLETA'!D134 | D134: ='DISTINTA COMPLETA'!E134 | E134: ='DISTINTA COMPLETA'!D134 | F134: - | G134: =1 | H134: =$G134*2 | I134: =$G134*4 | J134: =$G134*4 | K134: =$G134*4 | L134: =$G134*8 | M134: =$G134*10 | N134: =Cfg_n12*H134+Cfg_n18*I134+Cfg_n20*J134+Cfg_n22*K134+Cfg_n36*L134+Cfg_n40*M134 | O134: =IFERROR(VLOOKUP($E134,LISTINO!$B:$G,6,FALSE),0) | P134: =$N134*$O134 | Q134: =IF($N134>0,"SI","")
A135: ='DISTINTA COMPLETA'!A135 | B135: ='DISTINTA COMPLETA'!B135 | C135: ='DISTINTA COMPLETA'!D135 | D135: ='DISTINTA COMPLETA'!E135 | E135: ='DISTINTA COMPLETA'!D135 | F135: - | G135: =1 | H135: =$G135*8 | I135: =$G135*16 | J135: =$G135*16 | K135: =$G135*16 | L135: =$G135*32 | M135: =$G135*40 | N135: =Cfg_n12*H135+Cfg_n18*I135+Cfg_n20*J135+Cfg_n22*K135+Cfg_n36*L135+Cfg_n40*M135 | O135: =IFERROR(VLOOKUP($E135,LISTINO!$B:$G,6,FALSE),0) | P135: =$N135*$O135 | Q135: =IF($N135>0,"SI","")
A136: ='DISTINTA COMPLETA'!A136 | B136: ='DISTINTA COMPLETA'!B136 | C136: ='DISTINTA COMPLETA'!D136 | D136: ='DISTINTA COMPLETA'!E136 | E136: ='DISTINTA COMPLETA'!D136 | F136: - | G136: =1 | H136: =$G136*8 | I136: =$G136*16 | J136: =$G136*16 | K136: =$G136*16 | L136: =$G136*32 | M136: =$G136*40 | N136: =Cfg_n12*H136+Cfg_n18*I136+Cfg_n20*J136+Cfg_n22*K136+Cfg_n36*L136+Cfg_n40*M136 | O136: =IFERROR(VLOOKUP($E136,LISTINO!$B:$G,6,FALSE),0) | P136: =$N136*$O136 | Q136: =IF($N136>0,"SI","")
A137: ='DISTINTA COMPLETA'!A137 | B137: ='DISTINTA COMPLETA'!B137 | C137: ='DISTINTA COMPLETA'!D137 | D137: ='DISTINTA COMPLETA'!E137 | E137: ='DISTINTA COMPLETA'!D137 | F137: - | G137: =1 | H137: =$G137*8 | I137: =$G137*16 | J137: =$G137*16 | K137: =$G137*16 | L137: =$G137*32 | M137: =$G137*40 | N137: =Cfg_n12*H137+Cfg_n18*I137+Cfg_n20*J137+Cfg_n22*K137+Cfg_n36*L137+Cfg_n40*M137 | O137: =IFERROR(VLOOKUP($E137,LISTINO!$B:$G,6,FALSE),0) | P137: =$N137*$O137 | Q137: =IF($N137>0,"SI","")
A138: ='DISTINTA COMPLETA'!A138 | B138: ='DISTINTA COMPLETA'!B138 | C138: ='DISTINTA COMPLETA'!D138 | D138: ='DISTINTA COMPLETA'!E138 | E138: ='DISTINTA COMPLETA'!D138 | F138: - | G138: =1 | H138: =$G138*8 | I138: =$G138*16 | J138: =$G138*16 | K138: =$G138*16 | L138: =$G138*32 | M138: =$G138*40 | N138: =Cfg_n12*H138+Cfg_n18*I138+Cfg_n20*J138+Cfg_n22*K138+Cfg_n36*L138+Cfg_n40*M138 | O138: =IFERROR(VLOOKUP($E138,LISTINO!$B:$G,6,FALSE),0) | P138: =$N138*$O138 | Q138: =IF($N138>0,"SI","")
A139: ='DISTINTA COMPLETA'!A139 | B139: ='DISTINTA COMPLETA'!B139 | C139: ='DISTINTA COMPLETA'!D139 | D139: ='DISTINTA COMPLETA'!E139 | E139: ='DISTINTA COMPLETA'!D139 | F139: - | G139: =1 | H139: =$G139*2 | I139: =$G139*4 | J139: =$G139*4 | K139: =$G139*4 | L139: =$G139*8 | M139: =$G139*10 | N139: =Cfg_n12*H139+Cfg_n18*I139+Cfg_n20*J139+Cfg_n22*K139+Cfg_n36*L139+Cfg_n40*M139 | O139: =IFERROR(VLOOKUP($E139,LISTINO!$B:$G,6,FALSE),0) | P139: =$N139*$O139 | Q139: =IF($N139>0,"SI","")
A140: ='DISTINTA COMPLETA'!A140 | B140: ='DISTINTA COMPLETA'!B140 | C140: ='DISTINTA COMPLETA'!D140 | D140: ='DISTINTA COMPLETA'!E140 | E140: ='DISTINTA COMPLETA'!D140 | F140: - | G140: =1 | H140: =$G140*4 | I140: =$G140*8 | J140: =$G140*8 | K140: =$G140*8 | L140: =$G140*16 | M140: =$G140*20 | N140: =Cfg_n12*H140+Cfg_n18*I140+Cfg_n20*J140+Cfg_n22*K140+Cfg_n36*L140+Cfg_n40*M140 | O140: =IFERROR(VLOOKUP($E140,LISTINO!$B:$G,6,FALSE),0) | P140: =$N140*$O140 | Q140: =IF($N140>0,"SI","")
A141: ='DISTINTA COMPLETA'!A141 | B141: ='DISTINTA COMPLETA'!B141 | C141: ='DISTINTA COMPLETA'!D141 | D141: ='DISTINTA COMPLETA'!E141 | E141: ='DISTINTA COMPLETA'!D141 | F141: - | G141: =1 | H141: =$G141*4 | I141: =$G141*8 | J141: =$G141*8 | K141: =$G141*8 | L141: =$G141*16 | M141: =$G141*20 | N141: =Cfg_n12*H141+Cfg_n18*I141+Cfg_n20*J141+Cfg_n22*K141+Cfg_n36*L141+Cfg_n40*M141 | O141: =IFERROR(VLOOKUP($E141,LISTINO!$B:$G,6,FALSE),0) | P141: =$N141*$O141 | Q141: =IF($N141>0,"SI","")
A142: ='DISTINTA COMPLETA'!A142 | B142: ='DISTINTA COMPLETA'!B142 | C142: ='DISTINTA COMPLETA'!D142 | D142: ='DISTINTA COMPLETA'!E142 | E142: ='DISTINTA COMPLETA'!D142 | F142: - | G142: =1 | H142: =$G142*4 | I142: =$G142*8 | J142: =$G142*8 | K142: =$G142*8 | L142: =$G142*16 | M142: =$G142*20 | N142: =Cfg_n12*H142+Cfg_n18*I142+Cfg_n20*J142+Cfg_n22*K142+Cfg_n36*L142+Cfg_n40*M142 | O142: =IFERROR(VLOOKUP($E142,LISTINO!$B:$G,6,FALSE),0) | P142: =$N142*$O142 | Q142: =IF($N142>0,"SI","")
A143: ='DISTINTA COMPLETA'!A143 | B143: ='DISTINTA COMPLETA'!B143 | C143: ='DISTINTA COMPLETA'!D143 | D143: ='DISTINTA COMPLETA'!E143 | E143: ='DISTINTA COMPLETA'!D143 | F143: - | G143: =1 | H143: =$G143*4 | I143: =$G143*8 | J143: =$G143*8 | K143: =$G143*8 | L143: =$G143*16 | M143: =$G143*20 | N143: =Cfg_n12*H143+Cfg_n18*I143+Cfg_n20*J143+Cfg_n22*K143+Cfg_n36*L143+Cfg_n40*M143 | O143: =IFERROR(VLOOKUP($E143,LISTINO!$B:$G,6,FALSE),0) | P143: =$N143*$O143 | Q143: =IF($N143>0,"SI","")
A144: ='DISTINTA COMPLETA'!A144 | B144: ='DISTINTA COMPLETA'!B144 | C144: ='DISTINTA COMPLETA'!D144 | D144: ='DISTINTA COMPLETA'!E144 | E144: =IF(Cfg_SpAsse="2,5 mm","TTS.AR.001.8250.25","TTS.AR.001.8250") | F144: ASSE_PROF | G144: =1 | H144: =$G144*2 | I144: =$G144*0 | J144: =$G144*0 | K144: =$G144*0 | L144: =$G144*0 | M144: =$G144*0 | N144: =Cfg_n12*H144+Cfg_n18*I144+Cfg_n20*J144+Cfg_n22*K144+Cfg_n36*L144+Cfg_n40*M144 | O144: =IFERROR(VLOOKUP($E144,LISTINO!$B:$G,6,FALSE),0) | P144: =$N144*$O144 | Q144: =IF($N144>0,"SI","")
A145: ='DISTINTA COMPLETA'!A145 | B145: ='DISTINTA COMPLETA'!B145 | C145: ='DISTINTA COMPLETA'!D145 | D145: ='DISTINTA COMPLETA'!E145 | E145: ='DISTINTA COMPLETA'!D145 | F145: SKIP | G145: =0 | H145: =$G145*0 | I145: =$G145*0 | J145: =$G145*0 | K145: =$G145*0 | L145: =$G145*0 | M145: =$G145*0 | N145: =Cfg_n12*H145+Cfg_n18*I145+Cfg_n20*J145+Cfg_n22*K145+Cfg_n36*L145+Cfg_n40*M145 | O145: =IFERROR(VLOOKUP($E145,LISTINO!$B:$G,6,FALSE),0) | P145: =$N145*$O145 | Q145: =IF($N145>0,"SI","")
A146: ='DISTINTA COMPLETA'!A146 | B146: ='DISTINTA COMPLETA'!B146 | C146: ='DISTINTA COMPLETA'!D146 | D146: ='DISTINTA COMPLETA'!E146 | E146: =IF(Cfg_SpAsse="2,5 mm","TTS.AR.001.7200.25","TTS.AR.001.7200") | F146: ASSE_PROF | G146: =1 | H146: =$G146*0 | I146: =$G146*2 | J146: =$G146*0 | K146: =$G146*0 | L146: =$G146*0 | M146: =$G146*0 | N146: =Cfg_n12*H146+Cfg_n18*I146+Cfg_n20*J146+Cfg_n22*K146+Cfg_n36*L146+Cfg_n40*M146 | O146: =IFERROR(VLOOKUP($E146,LISTINO!$B:$G,6,FALSE),0) | P146: =$N146*$O146 | Q146: =IF($N146>0,"SI","")
A147: ='DISTINTA COMPLETA'!A147 | B147: ='DISTINTA COMPLETA'!B147 | C147: ='DISTINTA COMPLETA'!D147 | D147: ='DISTINTA COMPLETA'!E147 | E147: ='DISTINTA COMPLETA'!D147 | F147: SKIP | G147: =0 | H147: =$G147*0 | I147: =$G147*0 | J147: =$G147*0 | K147: =$G147*0 | L147: =$G147*0 | M147: =$G147*0 | N147: =Cfg_n12*H147+Cfg_n18*I147+Cfg_n20*J147+Cfg_n22*K147+Cfg_n36*L147+Cfg_n40*M147 | O147: =IFERROR(VLOOKUP($E147,LISTINO!$B:$G,6,FALSE),0) | P147: =$N147*$O147 | Q147: =IF($N147>0,"SI","")
A148: ='DISTINTA COMPLETA'!A148 | B148: ='DISTINTA COMPLETA'!B148 | C148: ='DISTINTA COMPLETA'!D148 | D148: ='DISTINTA COMPLETA'!E148 | E148: =IF(Cfg_SpAsse="2,5 mm","TTS.AR.002.5000.25","TTS.AR.002.5000") | F148: ASSE_PROF | G148: =1 | H148: =$G148*0 | I148: =$G148*2 | J148: =$G148*0 | K148: =$G148*0 | L148: =$G148*0 | M148: =$G148*0 | N148: =Cfg_n12*H148+Cfg_n18*I148+Cfg_n20*J148+Cfg_n22*K148+Cfg_n36*L148+Cfg_n40*M148 | O148: =IFERROR(VLOOKUP($E148,LISTINO!$B:$G,6,FALSE),0) | P148: =$N148*$O148 | Q148: =IF($N148>0,"SI","")
A149: ='DISTINTA COMPLETA'!A149 | B149: ='DISTINTA COMPLETA'!B149 | C149: ='DISTINTA COMPLETA'!D149 | D149: ='DISTINTA COMPLETA'!E149 | E149: ='DISTINTA COMPLETA'!D149 | F149: SKIP | G149: =0 | H149: =$G149*0 | I149: =$G149*0 | J149: =$G149*0 | K149: =$G149*0 | L149: =$G149*0 | M149: =$G149*0 | N149: =Cfg_n12*H149+Cfg_n18*I149+Cfg_n20*J149+Cfg_n22*K149+Cfg_n36*L149+Cfg_n40*M149 | O149: =IFERROR(VLOOKUP($E149,LISTINO!$B:$G,6,FALSE),0) | P149: =$N149*$O149 | Q149: =IF($N149>0,"SI","")
A150: ='DISTINTA COMPLETA'!A150 | B150: ='DISTINTA COMPLETA'!B150 | C150: ='DISTINTA COMPLETA'!D150 | D150: ='DISTINTA COMPLETA'!E150 | E150: ='DISTINTA COMPLETA'!D150 | F150: - | G150: =1 | H150: =$G150*0 | I150: =$G150*4 | J150: =$G150*0 | K150: =$G150*0 | L150: =$G150*0 | M150: =$G150*0 | N150: =Cfg_n12*H150+Cfg_n18*I150+Cfg_n20*J150+Cfg_n22*K150+Cfg_n36*L150+Cfg_n40*M150 | O150: =IFERROR(VLOOKUP($E150,LISTINO!$B:$G,6,FALSE),0) | P150: =$N150*$O150 | Q150: =IF($N150>0,"SI","")
A151: ='DISTINTA COMPLETA'!A151 | B151: ='DISTINTA COMPLETA'!B151 | C151: ='DISTINTA COMPLETA'!D151 | D151: ='DISTINTA COMPLETA'!E151 | E151: ='DISTINTA COMPLETA'!D151 | F151: - | G151: =1 | H151: =$G151*0 | I151: =$G151*4 | J151: =$G151*0 | K151: =$G151*0 | L151: =$G151*0 | M151: =$G151*0 | N151: =Cfg_n12*H151+Cfg_n18*I151+Cfg_n20*J151+Cfg_n22*K151+Cfg_n36*L151+Cfg_n40*M151 | O151: =IFERROR(VLOOKUP($E151,LISTINO!$B:$G,6,FALSE),0) | P151: =$N151*$O151 | Q151: =IF($N151>0,"SI","")
A152: ='DISTINTA COMPLETA'!A152 | B152: ='DISTINTA COMPLETA'!B152 | C152: ='DISTINTA COMPLETA'!D152 | D152: ='DISTINTA COMPLETA'!E152 | E152: ='DISTINTA COMPLETA'!D152 | F152: - | G152: =1 | H152: =$G152*0 | I152: =$G152*4 | J152: =$G152*0 | K152: =$G152*0 | L152: =$G152*0 | M152: =$G152*0 | N152: =Cfg_n12*H152+Cfg_n18*I152+Cfg_n20*J152+Cfg_n22*K152+Cfg_n36*L152+Cfg_n40*M152 | O152: =IFERROR(VLOOKUP($E152,LISTINO!$B:$G,6,FALSE),0) | P152: =$N152*$O152 | Q152: =IF($N152>0,"SI","")
A153: ='DISTINTA COMPLETA'!A153 | B153: ='DISTINTA COMPLETA'!B153 | C153: ='DISTINTA COMPLETA'!D153 | D153: ='DISTINTA COMPLETA'!E153 | E153: ='DISTINTA COMPLETA'!D153 | F153: - | G153: =1 | H153: =$G153*0 | I153: =$G153*4 | J153: =$G153*0 | K153: =$G153*0 | L153: =$G153*0 | M153: =$G153*0 | N153: =Cfg_n12*H153+Cfg_n18*I153+Cfg_n20*J153+Cfg_n22*K153+Cfg_n36*L153+Cfg_n40*M153 | O153: =IFERROR(VLOOKUP($E153,LISTINO!$B:$G,6,FALSE),0) | P153: =$N153*$O153 | Q153: =IF($N153>0,"SI","")
A154: ='DISTINTA COMPLETA'!A154 | B154: ='DISTINTA COMPLETA'!B154 | C154: ='DISTINTA COMPLETA'!D154 | D154: ='DISTINTA COMPLETA'!E154 | E154: ='DISTINTA COMPLETA'!D154 | F154: - | G154: =1 | H154: =$G154*0 | I154: =$G154*4 | J154: =$G154*0 | K154: =$G154*0 | L154: =$G154*0 | M154: =$G154*0 | N154: =Cfg_n12*H154+Cfg_n18*I154+Cfg_n20*J154+Cfg_n22*K154+Cfg_n36*L154+Cfg_n40*M154 | O154: =IFERROR(VLOOKUP($E154,LISTINO!$B:$G,6,FALSE),0) | P154: =$N154*$O154 | Q154: =IF($N154>0,"SI","")
A155: ='DISTINTA COMPLETA'!A155 | B155: ='DISTINTA COMPLETA'!B155 | C155: ='DISTINTA COMPLETA'!D155 | D155: ='DISTINTA COMPLETA'!E155 | E155: ='DISTINTA COMPLETA'!D155 | F155: - | G155: =1 | H155: =$G155*0 | I155: =$G155*16 | J155: =$G155*0 | K155: =$G155*0 | L155: =$G155*0 | M155: =$G155*0 | N155: =Cfg_n12*H155+Cfg_n18*I155+Cfg_n20*J155+Cfg_n22*K155+Cfg_n36*L155+Cfg_n40*M155 | O155: =IFERROR(VLOOKUP($E155,LISTINO!$B:$G,6,FALSE),0) | P155: =$N155*$O155 | Q155: =IF($N155>0,"SI","")
A156: ='DISTINTA COMPLETA'!A156 | B156: ='DISTINTA COMPLETA'!B156 | C156: ='DISTINTA COMPLETA'!D156 | D156: ='DISTINTA COMPLETA'!E156 | E156: ='DISTINTA COMPLETA'!D156 | F156: - | G156: =1 | H156: =$G156*0 | I156: =$G156*16 | J156: =$G156*0 | K156: =$G156*0 | L156: =$G156*0 | M156: =$G156*0 | N156: =Cfg_n12*H156+Cfg_n18*I156+Cfg_n20*J156+Cfg_n22*K156+Cfg_n36*L156+Cfg_n40*M156 | O156: =IFERROR(VLOOKUP($E156,LISTINO!$B:$G,6,FALSE),0) | P156: =$N156*$O156 | Q156: =IF($N156>0,"SI","")
...

Sheet SCHEDA STRUTTURA
A1: SCHEDA STRUTTURA — parametri peso e costo di acquisto/zincatura (compilare kg/m, % zincatura, €/kg acquisto e €/kg zincatura)
A2: Blocco 'Profili': travi IPE/IPEA, assi di rotazione, omega, staffe supporto pannello (supporto a L/V, gaffa) e gaffa giunzione asse con peso al metro, % zincatura, €/kg acquisto e €/kg zincatura. Peso elemento (kg) include la maggiorazione zincatura; Costo acquisto (€) = peso al netto × €/kg acquisto (indipendente dalla zincatura); Costo zincatura (€) = peso al netto × (1 + magg. %) × €/kg zincatura, solo se la maggiorazione è presente. I pezzi 'a pezzo' (piastre di giunzione, supporti, angolari, pali MAX, aste) sono nel foglio 'SCHEDA PEZZI SPECIALI'. L'omega supporto pannello e le sue staffe (supporto a L/V, gaffa) sono in fondo all'Elenco qui sotto, con profilo dedicato nel blocco 'Profili'.
A4: Profilo | B4: Peso teorico (kg/m) | C4: Magg. zincatura % | D4: Peso finale (kg/m) | E4: Costo acquisto (€/kg) | F4: Costo zincatura (€/kg)
A5: IPE 140 | B5: 12.9 | C5: 0.025 | D5: =IF(ISNUMBER($B5),$B5*(1+IF(ISNUMBER($C5),$C5,0)),"") | E5: 0.95 | F5: 0.5
A6: IPEA 140 | B6: 10.9 | C6: 0.025 | D6: =IF(ISNUMBER($B6),$B6*(1+IF(ISNUMBER($C6),$C6,0)),"") | E6: 1.05 | F6: 0.5
A7: ASSE 120x120x3 | B7: 11.8 | C7: 0.025 | D7: =IF(ISNUMBER($B7),$B7*(1+IF(ISNUMBER($C7),$C7,0)),"") | E7: 1.25
A8: ASSE 120x120x2,5 | B8: 9.2 | C8: 0.025 | D8: =IF(ISNUMBER($B8),$B8*(1+IF(ISNUMBER($C8),$C8,0)),"") | E8: 1.25
A9: OMEGA 2,0 | B9: 3.9 | C9: 0.025 | D9: =IF(ISNUMBER($B9),$B9*(1+IF(ISNUMBER($C9),$C9,0)),"") | E9: 0.95
A10: OMEGA 1,8 | B10: 3.51 | C10: 0.025 | D10: =IF(ISNUMBER($B10),$B10*(1+IF(ISNUMBER($C10),$C10,0)),"") | E10: 0.95
A11: SUPPORTO L | B11: 1.36 | C11: 0.025 | D11: =IF(ISNUMBER($B11),$B11*(1+IF(ISNUMBER($C11),$C11,0)),"") | E11: 1.18
A12: SUPPORTO V | B12: 0.41 | C12: 0.025 | D12: =IF(ISNUMBER($B12),$B12*(1+IF(ISNUMBER($C12),$C12,0)),"") | E12: 1.1
A13: GAFFA | B13: 1.28 | C13: 0.025 | D13: =IF(ISNUMBER($B13),$B13*(1+IF(ISNUMBER($C13),$C13,0)),"") | E13: 0.85 | F13: 0.8
A14: GAFFA GIUNZIONE ASSE | B14: 5.07 | C14: 0.025 | D14: =IF(ISNUMBER($B14),$B14*(1+IF(ISNUMBER($C14),$C14,0)),"") | E14: 0.85 | F14: 0.8
A16: Codice | B16: Descrizione | C16: Profilo | D16: Lunghezza (m) | E16: Peso elemento (kg) | F16: Costo acquisto (€) | G16: Costo zincatura (€)
A17: TTS.PC.001.IPE140.23 | B17: Pilastro cuscinetto trave IPE 140 mt.2,30 | C17: IPE 140 | D17: 2.3 | E17: =IF(AND(ISNUMBER($D17),ISNUMBER(VLOOKUP($C17,$A$5:$F$14,4,FALSE))),$D17*VLOOKUP($C17,$A$5:$F$14,4,FALSE),"") | F17: =IF(AND(ISNUMBER($D17),ISNUMBER(VLOOKUP($C17,$A$5:$F$14,2,FALSE)),ISNUMBER(VLOOKUP($C17,$A$5:$F$14,5,FALSE))),$D17*VLOOKUP($C17,$A$5:$F$14,2,FALSE)*VLOOKUP($C17,$A$5:$F$14,5,FALSE),"") | G17: =IF(AND(ISNUMBER($D17),ISNUMBER(VLOOKUP($C17,$A$5:$F$14,2,FALSE)),ISNUMBER(VLOOKUP($C17,$A$5:$F$14,3,FALSE)),VLOOKUP($C17,$A$5:$F$14,3,FALSE)>0,ISNUMBER(VLOOKUP($C17,$A$5:$F$14,6,FALSE))),$D17*VLOOKUP($C17,$A$5:$F$14,2,FALSE)*(1+VLOOKUP($C17,$A$5:$F$14,3,FALSE))*VLOOKUP($C17,$A$5:$F$14,6,FALSE),"")
A18: TTS.PC.001.IPE140.23.FI | B18: Pilastro cuscinetto trave ipe140 x mt. 2,30 con foratura alloggiamento inverter | C18: IPE 140 | D18: 2.3 | E18: =IF(AND(ISNUMBER($D18),ISNUMBER(VLOOKUP($C18,$A$5:$F$14,4,FALSE))),$D18*VLOOKUP($C18,$A$5:$F$14,4,FALSE),"") | F18: =IF(AND(ISNUMBER($D18),ISNUMBER(VLOOKUP($C18,$A$5:$F$14,2,FALSE)),ISNUMBER(VLOOKUP($C18,$A$5:$F$14,5,FALSE))),$D18*VLOOKUP($C18,$A$5:$F$14,2,FALSE)*VLOOKUP($C18,$A$5:$F$14,5,FALSE),"") | G18: =IF(AND(ISNUMBER($D18),ISNUMBER(VLOOKUP($C18,$A$5:$F$14,2,FALSE)),ISNUMBER(VLOOKUP($C18,$A$5:$F$14,3,FALSE)),VLOOKUP($C18,$A$5:$F$14,3,FALSE)>0,ISNUMBER(VLOOKUP($C18,$A$5:$F$14,6,FALSE))),$D18*VLOOKUP($C18,$A$5:$F$14,2,FALSE)*(1+VLOOKUP($C18,$A$5:$F$14,3,FALSE))*VLOOKUP($C18,$A$5:$F$14,6,FALSE),"")
A19: TTS.PC.001.IPE140.23.FQA | B19: Pilastro cuscinetto trave ipe140 x mt. 2,30 con foratura alloggiamento quadro area | C19: IPE 140 | D19: 2.3 | E19: =IF(AND(ISNUMBER($D19),ISNUMBER(VLOOKUP($C19,$A$5:$F$14,4,FALSE))),$D19*VLOOKUP($C19,$A$5:$F$14,4,FALSE),"") | F19: =IF(AND(ISNUMBER($D19),ISNUMBER(VLOOKUP($C19,$A$5:$F$14,2,FALSE)),ISNUMBER(VLOOKUP($C19,$A$5:$F$14,5,FALSE))),$D19*VLOOKUP($C19,$A$5:$F$14,2,FALSE)*VLOOKUP($C19,$A$5:$F$14,5,FALSE),"") | G19: =IF(AND(ISNUMBER($D19),ISNUMBER(VLOOKUP($C19,$A$5:$F$14,2,FALSE)),ISNUMBER(VLOOKUP($C19,$A$5:$F$14,3,FALSE)),VLOOKUP($C19,$A$5:$F$14,3,FALSE)>0,ISNUMBER(VLOOKUP($C19,$A$5:$F$14,6,FALSE))),$D19*VLOOKUP($C19,$A$5:$F$14,2,FALSE)*(1+VLOOKUP($C19,$A$5:$F$14,3,FALSE))*VLOOKUP($C19,$A$5:$F$14,6,FALSE),"")
A20: TTS.PC.001.IPE140.28 | B20: Pilastro cuscinetto trave IPE 140 mt.2,80 | C20: IPE 140 | D20: 2.8 | E20: =IF(AND(ISNUMBER($D20),ISNUMBER(VLOOKUP($C20,$A$5:$F$14,4,FALSE))),$D20*VLOOKUP($C20,$A$5:$F$14,4,FALSE),"") | F20: =IF(AND(ISNUMBER($D20),ISNUMBER(VLOOKUP($C20,$A$5:$F$14,2,FALSE)),ISNUMBER(VLOOKUP($C20,$A$5:$F$14,5,FALSE))),$D20*VLOOKUP($C20,$A$5:$F$14,2,FALSE)*VLOOKUP($C20,$A$5:$F$14,5,FALSE),"") | G20: =IF(AND(ISNUMBER($D20),ISNUMBER(VLOOKUP($C20,$A$5:$F$14,2,FALSE)),ISNUMBER(VLOOKUP($C20,$A$5:$F$14,3,FALSE)),VLOOKUP($C20,$A$5:$F$14,3,FALSE)>0,ISNUMBER(VLOOKUP($C20,$A$5:$F$14,6,FALSE))),$D20*VLOOKUP($C20,$A$5:$F$14,2,FALSE)*(1+VLOOKUP($C20,$A$5:$F$14,3,FALSE))*VLOOKUP($C20,$A$5:$F$14,6,FALSE),"")
A21: TTS.PC.001.IPE140.29 | B21: Pilastro cuscinetto trave IPE 140 mt.2,90 | C21: IPE 140 | D21: 2.9 | E21: =IF(AND(ISNUMBER($D21),ISNUMBER(VLOOKUP($C21,$A$5:$F$14,4,FALSE))),$D21*VLOOKUP($C21,$A$5:$F$14,4,FALSE),"") | F21: =IF(AND(ISNUMBER($D21),ISNUMBER(VLOOKUP($C21,$A$5:$F$14,2,FALSE)),ISNUMBER(VLOOKUP($C21,$A$5:$F$14,5,FALSE))),$D21*VLOOKUP($C21,$A$5:$F$14,2,FALSE)*VLOOKUP($C21,$A$5:$F$14,5,FALSE),"") | G21: =IF(AND(ISNUMBER($D21),ISNUMBER(VLOOKUP($C21,$A$5:$F$14,2,FALSE)),ISNUMBER(VLOOKUP($C21,$A$5:$F$14,3,FALSE)),VLOOKUP($C21,$A$5:$F$14,3,FALSE)>0,ISNUMBER(VLOOKUP($C21,$A$5:$F$14,6,FALSE))),$D21*VLOOKUP($C21,$A$5:$F$14,2,FALSE)*(1+VLOOKUP($C21,$A$5:$F$14,3,FALSE))*VLOOKUP($C21,$A$5:$F$14,6,FALSE),"")
A22: TTS.PC.001.IPE140.30 | B22: Pilastro cuscinetto trave IPE 140 mt.3,00 | C22: IPE 140 | D22: 3 | E22: =IF(AND(ISNUMBER($D22),ISNUMBER(VLOOKUP($C22,$A$5:$F$14,4,FALSE))),$D22*VLOOKUP($C22,$A$5:$F$14,4,FALSE),"") | F22: =IF(AND(ISNUMBER($D22),ISNUMBER(VLOOKUP($C22,$A$5:$F$14,2,FALSE)),ISNUMBER(VLOOKUP($C22,$A$5:$F$14,5,FALSE))),$D22*VLOOKUP($C22,$A$5:$F$14,2,FALSE)*VLOOKUP($C22,$A$5:$F$14,5,FALSE),"") | G22: =IF(AND(ISNUMBER($D22),ISNUMBER(VLOOKUP($C22,$A$5:$F$14,2,FALSE)),ISNUMBER(VLOOKUP($C22,$A$5:$F$14,3,FALSE)),VLOOKUP($C22,$A$5:$F$14,3,FALSE)>0,ISNUMBER(VLOOKUP($C22,$A$5:$F$14,6,FALSE))),$D22*VLOOKUP($C22,$A$5:$F$14,2,FALSE)*(1+VLOOKUP($C22,$A$5:$F$14,3,FALSE))*VLOOKUP($C22,$A$5:$F$14,6,FALSE),"")
A23: TTS.PC.001.IPE140.31 | B23: Pilastro cuscinetto trave IPE 140 mt.3,10 | C23: IPE 140 | D23: 3.1 | E23: =IF(AND(ISNUMBER($D23),ISNUMBER(VLOOKUP($C23,$A$5:$F$14,4,FALSE))),$D23*VLOOKUP($C23,$A$5:$F$14,4,FALSE),"") | F23: =IF(AND(ISNUMBER($D23),ISNUMBER(VLOOKUP($C23,$A$5:$F$14,2,FALSE)),ISNUMBER(VLOOKUP($C23,$A$5:$F$14,5,FALSE))),$D23*VLOOKUP($C23,$A$5:$F$14,2,FALSE)*VLOOKUP($C23,$A$5:$F$14,5,FALSE),"") | G23: =IF(AND(ISNUMBER($D23),ISNUMBER(VLOOKUP($C23,$A$5:$F$14,2,FALSE)),ISNUMBER(VLOOKUP($C23,$A$5:$F$14,3,FALSE)),VLOOKUP($C23,$A$5:$F$14,3,FALSE)>0,ISNUMBER(VLOOKUP($C23,$A$5:$F$14,6,FALSE))),$D23*VLOOKUP($C23,$A$5:$F$14,2,FALSE)*(1+VLOOKUP($C23,$A$5:$F$14,3,FALSE))*VLOOKUP($C23,$A$5:$F$14,6,FALSE),"")
A24: TTS.PC.001.IPE140.32 | B24: Pilastro cuscinetto trave IPE 140 mt.3,20 | C24: IPE 140 | D24: 3.2 | E24: =IF(AND(ISNUMBER($D24),ISNUMBER(VLOOKUP($C24,$A$5:$F$14,4,FALSE))),$D24*VLOOKUP($C24,$A$5:$F$14,4,FALSE),"") | F24: =IF(AND(ISNUMBER($D24),ISNUMBER(VLOOKUP($C24,$A$5:$F$14,2,FALSE)),ISNUMBER(VLOOKUP($C24,$A$5:$F$14,5,FALSE))),$D24*VLOOKUP($C24,$A$5:$F$14,2,FALSE)*VLOOKUP($C24,$A$5:$F$14,5,FALSE),"") | G24: =IF(AND(ISNUMBER($D24),ISNUMBER(VLOOKUP($C24,$A$5:$F$14,2,FALSE)),ISNUMBER(VLOOKUP($C24,$A$5:$F$14,3,FALSE)),VLOOKUP($C24,$A$5:$F$14,3,FALSE)>0,ISNUMBER(VLOOKUP($C24,$A$5:$F$14,6,FALSE))),$D24*VLOOKUP($C24,$A$5:$F$14,2,FALSE)*(1+VLOOKUP($C24,$A$5:$F$14,3,FALSE))*VLOOKUP($C24,$A$5:$F$14,6,FALSE),"")
A25: TTS.PC.001.IPE140.33 | B25: Pilastro cuscinetto trave IPE 140 mt.3,30 | C25: IPE 140 | D25: 3.3 | E25: =IF(AND(ISNUMBER($D25),ISNUMBER(VLOOKUP($C25,$A$5:$F$14,4,FALSE))),$D25*VLOOKUP($C25,$A$5:$F$14,4,FALSE),"") | F25: =IF(AND(ISNUMBER($D25),ISNUMBER(VLOOKUP($C25,$A$5:$F$14,2,FALSE)),ISNUMBER(VLOOKUP($C25,$A$5:$F$14,5,FALSE))),$D25*VLOOKUP($C25,$A$5:$F$14,2,FALSE)*VLOOKUP($C25,$A$5:$F$14,5,FALSE),"") | G25: =IF(AND(ISNUMBER($D25),ISNUMBER(VLOOKUP($C25,$A$5:$F$14,2,FALSE)),ISNUMBER(VLOOKUP($C25,$A$5:$F$14,3,FALSE)),VLOOKUP($C25,$A$5:$F$14,3,FALSE)>0,ISNUMBER(VLOOKUP($C25,$A$5:$F$14,6,FALSE))),$D25*VLOOKUP($C25,$A$5:$F$14,2,FALSE)*(1+VLOOKUP($C25,$A$5:$F$14,3,FALSE))*VLOOKUP($C25,$A$5:$F$14,6,FALSE),"")
A26: TTS.PC.001.IPE140.34 | B26: Pilastro cuscinetto trave IPE 140 mt.3,40 | C26: IPE 140 | D26: 3.4 | E26: =IF(AND(ISNUMBER($D26),ISNUMBER(VLOOKUP($C26,$A$5:$F$14,4,FALSE))),$D26*VLOOKUP($C26,$A$5:$F$14,4,FALSE),"") | F26: =IF(AND(ISNUMBER($D26),ISNUMBER(VLOOKUP($C26,$A$5:$F$14,2,FALSE)),ISNUMBER(VLOOKUP($C26,$A$5:$F$14,5,FALSE))),$D26*VLOOKUP($C26,$A$5:$F$14,2,FALSE)*VLOOKUP($C26,$A$5:$F$14,5,FALSE),"") | G26: =IF(AND(ISNUMBER($D26),ISNUMBER(VLOOKUP($C26,$A$5:$F$14,2,FALSE)),ISNUMBER(VLOOKUP($C26,$A$5:$F$14,3,FALSE)),VLOOKUP($C26,$A$5:$F$14,3,FALSE)>0,ISNUMBER(VLOOKUP($C26,$A$5:$F$14,6,FALSE))),$D26*VLOOKUP($C26,$A$5:$F$14,2,FALSE)*(1+VLOOKUP($C26,$A$5:$F$14,3,FALSE))*VLOOKUP($C26,$A$5:$F$14,6,FALSE),"")
A27: TTS.PC.001.IPE140.35 | B27: Pilastro cuscinetto trave IPE 140 mt.3,50 | C27: IPE 140 | D27: 3.5 | E27: =IF(AND(ISNUMBER($D27),ISNUMBER(VLOOKUP($C27,$A$5:$F$14,4,FALSE))),$D27*VLOOKUP($C27,$A$5:$F$14,4,FALSE),"") | F27: =IF(AND(ISNUMBER($D27),ISNUMBER(VLOOKUP($C27,$A$5:$F$14,2,FALSE)),ISNUMBER(VLOOKUP($C27,$A$5:$F$14,5,FALSE))),$D27*VLOOKUP($C27,$A$5:$F$14,2,FALSE)*VLOOKUP($C27,$A$5:$F$14,5,FALSE),"") | G27: =IF(AND(ISNUMBER($D27),ISNUMBER(VLOOKUP($C27,$A$5:$F$14,2,FALSE)),ISNUMBER(VLOOKUP($C27,$A$5:$F$14,3,FALSE)),VLOOKUP($C27,$A$5:$F$14,3,FALSE)>0,ISNUMBER(VLOOKUP($C27,$A$5:$F$14,6,FALSE))),$D27*VLOOKUP($C27,$A$5:$F$14,2,FALSE)*(1+VLOOKUP($C27,$A$5:$F$14,3,FALSE))*VLOOKUP($C27,$A$5:$F$14,6,FALSE),"")
A28: TTS.PC.001.IPE140.36 | B28: Pilastro cuscinetto trave IPE 140 mt.3,60 | C28: IPE 140 | D28: 3.6 | E28: =IF(AND(ISNUMBER($D28),ISNUMBER(VLOOKUP($C28,$A$5:$F$14,4,FALSE))),$D28*VLOOKUP($C28,$A$5:$F$14,4,FALSE),"") | F28: =IF(AND(ISNUMBER($D28),ISNUMBER(VLOOKUP($C28,$A$5:$F$14,2,FALSE)),ISNUMBER(VLOOKUP($C28,$A$5:$F$14,5,FALSE))),$D28*VLOOKUP($C28,$A$5:$F$14,2,FALSE)*VLOOKUP($C28,$A$5:$F$14,5,FALSE),"") | G28: =IF(AND(ISNUMBER($D28),ISNUMBER(VLOOKUP($C28,$A$5:$F$14,2,FALSE)),ISNUMBER(VLOOKUP($C28,$A$5:$F$14,3,FALSE)),VLOOKUP($C28,$A$5:$F$14,3,FALSE)>0,ISNUMBER(VLOOKUP($C28,$A$5:$F$14,6,FALSE))),$D28*VLOOKUP($C28,$A$5:$F$14,2,FALSE)*(1+VLOOKUP($C28,$A$5:$F$14,3,FALSE))*VLOOKUP($C28,$A$5:$F$14,6,FALSE),"")
... A147: TTS.AR.2011 | B147: Gaffa giunzione asse | C147: GAFFA GIUNZIONE ASSE | D147: 1 | E147: =IF(AND(ISNUMBER($D147),ISNUMBER(VLOOKUP($C147,$A$5:$F$14,4,FALSE))),$D147*VLOOKUP($C147,$A$5:$F$14,4,FALSE),"") | F147: =IF(AND(ISNUMBER($D147),ISNUMBER(VLOOKUP($C147,$A$5:$F$14,2,FALSE)),ISNUMBER(VLOOKUP($C147,$A$5:$F$14,5,FALSE))),$D147*VLOOKUP($C147,$A$5:$F$14,2,FALSE)*VLOOKUP($C147,$A$5:$F$14,5,FALSE),"") | G147: =IF(AND(ISNUMBER($D147),ISNUMBER(VLOOKUP($C147,$A$5:$F$14,2,FALSE)),ISNUMBER(VLOOKUP($C147,$A$5:$F$14,3,FALSE)),VLOOKUP($C147,$A$5:$F$14,3,FALSE)>0,ISNUMBER(VLOOKUP($C147,$A$5:$F$14,6,FALSE))),$D147*VLOOKUP($C147,$A$5:$F$14,2,FALSE)*(1+VLOOKUP($C147,$A$5:$F$14,3,FALSE))*VLOOKUP($C147,$A$5:$F$14,6,FALSE),"")

Sheet SCHEDA PEZZI SPECIALI
A1: SCHEDA PEZZI SPECIALI — parametri peso e costo di acquisto/zincatura dei pezzi 'a pezzo' di carpenteria metallica (piastre di giunzione, supporti, angolari, omega, pali MAX, aste sensori)
A2: Un rigo per voce nel blocco 'Parametri'. Compilare Peso pezzo (kg) al netto, % zincatura, €/kg acquisto e €/kg zincatura. Peso elemento (kg) include la maggiorazione zincatura; Costo acquisto (€) = peso al netto × €/kg acquisto (indipendente dalla zincatura); Costo zincatura (€) = peso al netto × (1 + magg. %) × €/kg zincatura, solo se la maggiorazione è presente. La Descrizione si compila qui nei Parametri; nell'Elenco è richiamata automaticamente. Il LISTINO pesca il 'Peso elemento' dal blocco 'Elenco'.
A4: PEZZI SPECIALI — parametri (compilare Descrizione, Peso pezzo, % zincatura e €/kg)
A5: Voce | B5: Descrizione | C5: Peso pezzo (kg) | D5: Magg. zincatura % | E5: Peso finale (kg) | F5: Costo acquisto (€/kg) | G5: Costo zincatura (€/kg)
A6: TTS.PF.002.IPE140 | B6: Piastra giunzione montanti centrali 200x100x4 (8 fori Ø 11) | C6: 0.624 | D6: 0.025 | E6: =IF(ISNUMBER($C6),$C6*(1+IF(ISNUMBER($D6),$D6,0)),"") | F6: 0.85 | G6: 0.85
A7: TTS.PF.003.IPE140 | B7: Piastra giunzione montanti esterna 240x70x6 (12 fori Ø 11) | C7: 0.7862 | D7: 0.025 | E7: =IF(ISNUMBER($C7),$C7*(1+IF(ISNUMBER($D7),$D7,0)),"") | F7: 0.85 | G7: 0.85
A8: TTS.PF.004.IPE140 | B8: Piastra giunzione montanti interna 240x25x6 (6 fori Ø 11) | C8: 0.2808 | D8: 0.025 | E8: =IF(ISNUMBER($C8),$C8*(1+IF(ISNUMBER($D8),$D8,0)),"") | F8: 0.85 | G8: 0.85
A9: TTS.AR.4011 | B9: Supporto superiore inclinometro | C9: 0.8424 | D9: 0 | E9: =IF(ISNUMBER($C9),$C9*(1+IF(ISNUMBER($D9),$D9,0)),"") | F9: 1.2
A10: TTS.AR.4012 | B10: Supporto inferiore inclinometro | C10: 2.9484 | D10: 0 | E10: =IF(ISNUMBER($C10),$C10*(1+IF(ISNUMBER($D10),$D10,0)),"") | F10: 1.2
A11: TTS.AR.5011 | B11: Piastra ad L supporto fine corsa | C11: 0.2184 | D11: 0.025 | E11: =IF(ISNUMBER($C11),$C11*(1+IF(ISNUMBER($D11),$D11,0)),"") | F11: 1.2
A12: TTS.AR.5012 | B12: Leva battente sensore fine corsa | C12: 0.6524 | D12: 0.025 | E12: =IF(ISNUMBER($C12),$C12*(1+IF(ISNUMBER($D12),$D12,0)),"") | F12: 1.2
A13: TTS.PC.002.IPE140 | B13: Supporto laterale testa cuscinetto | C13: 2.1528 | D13: 0.025 | E13: =IF(ISNUMBER($C13),$C13*(1+IF(ISNUMBER($D13),$D13,0)),"") | F13: 0.95 | G13: 0.9
A14: TTS.PC.003.IPE140 | B14: Supporto testa cuscinetto | C14: 2.7256 | D14: 0.025 | E14: =IF(ISNUMBER($C14),$C14*(1+IF(ISNUMBER($D14),$D14,0)),"") | F14: 0.95 | G14: 0.9
A15: TTS.PC.2011.1076 | B15: Angolare 40x40x4 lungo 1076 mm. supporto inferiore | C15: 2.685696 | D15: 0.025 | E15: =IF(ISNUMBER($C15),$C15*(1+IF(ISNUMBER($D15),$D15,0)),"") | F15: 1.2
A16: TTS.PC.2012.1076 | B16: Angolare 40x40x4 lungo1076 mm. supporto superiore | C16: 2.685696 | D16: 0.025 | E16: =IF(ISNUMBER($C16),$C16*(1+IF(ISNUMBER($D16),$D16,0)),"") | F16: 1.2
A17: TTS.PC.2013 | B17: Palo MAX lungo mt.2,040 | C17: 7.00128 | D17: 0.025 | E17: =IF(ISNUMBER($C17),$C17*(1+IF(ISNUMBER($D17),$D17,0)),"") | F17: 0.95
A18: TTS.PC.3011 | B18: Angolare 40x40x4 lungo 869 mm. superiore | C18: 2.169 | D18: 0.025 | E18: =IF(ISNUMBER($C18),$C18*(1+IF(ISNUMBER($D18),$D18,0)),"") | F18: 1.2
A19: TTS.PC.3012 | B19: Angolare 40x40x4 lungo 869 mm. inferiore | C19: 2.169 | D19: 0.025 | E19: =IF(ISNUMBER($C19),$C19*(1+IF(ISNUMBER($D19),$D19,0)),"") | F19: 1.2
A20: TTS.PC.3013 | B20: Palo MAX lungo mt.2,150 | C20: 7.3788 | D20: 0.025 | E20: =IF(ISNUMBER($C20),$C20*(1+IF(ISNUMBER($D20),$D20,0)),"") | F20: 0.95
A21: TTS.PM.002.IPE140 | B21: Supporto laterale testa riduttore | C21: 4.5708 | D21: 0.025 | E21: =IF(ISNUMBER($C21),$C21*(1+IF(ISNUMBER($D21),$D21,0)),"") | F21: 0.9 | G21: 0.9
A22: TTS.PM.003.IPE140 | B22: Testa riduttore pilastro motore | C22: 2.54 | D22: 0.025 | E22: =IF(ISNUMBER($C22),$C22*(1+IF(ISNUMBER($D22),$D22,0)),"") | F22: 0.9 | G22: 0.9
A23: TTS.PM.2011 | B23: Angolare 30x30x4 lungo 370 mm. superiore | C23: 0.5195 | D23: 0.025 | E23: =IF(ISNUMBER($C23),$C23*(1+IF(ISNUMBER($D23),$D23,0)),"") | F23: 1.2
A24: TTS.PM.2012 | B24: Angolare 30x30x4 lungo 370 mm. inferiore | C24: 0.5195 | D24: 0.025 | E24: =IF(ISNUMBER($C24),$C24*(1+IF(ISNUMBER($D24),$D24,0)),"") | F24: 1.2
A25: TTS.SM.001 | B25: Piatto 50X5X230 supporto sensori | C25: 0.451375 | D25: 0.025 | E25: =IF(ISNUMBER($C25),$C25*(1+IF(ISNUMBER($D25),$D25,0)),"") | F25: 1.2
A26: TTS.SM.002 | B26: Piatto 30X3X193 leva sensore temperatura pannello | C26: 0.136355 | D26: 0.025 | E26: =IF(ISNUMBER($C26),$C26*(1+IF(ISNUMBER($D26),$D26,0)),"") | F26: 1.2
A27: TTS.SM.003 | B27: Asta supporto anemometro | E27: =IF(ISNUMBER($C27),$C27*(1+IF(ISNUMBER($D27),$D27,0)),"")
A36: PEZZI SPECIALI — elenco (descrizione, peso e costi richiamati dai parametri qui sopra)
A37: Codice | B37: Descrizione | C37: Voce | D37: Peso elemento (kg) | E37: Costo acquisto (€) | F37: Costo zincatura (€)
A38: TTS.PF.002.IPE140 | B38: =IFERROR(VLOOKUP($C38,$A$6:$G$27,2,FALSE),"") | C38: TTS.PF.002.IPE140 | D38: =IF(ISNUMBER(VLOOKUP($C38,$A$6:$G$27,5,FALSE)),VLOOKUP($C38,$A$6:$G$27,5,FALSE),"") | E38: =IF(AND(ISNUMBER(VLOOKUP($C38,$A$6:$G$27,3,FALSE)),ISNUMBER(VLOOKUP($C38,$A$6:$G$27,6,FALSE))),VLOOKUP($C38,$A$6:$G$27,3,FALSE)*VLOOKUP($C38,$A$6:$G$27,6,FALSE),"") | F38: =IF(AND(ISNUMBER(VLOOKUP($C38,$A$6:$G$27,3,FALSE)),ISNUMBER(VLOOKUP($C38,$A$6:$G$27,4,FALSE)),VLOOKUP($C38,$A$6:$G$27,4,FALSE)>0,ISNUMBER(VLOOKUP($C38,$A$6:$G$27,7,FALSE))),VLOOKUP($C38,$A$6:$G$27,3,FALSE)*(1+VLOOKUP($C38,$A$6:$G$27,4,FALSE))*VLOOKUP($C38,$A$6:$G$27,7,FALSE),"")
A39: TTS.PF.003.IPE140 | B39: =IFERROR(VLOOKUP($C39,$A$6:$G$27,2,FALSE),"") | C39: TTS.PF.003.IPE140 | D39: =IF(ISNUMBER(VLOOKUP($C39,$A$6:$G$27,5,FALSE)),VLOOKUP($C39,$A$6:$G$27,5,FALSE),"") | E39: =IF(AND(ISNUMBER(VLOOKUP($C39,$A$6:$G$27,3,FALSE)),ISNUMBER(VLOOKUP($C39,$A$6:$G$27,6,FALSE))),VLOOKUP($C39,$A$6:$G$27,3,FALSE)*VLOOKUP($C39,$A$6:$G$27,6,FALSE),"") | F39: =IF(AND(ISNUMBER(VLOOKUP($C39,$A$6:$G$27,3,FALSE)),ISNUMBER(VLOOKUP($C39,$A$6:$G$27,4,FALSE)),VLOOKUP($C39,$A$6:$G$27,4,FALSE)>0,ISNUMBER(VLOOKUP($C39,$A$6:$G$27,7,FALSE))),VLOOKUP($C39,$A$6:$G$27,3,FALSE)*(1+VLOOKUP($C39,$A$6:$G$27,4,FALSE))*VLOOKUP($C39,$A$6:$G$27,7,FALSE),"")
A40: TTS.PF.004.IPE140 | B40: =IFERROR(VLOOKUP($C40,$A$6:$G$27,2,FALSE),"") | C40: TTS.PF.004.IPE140 | D40: =IF(ISNUMBER(VLOOKUP($C40,$A$6:$G$27,5,FALSE)),VLOOKUP($C40,$A$6:$G$27,5,FALSE),"") | E40: =IF(AND(ISNUMBER(VLOOKUP($C40,$A$6:$G$27,3,FALSE)),ISNUMBER(VLOOKUP($C40,$A$6:$G$27,6,FALSE))),VLOOKUP($C40,$A$6:$G$27,3,FALSE)*VLOOKUP($C40,$A$6:$G$27,6,FALSE),"") | F40: =IF(AND(ISNUMBER(VLOOKUP($C40,$A$6:$G$27,3,FALSE)),ISNUMBER(VLOOKUP($C40,$A$6:$G$27,4,FALSE)),VLOOKUP($C40,$A$6:$G$27,4,FALSE)>0,ISNUMBER(VLOOKUP($C40,$A$6:$G$27,7,FALSE))),VLOOKUP($C40,$A$6:$G$27,3,FALSE)*(1+VLOOKUP($C40,$A$6:$G$27,4,FALSE))*VLOOKUP($C40,$A$6:$G$27,7,FALSE),"")
A41: TTS.AR.4011 | B41: =IFERROR(VLOOKUP($C41,$A$6:$G$27,2,FALSE),"") | C41: TTS.AR.4011 | D41: =IF(ISNUMBER(VLOOKUP($C41,$A$6:$G$27,5,FALSE)),VLOOKUP($C41,$A$6:$G$27,5,FALSE),"") | E41: =IF(AND(ISNUMBER(VLOOKUP($C41,$A$6:$G$27,3,FALSE)),ISNUMBER(VLOOKUP($C41,$A$6:$G$27,6,FALSE))),VLOOKUP($C41,$A$6:$G$27,3,FALSE)*VLOOKUP($C41,$A$6:$G$27,6,FALSE),"") | F41: =IF(AND(ISNUMBER(VLOOKUP($C41,$A$6:$G$27,3,FALSE)),ISNUMBER(VLOOKUP($C41,$A$6:$G$27,4,FALSE)),VLOOKUP($C41,$A$6:$G$27,4,FALSE)>0,ISNUMBER(VLOOKUP($C41,$A$6:$G$27,7,FALSE))),VLOOKUP($C41,$A$6:$G$27,3,FALSE)*(1+VLOOKUP($C41,$A$6:$G$27,4,FALSE))*VLOOKUP($C41,$A$6:$G$27,7,FALSE),"")
A42: TTS.AR.4012 | B42: =IFERROR(VLOOKUP($C42,$A$6:$G$27,2,FALSE),"") | C42: TTS.AR.4012 | D42: =IF(ISNUMBER(VLOOKUP($C42,$A$6:$G$27,5,FALSE)),VLOOKUP($C42,$A$6:$G$27,5,FALSE),"") | E42: =IF(AND(ISNUMBER(VLOOKUP($C42,$A$6:$G$27,3,FALSE)),ISNUMBER(VLOOKUP($C42,$A$6:$G$27,6,FALSE))),VLOOKUP($C42,$A$6:$G$27,3,FALSE)*VLOOKUP($C42,$A$6:$G$27,6,FALSE),"") | F42: =IF(AND(ISNUMBER(VLOOKUP($C42,$A$6:$G$27,3,FALSE)),ISNUMBER(VLOOKUP($C42,$A$6:$G$27,4,FALSE)),VLOOKUP($C42,$A$6:$G$27,4,FALSE)>0,ISNUMBER(VLOOKUP($C42,$A$6:$G$27,7,FALSE))),VLOOKUP($C42,$A$6:$G$27,3,FALSE)*(1+VLOOKUP($C42,$A$6:$G$27,4,FALSE))*VLOOKUP($C42,$A$6:$G$27,7,FALSE),"")
A43: TTS.AR.5011 | B43: =IFERROR(VLOOKUP($C43,$A$6:$G$27,2,FALSE),"") | C43: TTS.AR.5011 | D43: =IF(ISNUMBER(VLOOKUP($C43,$A$6:$G$27,5,FALSE)),VLOOKUP($C43,$A$6:$G$27,5,FALSE),"") | E43: =IF(AND(ISNUMBER(VLOOKUP($C43,$A$6:$G$27,3,FALSE)),ISNUMBER(VLOOKUP($C43,$A$6:$G$27,6,FALSE))),VLOOKUP($C43,$A$6:$G$27,3,FALSE)*VLOOKUP($C43,$A$6:$G$27,6,FALSE),"") | F43: =IF(AND(ISNUMBER(VLOOKUP($C43,$A$6:$G$27,3,FALSE)),ISNUMBER(VLOOKUP($C43,$A$6:$G$27,4,FALSE)),VLOOKUP($C43,$A$6:$G$27,4,FALSE)>0,ISNUMBER(VLOOKUP($C43,$A$6:$G$27,7,FALSE))),VLOOKUP($C43,$A$6:$G$27,3,FALSE)*(1+VLOOKUP($C43,$A$6:$G$27,4,FALSE))*VLOOKUP($C43,$A$6:$G$27,7,FALSE),"")
A44: TTS.AR.5012 | B44: =IFERROR(VLOOKUP($C44,$A$6:$G$27,2,FALSE),"") | C44: TTS.AR.5012 | D44: =IF(ISNUMBER(VLOOKUP($C44,$A$6:$G$27,5,FALSE)),VLOOKUP($C44,$A$6:$G$27,5,FALSE),"") | E44: =IF(AND(ISNUMBER(VLOOKUP($C44,$A$6:$G$27,3,FALSE)),ISNUMBER(VLOOKUP($C44,$A$6:$G$27,6,FALSE))),VLOOKUP($C44,$A$6:$G$27,3,FALSE)*VLOOKUP($C44,$A$6:$G$27,6,FALSE),"") | F44: =IF(AND(ISNUMBER(VLOOKUP($C44,$A$6:$G$27,3,FALSE)),ISNUMBER(VLOOKUP($C44,$A$6:$G$27,4,FALSE)),VLOOKUP($C44,$A$6:$G$27,4,FALSE)>0,ISNUMBER(VLOOKUP($C44,$A$6:$G$27,7,FALSE))),VLOOKUP($C44,$A$6:$G$27,3,FALSE)*(1+VLOOKUP($C44,$A$6:$G$27,4,FALSE))*VLOOKUP($C44,$A$6:$G$27,7,FALSE),"")
A45: TTS.PC.002.IPE140 | B45: =IFERROR(VLOOKUP($C45,$A$6:$G$27,2,FALSE),"") | C45: TTS.PC.002.IPE140 | D45: =IF(ISNUMBER(VLOOKUP($C45,$A$6:$G$27,5,FALSE)),VLOOKUP($C45,$A$6:$G$27,5,FALSE),"") | E45: =IF(AND(ISNUMBER(VLOOKUP($C45,$A$6:$G$27,3,FALSE)),ISNUMBER(VLOOKUP($C45,$A$6:$G$27,6,FALSE))),VLOOKUP($C45,$A$6:$G$27,3,FALSE)*VLOOKUP($C45,$A$6:$G$27,6,FALSE),"") | F45: =IF(AND(ISNUMBER(VLOOKUP($C45,$A$6:$G$27,3,FALSE)),ISNUMBER(VLOOKUP($C45,$A$6:$G$27,4,FALSE)),VLOOKUP($C45,$A$6:$G$27,4,FALSE)>0,ISNUMBER(VLOOKUP($C45,$A$6:$G$27,7,FALSE))),VLOOKUP($C45,$A$6:$G$27,3,FALSE)*(1+VLOOKUP($C45,$A$6:$G$27,4,FALSE))*VLOOKUP($C45,$A$6:$G$27,7,FALSE),"")
A46: TTS.PC.003.IPE140 | B46: =IFERROR(VLOOKUP($C46,$A$6:$G$27,2,FALSE),"") | C46: TTS.PC.003.IPE140 | D46: =IF(ISNUMBER(VLOOKUP($C46,$A$6:$G$27,5,FALSE)),VLOOKUP($C46,$A$6:$G$27,5,FALSE),"") | E46: =IF(AND(ISNUMBER(VLOOKUP($C46,$A$6:$G$27,3,FALSE)),ISNUMBER(VLOOKUP($C46,$A$6:$G$27,6,FALSE))),VLOOKUP($C46,$A$6:$G$27,3,FALSE)*VLOOKUP($C46,$A$6:$G$27,6,FALSE),"") | F46: =IF(AND(ISNUMBER(VLOOKUP($C46,$A$6:$G$27,3,FALSE)),ISNUMBER(VLOOKUP($C46,$A$6:$G$27,4,FALSE)),VLOOKUP($C46,$A$6:$G$27,4,FALSE)>0,ISNUMBER(VLOOKUP($C46,$A$6:$G$27,7,FALSE))),VLOOKUP($C46,$A$6:$G$27,3,FALSE)*(1+VLOOKUP($C46,$A$6:$G$27,4,FALSE))*VLOOKUP($C46,$A$6:$G$27,7,FALSE),"")
A47: TTS.PC.2011.1076 | B47: =IFERROR(VLOOKUP($C47,$A$6:$G$27,2,FALSE),"") | C47: TTS.PC.2011.1076 | D47: =IF(ISNUMBER(VLOOKUP($C47,$A$6:$G$27,5,FALSE)),VLOOKUP($C47,$A$6:$G$27,5,FALSE),"") | E47: =IF(AND(ISNUMBER(VLOOKUP($C47,$A$6:$G$27,3,FALSE)),ISNUMBER(VLOOKUP($C47,$A$6:$G$27,6,FALSE))),VLOOKUP($C47,$A$6:$G$27,3,FALSE)*VLOOKUP($C47,$A$6:$G$27,6,FALSE),"") | F47: =IF(AND(ISNUMBER(VLOOKUP($C47,$A$6:$G$27,3,FALSE)),ISNUMBER(VLOOKUP($C47,$A$6:$G$27,4,FALSE)),VLOOKUP($C47,$A$6:$G$27,4,FALSE)>0,ISNUMBER(VLOOKUP($C47,$A$6:$G$27,7,FALSE))),VLOOKUP($C47,$A$6:$G$27,3,FALSE)*(1+VLOOKUP($C47,$A$6:$G$27,4,FALSE))*VLOOKUP($C47,$A$6:$G$27,7,FALSE),"")
A48: TTS.PC.2012.1076 | B48: =IFERROR(VLOOKUP($C48,$A$6:$G$27,2,FALSE),"") | C48: TTS.PC.2012.1076 | D48: =IF(ISNUMBER(VLOOKUP($C48,$A$6:$G$27,5,FALSE)),VLOOKUP($C48,$A$6:$G$27,5,FALSE),"") | E48: =IF(AND(ISNUMBER(VLOOKUP($C48,$A$6:$G$27,3,FALSE)),ISNUMBER(VLOOKUP($C48,$A$6:$G$27,6,FALSE))),VLOOKUP($C48,$A$6:$G$27,3,FALSE)*VLOOKUP($C48,$A$6:$G$27,6,FALSE),"") | F48: =IF(AND(ISNUMBER(VLOOKUP($C48,$A$6:$G$27,3,FALSE)),ISNUMBER(VLOOKUP($C48,$A$6:$G$27,4,FALSE)),VLOOKUP($C48,$A$6:$G$27,4,FALSE)>0,ISNUMBER(VLOOKUP($C48,$A$6:$G$27,7,FALSE))),VLOOKUP($C48,$A$6:$G$27,3,FALSE)*(1+VLOOKUP($C48,$A$6:$G$27,4,FALSE))*VLOOKUP($C48,$A$6:$G$27,7,FALSE),"")
A49: TTS.PC.2013 | B49: =IFERROR(VLOOKUP($C49,$A$6:$G$27,2,FALSE),"") | C49: TTS.PC.2013 | D49: =IF(ISNUMBER(VLOOKUP($C49,$A$6:$G$27,5,FALSE)),VLOOKUP($C49,$A$6:$G$27,5,FALSE),"") | E49: =IF(AND(ISNUMBER(VLOOKUP($C49,$A$6:$G$27,3,FALSE)),ISNUMBER(VLOOKUP($C49,$A$6:$G$27,6,FALSE))),VLOOKUP($C49,$A$6:$G$27,3,FALSE)*VLOOKUP($C49,$A$6:$G$27,6,FALSE),"") | F49: =IF(AND(ISNUMBER(VLOOKUP($C49,$A$6:$G$27,3,FALSE)),ISNUMBER(VLOOKUP($C49,$A$6:$G$27,4,FALSE)),VLOOKUP($C49,$A$6:$G$27,4,FALSE)>0,ISNUMBER(VLOOKUP($C49,$A$6:$G$27,7,FALSE))),VLOOKUP($C49,$A$6:$G$27,3,FALSE)*(1+VLOOKUP($C49,$A$6:$G$27,4,FALSE))*VLOOKUP($C49,$A$6:$G$27,7,FALSE),"")
... A59: TTS.SM.003 | B59: =IFERROR(VLOOKUP($C59,$A$6:$G$27,2,FALSE),"") | C59: TTS.SM.003 | D59: =IF(ISNUMBER(VLOOKUP($C59,$A$6:$G$27,5,FALSE)),VLOOKUP($C59,$A$6:$G$27,5,FALSE),"") | E59: =IF(AND(ISNUMBER(VLOOKUP($C59,$A$6:$G$27,3,FALSE)),ISNUMBER(VLOOKUP($C59,$A$6:$G$27,6,FALSE))),VLOOKUP($C59,$A$6:$G$27,3,FALSE)*VLOOKUP($C59,$A$6:$G$27,6,FALSE),"") | F59: =IF(AND(ISNUMBER(VLOOKUP($C59,$A$6:$G$27,3,FALSE)),ISNUMBER(VLOOKUP($C59,$A$6:$G$27,4,FALSE)),VLOOKUP($C59,$A$6:$G$27,4,FALSE)>0,ISNUMBER(VLOOKUP($C59,$A$6:$G$27,7,FALSE))),VLOOKUP($C59,$A$6:$G$27,3,FALSE)*(1+VLOOKUP($C59,$A$6:$G$27,4,FALSE))*VLOOKUP($C59,$A$6:$G$27,7,FALSE),"")

Sheet SCHEDA BULLONERIA
A1: SCHEDA BULLONERIA — peso unitario e costo della minuteria/bulloneria commerciale (bulloni, dadi, rondelle)
A2: Un rigo per codice. Peso unitario (kg) pre-compilato con valori nominali da tabelle standard (DIN 933/931 bulloni, DIN 985 dadi autobloccanti, DIN 125A rondelle) — da confermare/aggiornare a mano. Compilare il Costo (€/pz). Il LISTINO pesca da qui 'Peso elemento (kg)' e 'Prezzo unitario €' per questi codici.
A4: BULLONERIA — peso unitario e costo (confermare Peso unitario, compilare Costo €/pz)
A5: Codice | B5: Descrizione | C5: Peso unitario (kg) | D5: Costo (€/pz)
A6: 06TAP120X120 | B6: Tappo profilato 120x120
A7: 10BZ10X30 | B7: Bullone testa esagonale M10X30 | C7: 0.0245
A8: 10BZ10X40 | B8: Bullone testa esagonale zn M10X40 | C8: 0.0305
A9: 10BZ16X140 | B9: Bullone testa esagonale M16x140 mezzo filetto | C9: 0.21
A10: 10BZM10X160 | B10: Bullone testa esagonale zn M10X160 | C10: 0.095
A11: 10BZM10X30 | B11: Bullone testa esagonale zn M10X30 | C11: 0.0245
A12: 10BZM10X40 | B12: Bullone testa esagonale M10X40 | C12: 0.0305
A13: 10BZM16X25 | B13: Bullone testa esagonale zn M16X25 | C13: 0.052
A14: 10BZM16X60 | B14: Bullone testa esagonale M16X60 | C14: 0.11
A15: 10BZM5X20 | B15: Bullone testa esagonale zn M5x20 | C15: 0.0031
A16: 10BZM5X30 | B16: Bullone testa esagonale zn M5x30 | C16: 0.0042
A17: 10BZM6X150 | B17: Bullone testa esagonale zn M6X150 | C17: 0.026
A18: 10BZM6X20 | B18: Bullone testa esagonale zn M6X20 | C18: 0.0054
... A36: M5X30 8.8 ISO1207 | B36: Bullone testa esagonale con intaglio M5x30 | C36: 0.0042

Sheet SCHEDA ELETTROMECCANICA
A1: SCHEDA ELETTROMECCANICA — peso unitario e costo dei materiali elettromeccanici commerciali
A2: Motoriduttore, cuscinetto asse, quadri/box, sensori e strumentazione. Articoli acquistati completi: compilare a mano 'Peso unitario (kg)' e 'Costo (€/pz)'. Il LISTINO pesca da qui 'Peso elemento (kg)' e 'Prezzo unitario €' per questi codici.
A4: Codice | B4: Descrizione | C4: Peso unitario (kg) | D4: Costo (€/pz)
A5: CHSD7-60-S112-24.15.300-L1.2 | B5: Motoriduttore | C5: 50 | D5: 300
A6: ESQM_2_0_120_1 | B6: Cuscinetto asse di rotazione | C6: 2 | D6: 13
A7: 15T-JUNCTBOXIP65 | B7: Box centralina meteo
A8: B04601 | B8: Quadro in vetroresina Pedro VTR 01
A9: 10S-FC | B9: Sensore fine corsa elettrico
A10: 15T-PIRANOMETRO | B10: Piranometro
A11: 15T-SENSVELVEN | B11: Anemometro
A12: 15T-TERMARIA | B12: Termometro Aria_ mSTA.l
A13: 15T-TERMCONTP10 | B13: Termometro a contatto P100_STC-i
A14: TK1024S | B14: Inclinometro

Sheet LISTINO
A1: LISTINO COMPONENTI — Tracker TTS moduli 1303 (rev. 5)
A2: Elenco unico di tutti i componenti presenti nella distinta materiali. Compilare la colonna 'Prezzo unitario' per ottenere un listino valorizzato.
A4: N° | B4: Codice | C4: Descrizione | D4: Categoria | E4: U.M. | F4: Peso elemento (kg) | G4: Prezzo unitario € | H4: Presente nei kit / assiemi | I4: N° righe distinta
A5: 1 | B5: TTS.AR.001.7200 | C5: Asse lato motore 120x120x3 mm. lunghezza mt.7,20 | D5: Carpenteria metallica | E5: pz | F5: =IFERROR(VLOOKUP($B5,'SCHEDA STRUTTURA'!$A$17:$E$417,5,FALSE),"") | G5: =IF($B5="","",IF(ISNUMBER(MATCH($B5,'SCHEDA STRUTTURA'!$A$17:$A$147,0)),IFERROR(VLOOKUP($B5,'SCHEDA STRUTTURA'!$A$17:$G$147,6,FALSE)*1,0)+IFERROR(VLOOKUP($B5,'SCHEDA STRUTTURA'!$A$17:$G$147,7,FALSE)*1,0),IF(ISNUMBER(MATCH($B5,'SCHEDA PEZZI SPECIALI'!$A$38:$A$59,0)),IFERROR(VLOOKUP($B5,'SCHEDA PEZZI SPECIALI'!$A$38:$F$59,5,FALSE)*1,0)+IFERROR(VLOOKUP($B5,'SCHEDA PEZZI SPECIALI'!$A$38:$F$59,6,FALSE)*1,0),IF(ISNUMBER(MATCH($B5,'SCHEDA ELETTROMECCANICA'!$A$5:$A$14,0)),IFERROR(VLOOKUP($B5,'SCHEDA ELETTROMECCANICA'!$A$5:$D$14,4,FALSE)*1,0),IF(ISNUMBER(MATCH($B5,'SCHEDA BULLONERIA'!$A$6:$A$36,0)),IFERROR(VLOOKUP($B5,'SCHEDA BULLONERIA'!$A$6:$D$36,4,FALSE)*1,0),""))))) | H5: ASSI DI ROTAZIONE 1303 | I5: 2
A6: 2 | B6: TTS.AR.001.7200.25 | C6: Asse lato motore 120x120x2,5 mm. lunghezza mt.7,20 | D6: Carpenteria metallica | E6: pz | F6: =IFERROR(VLOOKUP($B6,'SCHEDA STRUTTURA'!$A$17:$E$417,5,FALSE),"") | G6: =IF($B6="","",IF(ISNUMBER(MATCH($B6,'SCHEDA STRUTTURA'!$A$17:$A$147,0)),IFERROR(VLOOKUP($B6,'SCHEDA STRUTTURA'!$A$17:$G$147,6,FALSE)*1,0)+IFERROR(VLOOKUP($B6,'SCHEDA STRUTTURA'!$A$17:$G$147,7,FALSE)*1,0),IF(ISNUMBER(MATCH($B6,'SCHEDA PEZZI SPECIALI'!$A$38:$A$59,0)),IFERROR(VLOOKUP($B6,'SCHEDA PEZZI SPECIALI'!$A$38:$F$59,5,FALSE)*1,0)+IFERROR(VLOOKUP($B6,'SCHEDA PEZZI SPECIALI'!$A$38:$F$59,6,FALSE)*1,0),IF(ISNUMBER(MATCH($B6,'SCHEDA ELETTROMECCANICA'!$A$5:$A$14,0)),IFERROR(VLOOKUP($B6,'SCHEDA ELETTROMECCANICA'!$A$5:$D$14,4,FALSE)*1,0),IF(ISNUMBER(MATCH($B6,'SCHEDA BULLONERIA'!$A$6:$A$36,0)),IFERROR(VLOOKUP($B6,'SCHEDA BULLONERIA'!$A$6:$D$36,4,FALSE)*1,0),""))))) | H6: ASSI DI ROTAZIONE 1303 | I6: 1
A7: 3 | B7: TTS.AR.001.8250 | C7: Asse lato motore 120x120x3 mm. lunghezza mt.8,25 | D7: Carpenteria metallica | E7: pz | F7: =IFERROR(VLOOKUP($B7,'SCHEDA STRUTTURA'!$A$17:$E$417,5,FALSE),"") | G7: =IF($B7="","",IF(ISNUMBER(MATCH($B7,'SCHEDA STRUTTURA'!$A$17:$A$147,0)),IFERROR(VLOOKUP($B7,'SCHEDA STRUTTURA'!$A$17:$G$147,6,FALSE)*1,0)+IFERROR(VLOOKUP($B7,'SCHEDA STRUTTURA'!$A$17:$G$147,7,FALSE)*1,0),IF(ISNUMBER(MATCH($B7,'SCHEDA PEZZI SPECIALI'!$A$38:$A$59,0)),IFERROR(VLOOKUP($B7,'SCHEDA PEZZI SPECIALI'!$A$38:$F$59,5,FALSE)*1,0)+IFERROR(VLOOKUP($B7,'SCHEDA PEZZI SPECIALI'!$A$38:$F$59,6,FALSE)*1,0),IF(ISNUMBER(MATCH($B7,'SCHEDA ELETTROMECCANICA'!$A$5:$A$14,0)),IFERROR(VLOOKUP($B7,'SCHEDA ELETTROMECCANICA'!$A$5:$D$14,4,FALSE)*1,0),IF(ISNUMBER(MATCH($B7,'SCHEDA BULLONERIA'!$A$6:$A$36,0)),IFERROR(VLOOKUP($B7,'SCHEDA BULLONERIA'!$A$6:$D$36,4,FALSE)*1,0),""))))) | H7: ASSI DI ROTAZIONE 1303 | I7: 1
A8: 4 | B8: TTS.AR.001.8250.25 | C8: Asse lato motore 120x120x2,5 mm. lunghezza mt.8,25 | D8: Carpenteria metallica | E8: pz | F8: =IFERROR(VLOOKUP($B8,'SCHEDA STRUTTURA'!$A$17:$E$417,5,FALSE),"") | G8: =IF($B8="","",IF(ISNUMBER(MATCH($B8,'SCHEDA STRUTTURA'!$A$17:$A$147,0)),IFERROR(VLOOKUP($B8,'SCHEDA STRUTTURA'!$A$17:$G$147,6,FALSE)*1,0)+IFERROR(VLOOKUP($B8,'SCHEDA STRUTTURA'!$A$17:$G$147,7,FALSE)*1,0),IF(ISNUMBER(MATCH($B8,'SCHEDA PEZZI SPECIALI'!$A$38:$A$59,0)),IFERROR(VLOOKUP($B8,'SCHEDA PEZZI SPECIALI'!$A$38:$F$59,5,FALSE)*1,0)+IFERROR(VLOOKUP($B8,'SCHEDA PEZZI SPECIALI'!$A$38:$F$59,6,FALSE)*1,0),IF(ISNUMBER(MATCH($B8,'SCHEDA ELETTROMECCANICA'!$A$5:$A$14,0)),IFERROR(VLOOKUP($B8,'SCHEDA ELETTROMECCANICA'!$A$5:$D$14,4,FALSE)*1,0),IF(ISNUMBER(MATCH($B8,'SCHEDA BULLONERIA'!$A$6:$A$36,0)),IFERROR(VLOOKUP($B8,'SCHEDA BULLONERIA'!$A$6:$D$36,4,FALSE)*1,0),""))))) | H8: ASSI DI ROTAZIONE 1303 | I8: 1
A9: 5 | B9: TTS.AR.001.8700 | C9: Asse lato motore 120x120x3 mm. lunghezza mt.8,70 | D9: Carpenteria metallica | E9: pz | F9: =IFERROR(VLOOKUP($B9,'SCHEDA STRUTTURA'!$A$17:$E$417,5,FALSE),"") | G9: =IF($B9="","",IF(ISNUMBER(MATCH($B9,'SCHEDA STRUTTURA'!$A$17:$A$147,0)),IFERROR(VLOOKUP($B9,'SCHEDA STRUTTURA'!$A$17:$G$147,6,FALSE)*1,0)+IFERROR(VLOOKUP($B9,'SCHEDA STRUTTURA'!$A$17:$G$147,7,FALSE)*1,0),IF(ISNUMBER(MATCH($B9,'SCHEDA PEZZI SPECIALI'!$A$38:$A$59,0)),IFERROR(VLOOKUP($B9,'SCHEDA PEZZI SPECIALI'!$A$38:$F$59,5,FALSE)*1,0)+IFERROR(VLOOKUP($B9,'SCHEDA PEZZI SPECIALI'!$A$38:$F$59,6,FALSE)*1,0),IF(ISNUMBER(MATCH($B9,'SCHEDA ELETTROMECCANICA'!$A$5:$A$14,0)),IFERROR(VLOOKUP($B9,'SCHEDA ELETTROMECCANICA'!$A$5:$D$14,4,FALSE)*1,0),IF(ISNUMBER(MATCH($B9,'SCHEDA BULLONERIA'!$A$6:$A$36,0)),IFERROR(VLOOKUP($B9,'SCHEDA BULLONERIA'!$A$6:$D$36,4,FALSE)*1,0),""))))) | H9: ASSI DI ROTAZIONE 1303 | I9: 3
A10: 6 | B10: TTS.AR.001.8700.25 | C10: Asse lato motore 120x120x2,5 mm. lunghezza mt.8,70 | D10: Carpenteria metallica | E10: pz | F10: =IFERROR(VLOOKUP($B10,'SCHEDA STRUTTURA'!$A$17:$E$417,5,FALSE),"") | G10: =IF($B10="","",IF(ISNUMBER(MATCH($B10,'SCHEDA STRUTTURA'!$A$17:$A$147,0)),IFERROR(VLOOKUP($B10,'SCHEDA STRUTTURA'!$A$17:$G$147,6,FALSE)*1,0)+IFERROR(VLOOKUP($B10,'SCHEDA STRUTTURA'!$A$17:$G$147,7,FALSE)*1,0),IF(ISNUMBER(MATCH($B10,'SCHEDA PEZZI SPECIALI'!$A$38:$A$59,0)),IFERROR(VLOOKUP($B10,'SCHEDA PEZZI SPECIALI'!$A$38:$F$59,5,FALSE)*1,0)+IFERROR(VLOOKUP($B10,'SCHEDA PEZZI SPECIALI'!$A$38:$F$59,6,FALSE)*1,0),IF(ISNUMBER(MATCH($B10,'SCHEDA ELETTROMECCANICA'!$A$5:$A$14,0)),IFERROR(VLOOKUP($B10,'SCHEDA ELETTROMECCANICA'!$A$5:$D$14,4,FALSE)*1,0),IF(ISNUMBER(MATCH($B10,'SCHEDA BULLONERIA'!$A$6:$A$36,0)),IFERROR(VLOOKUP($B10,'SCHEDA BULLONERIA'!$A$6:$D$36,4,FALSE)*1,0),""))))) | H10: ASSI DI ROTAZIONE 1303 | I10: 1
A11: 7 | B11: TTS.AR.002.5000 | C11: Asse esterno 120x120x3 mm. lunghezza mt.5,00 | D11: Carpenteria metallica | E11: pz | F11: =IFERROR(VLOOKUP($B11,'SCHEDA STRUTTURA'!$A$17:$E$417,5,FALSE),"") | G11: =IF($B11="","",IF(ISNUMBER(MATCH($B11,'SCHEDA STRUTTURA'!$A$17:$A$147,0)),IFERROR(VLOOKUP($B11,'SCHEDA STRUTTURA'!$A$17:$G$147,6,FALSE)*1,0)+IFERROR(VLOOKUP($B11,'SCHEDA STRUTTURA'!$A$17:$G$147,7,FALSE)*1,0),IF(ISNUMBER(MATCH($B11,'SCHEDA PEZZI SPECIALI'!$A$38:$A$59,0)),IFERROR(VLOOKUP($B11,'SCHEDA PEZZI SPECIALI'!$A$38:$F$59,5,FALSE)*1,0)+IFERROR(VLOOKUP($B11,'SCHEDA PEZZI SPECIALI'!$A$38:$F$59,6,FALSE)*1,0),IF(ISNUMBER(MATCH($B11,'SCHEDA ELETTROMECCANICA'!$A$5:$A$14,0)),IFERROR(VLOOKUP($B11,'SCHEDA ELETTROMECCANICA'!$A$5:$D$14,4,FALSE)*1,0),IF(ISNUMBER(MATCH($B11,'SCHEDA BULLONERIA'!$A$6:$A$36,0)),IFERROR(VLOOKUP($B11,'SCHEDA BULLONERIA'!$A$6:$D$36,4,FALSE)*1,0),""))))) | H11: ASSI DI ROTAZIONE 1303 | I11: 1
A12: 8 | B12: TTS.AR.002.5000.25 | C12: Asse esterno 120x120x2,5 mm. lunghezza mt.5,00 | D12: Carpenteria metallica | E12: pz | F12: =IFERROR(VLOOKUP($B12,'SCHEDA STRUTTURA'!$A$17:$E$417,5,FALSE),"") | G12: =IF($B12="","",IF(ISNUMBER(MATCH($B12,'SCHEDA STRUTTURA'!$A$17:$A$147,0)),IFERROR(VLOOKUP($B12,'SCHEDA STRUTTURA'!$A$17:$G$147,6,FALSE)*1,0)+IFERROR(VLOOKUP($B12,'SCHEDA STRUTTURA'!$A$17:$G$147,7,FALSE)*1,0),IF(ISNUMBER(MATCH($B12,'SCHEDA PEZZI SPECIALI'!$A$38:$A$59,0)),IFERROR(VLOOKUP($B12,'SCHEDA PEZZI SPECIALI'!$A$38:$F$59,5,FALSE)*1,0)+IFERROR(VLOOKUP($B12,'SCHEDA PEZZI SPECIALI'!$A$38:$F$59,6,FALSE)*1,0),IF(ISNUMBER(MATCH($B12,'SCHEDA ELETTROMECCANICA'!$A$5:$A$14,0)),IFERROR(VLOOKUP($B12,'SCHEDA ELETTROMECCANICA'!$A$5:$D$14,4,FALSE)*1,0),IF(ISNUMBER(MATCH($B12,'SCHEDA BULLONERIA'!$A$6:$A$36,0)),IFERROR(VLOOKUP($B12,'SCHEDA BULLONERIA'!$A$6:$D$36,4,FALSE)*1,0),""))))) | H12: ASSI DI ROTAZIONE 1303 | I12: 1
A13: 9 | B13: TTS.AR.002.6150 | C13: Asse esterno 120x120x3 mm. lunghezza mt.6,15 | D13: Carpenteria metallica | E13: pz | F13: =IFERROR(VLOOKUP($B13,'SCHEDA STRUTTURA'!$A$17:$E$417,5,FALSE),"") | G13: =IF($B13="","",IF(ISNUMBER(MATCH($B13,'SCHEDA STRUTTURA'!$A$17:$A$147,0)),IFERROR(VLOOKUP($B13,'SCHEDA STRUTTURA'!$A$17:$G$147,6,FALSE)*1,0)+IFERROR(VLOOKUP($B13,'SCHEDA STRUTTURA'!$A$17:$G$147,7,FALSE)*1,0),IF(ISNUMBER(MATCH($B13,'SCHEDA PEZZI SPECIALI'!$A$38:$A$59,0)),IFERROR(VLOOKUP($B13,'SCHEDA PEZZI SPECIALI'!$A$38:$F$59,5,FALSE)*1,0)+IFERROR(VLOOKUP($B13,'SCHEDA PEZZI SPECIALI'!$A$38:$F$59,6,FALSE)*1,0),IF(ISNUMBER(MATCH($B13,'SCHEDA ELETTROMECCANICA'!$A$5:$A$14,0)),IFERROR(VLOOKUP($B13,'SCHEDA ELETTROMECCANICA'!$A$5:$D$14,4,FALSE)*1,0),IF(ISNUMBER(MATCH($B13,'SCHEDA BULLONERIA'!$A$6:$A$36,0)),IFERROR(VLOOKUP($B13,'SCHEDA BULLONERIA'!$A$6:$D$36,4,FALSE)*1,0),""))))) | H13: ASSI DI ROTAZIONE 1303 | I13: 1
A14: 10 | B14: TTS.AR.002.6150.25 | C14: Asse esterno 120x120x2,5 mm. lunghezza mt.6,15 | D14: Carpenteria metallica | E14: pz | F14: =IFERROR(VLOOKUP($B14,'SCHEDA STRUTTURA'!$A$17:$E$417,5,FALSE),"") | G14: =IF($B14="","",IF(ISNUMBER(MATCH($B14,'SCHEDA STRUTTURA'!$A$17:$A$147,0)),IFERROR(VLOOKUP($B14,'SCHEDA STRUTTURA'!$A$17:$G$147,6,FALSE)*1,0)+IFERROR(VLOOKUP($B14,'SCHEDA STRUTTURA'!$A$17:$G$147,7,FALSE)*1,0),IF(ISNUMBER(MATCH($B14,'SCHEDA PEZZI SPECIALI'!$A$38:$A$59,0)),IFERROR(VLOOKUP($B14,'SCHEDA PEZZI SPECIALI'!$A$38:$F$59,5,FALSE)*1,0)+IFERROR(VLOOKUP($B14,'SCHEDA PEZZI SPECIALI'!$A$38:$F$59,6,FALSE)*1,0),IF(ISNUMBER(MATCH($B14,'SCHEDA ELETTROMECCANICA'!$A$5:$A$14,0)),IFERROR(VLOOKUP($B14,'SCHEDA ELETTROMECCANICA'!$A$5:$D$14,4,FALSE)*1,0),IF(ISNUMBER(MATCH($B14,'SCHEDA BULLONERIA'!$A$6:$A$36,0)),IFERROR(VLOOKUP($B14,'SCHEDA BULLONERIA'!$A$6:$D$36,4,FALSE)*1,0),""))))) | H14: ASSI DI ROTAZIONE 1303 | I14: 1
A15: 11 | B15: TTS.AR.002.6300 | C15: Asse esterno 120x120x3 mm. lunghezza mt.6,30 | D15: Carpenteria metallica | E15: pz | F15: =IFERROR(VLOOKUP($B15,'SCHEDA STRUTTURA'!$A$17:$E$417,5,FALSE),"") | G15: =IF($B15="","",IF(ISNUMBER(MATCH($B15,'SCHEDA STRUTTURA'!$A$17:$A$147,0)),IFERROR(VLOOKUP($B15,'SCHEDA STRUTTURA'!$A$17:$G$147,6,FALSE)*1,0)+IFERROR(VLOOKUP($B15,'SCHEDA STRUTTURA'!$A$17:$G$147,7,FALSE)*1,0),IF(ISNUMBER(MATCH($B15,'SCHEDA PEZZI SPECIALI'!$A$38:$A$59,0)),IFERROR(VLOOKUP($B15,'SCHEDA PEZZI SPECIALI'!$A$38:$F$59,5,FALSE)*1,0)+IFERROR(VLOOKUP($B15,'SCHEDA PEZZI SPECIALI'!$A$38:$F$59,6,FALSE)*1,0),IF(ISNUMBER(MATCH($B15,'SCHEDA ELETTROMECCANICA'!$A$5:$A$14,0)),IFERROR(VLOOKUP($B15,'SCHEDA ELETTROMECCANICA'!$A$5:$D$14,4,FALSE)*1,0),IF(ISNUMBER(MATCH($B15,'SCHEDA BULLONERIA'!$A$6:$A$36,0)),IFERROR(VLOOKUP($B15,'SCHEDA BULLONERIA'!$A$6:$D$36,4,FALSE)*1,0),""))))) | H15: ASSI DI ROTAZIONE 1303 | I15: 1
A16: 12 | B16: TTS.AR.002.6300.25 | C16: Asse esterno 120x120x2,5 mm. lunghezza mt.6,30 | D16: Carpenteria metallica | E16: pz | F16: =IFERROR(VLOOKUP($B16,'SCHEDA STRUTTURA'!$A$17:$E$417,5,FALSE),"") | G16: =IF($B16="","",IF(ISNUMBER(MATCH($B16,'SCHEDA STRUTTURA'!$A$17:$A$147,0)),IFERROR(VLOOKUP($B16,'SCHEDA STRUTTURA'!$A$17:$G$147,6,FALSE)*1,0)+IFERROR(VLOOKUP($B16,'SCHEDA STRUTTURA'!$A$17:$G$147,7,FALSE)*1,0),IF(ISNUMBER(MATCH($B16,'SCHEDA PEZZI SPECIALI'!$A$38:$A$59,0)),IFERROR(VLOOKUP($B16,'SCHEDA PEZZI SPECIALI'!$A$38:$F$59,5,FALSE)*1,0)+IFERROR(VLOOKUP($B16,'SCHEDA PEZZI SPECIALI'!$A$38:$F$59,6,FALSE)*1,0),IF(ISNUMBER(MATCH($B16,'SCHEDA ELETTROMECCANICA'!$A$5:$A$14,0)),IFERROR(VLOOKUP($B16,'SCHEDA ELETTROMECCANICA'!$A$5:$D$14,4,FALSE)*1,0),IF(ISNUMBER(MATCH($B16,'SCHEDA BULLONERIA'!$A$6:$A$36,0)),IFERROR(VLOOKUP($B16,'SCHEDA BULLONERIA'!$A$6:$D$36,4,FALSE)*1,0),""))))) | H16: ASSI DI ROTAZIONE 1303 | I16: 1
... A26: 22 | B26: TTS.AR.004.4800.25 | C26: Asse esterno 120x120x2,5 mm. lunghezza mt.4,800 | D26: Carpenteria metallica | E26: pz | F26: =IFERROR(VLOOKUP($B26,'SCHEDA STRUTTURA'!$A$17:$E$417,5,FALSE),"") | G26: =IF($B26="","",IF(ISNUMBER(MATCH($B26,'SCHEDA STRUTTURA'!$A$17:$A$147,0)),IFERROR(VLOOKUP($B26,'SCHEDA STRUTTURA'!$A$17:$G$147,6,FALSE)*1,0)+IFERROR(VLOOKUP($B26,'SCHEDA STRUTTURA'!$A$17:$G$147,7,FALSE)*1,0),IF(ISNUMBER(MATCH($B26,'SCHEDA PEZZI SPECIALI'!$A$38:$A$59,0)),IFERROR(VLOOKUP($B26,'SCHEDA PEZZI SPECIALI'!$A$38:$F$59,5,FALSE)*1,0)+IFERROR(VLOOKUP($B26,'SCHEDA PEZZI SPECIALI'!$A$38:$F$59,6,FALSE)*1,0),IF(ISNUMBER(MATCH($B26,'SCHEDA ELETTROMECCANICA'!$A$5:$A$14,0)),IFERROR(VLOOKUP($B26,'SCHEDA ELETTROMECCANICA'!$A$5:$D$14,4,FALSE)*1,0),IF(ISNUMBER(MATCH($B26,'SCHEDA BULLONERIA'!$A$6:$A$36,0)),IFERROR(VLOOKUP($B26,'SCHEDA BULLONERIA'!$A$6:$D$36,4,FALSE)*1,0),""))))) | H26: ASSI DI ROTAZIONE 1303 | I26: 1
A27: 23 | B27: TTS.AR.2011 | C27: Gaffa giunzione asse | D27: Carpenteria metallica | E27: pz | F27: =IFERROR(VLOOKUP($B27,'SCHEDA STRUTTURA'!$A$16:$E$416,5,FALSE),"") | G27: =IF($B27="","",IF(ISNUMBER(MATCH($B27,'SCHEDA STRUTTURA'!$A$17:$A$147,0)),IFERROR(VLOOKUP($B27,'SCHEDA STRUTTURA'!$A$17:$G$147,6,FALSE)*1,0)+IFERROR(VLOOKUP($B27,'SCHEDA STRUTTURA'!$A$17:$G$147,7,FALSE)*1,0),IF(ISNUMBER(MATCH($B27,'SCHEDA PEZZI SPECIALI'!$A$38:$A$59,0)),IFERROR(VLOOKUP($B27,'SCHEDA PEZZI SPECIALI'!$A$38:$F$59,5,FALSE)*1,0)+IFERROR(VLOOKUP($B27,'SCHEDA PEZZI SPECIALI'!$A$38:$F$59,6,FALSE)*1,0),IF(ISNUMBER(MATCH($B27,'SCHEDA ELETTROMECCANICA'!$A$5:$A$14,0)),IFERROR(VLOOKUP($B27,'SCHEDA ELETTROMECCANICA'!$A$5:$D$14,4,FALSE)*1,0),IF(ISNUMBER(MATCH($B27,'SCHEDA BULLONERIA'!$A$6:$A$36,0)),IFERROR(VLOOKUP($B27,'SCHEDA BULLONERIA'!$A$6:$D$36,4,FALSE)*1,0),""))))) | H27: ASSI DI ROTAZIONE 1303 | I27: 5
A28: 24 | B28: TTS.AR.3011 | C28: Supporto a L superiore omega | D28: Carpenteria metallica | E28: pz | F28: =IFERROR(VLOOKUP($B28,'SCHEDA STRUTTURA'!$A$17:$E$417,5,FALSE),"") | G28: =IF($B28="","",IF(ISNUMBER(MATCH($B28,'SCHEDA STRUTTURA'!$A$17:$A$147,0)),IFERROR(VLOOKUP($B28,'SCHEDA STRUTTURA'!$A$17:$G$147,6,FALSE)*1,0)+IFERROR(VLOOKUP($B28,'SCHEDA STRUTTURA'!$A$17:$G$147,7,FALSE)*1,0),IF(ISNUMBER(MATCH($B28,'SCHEDA PEZZI SPECIALI'!$A$38:$A$59,0)),IFERROR(VLOOKUP($B28,'SCHEDA PEZZI SPECIALI'!$A$38:$F$59,5,FALSE)*1,0)+IFERROR(VLOOKUP($B28,'SCHEDA PEZZI SPECIALI'!$A$38:$F$59,6,FALSE)*1,0),IF(ISNUMBER(MATCH($B28,'SCHEDA ELETTROMECCANICA'!$A$5:$A$14,0)),IFERROR(VLOOKUP($B28,'SCHEDA ELETTROMECCANICA'!$A$5:$D$14,4,FALSE)*1,0),IF(ISNUMBER(MATCH($B28,'SCHEDA BULLONERIA'!$A$6:$A$36,0)),IFERROR(VLOOKUP($B28,'SCHEDA BULLONERIA'!$A$6:$D$36,4,FALSE)*1,0),""))))) | H28: KIT OMEGA+pannelli | I28: 1
A29: 25 | B29: TTS.AR.3012 | C29: Supporto a V inferiore omega | D29: Carpenteria metallica | E29: pz | F29: =IFERROR(VLOOKUP($B29,'SCHEDA STRUTTURA'!$A$17:$E$417,5,FALSE),"") | G29: =IF($B29="","",IF(ISNUMBER(MATCH($B29,'SCHEDA STRUTTURA'!$A$17:$A$147,0)),IFERROR(VLOOKUP($B29,'SCHEDA STRUTTURA'!$A$17:$G$147,6,FALSE)*1,0)+IFERROR(VLOOKUP($B29,'SCHEDA STRUTTURA'!$A$17:$G$147,7,FALSE)*1,0),IF(ISNUMBER(MATCH($B29,'SCHEDA PEZZI SPECIALI'!$A$38:$A$59,0)),IFERROR(VLOOKUP($B29,'SCHEDA PEZZI SPECIALI'!$A$38:$F$59,5,FALSE)*1,0)+IFERROR(VLOOKUP($B29,'SCHEDA PEZZI SPECIALI'!$A$38:$F$59,6,FALSE)*1,0),IF(ISNUMBER(MATCH($B29,'SCHEDA ELETTROMECCANICA'!$A$5:$A$14,0)),IFERROR(VLOOKUP($B29,'SCHEDA ELETTROMECCANICA'!$A$5:$D$14,4,FALSE)*1,0),IF(ISNUMBER(MATCH($B29,'SCHEDA BULLONERIA'!$A$6:$A$36,0)),IFERROR(VLOOKUP($B29,'SCHEDA BULLONERIA'!$A$6:$D$36,4,FALSE)*1,0),""))))) | H29: KIT OMEGA+pannelli | I29: 1
A30: 26 | B30: TTS.AR.3013 | C30: Gaffa sotto omega | D30: Carpenteria metallica | E30: pz | F30: =IFERROR(VLOOKUP($B30,'SCHEDA STRUTTURA'!$A$17:$E$417,5,FALSE),"") | G30: =IF($B30="","",IF(ISNUMBER(MATCH($B30,'SCHEDA STRUTTURA'!$A$17:$A$147,0)),IFERROR(VLOOKUP($B30,'SCHEDA STRUTTURA'!$A$17:$G$147,6,FALSE)*1,0)+IFERROR(VLOOKUP($B30,'SCHEDA STRUTTURA'!$A$17:$G$147,7,FALSE)*1,0),IF(ISNUMBER(MATCH($B30,'SCHEDA PEZZI SPECIALI'!$A$38:$A$59,0)),IFERROR(VLOOKUP($B30,'SCHEDA PEZZI SPECIALI'!$A$38:$F$59,5,FALSE)*1,0)+IFERROR(VLOOKUP($B30,'SCHEDA PEZZI SPECIALI'!$A$38:$F$59,6,FALSE)*1,0),IF(ISNUMBER(MATCH($B30,'SCHEDA ELETTROMECCANICA'!$A$5:$A$14,0)),IFERROR(VLOOKUP($B30,'SCHEDA ELETTROMECCANICA'!$A$5:$D$14,4,FALSE)*1,0),IF(ISNUMBER(MATCH($B30,'SCHEDA BULLONERIA'!$A$6:$A$36,0)),IFERROR(VLOOKUP($B30,'SCHEDA BULLONERIA'!$A$6:$D$36,4,FALSE)*1,0),""))))) | H30: KIT OMEGA+pannelli | I30: 1
A31: 27 | B31: TTS.AR.3014 | C31: Omega supporto pannello | D31: Carpenteria metallica | E31: pz | F31: =IFERROR(VLOOKUP($B31,'SCHEDA STRUTTURA'!$A$17:$E$417,5,FALSE),"") | G31: =IF($B31="","",IF(ISNUMBER(MATCH($B31,'SCHEDA STRUTTURA'!$A$17:$A$147,0)),IFERROR(VLOOKUP($B31,'SCHEDA STRUTTURA'!$A$17:$G$147,6,FALSE)*1,0)+IFERROR(VLOOKUP($B31,'SCHEDA STRUTTURA'!$A$17:$G$147,7,FALSE)*1,0),IF(ISNUMBER(MATCH($B31,'SCHEDA PEZZI SPECIALI'!$A$38:$A$59,0)),IFERROR(VLOOKUP($B31,'SCHEDA PEZZI SPECIALI'!$A$38:$F$59,5,FALSE)*1,0)+IFERROR(VLOOKUP($B31,'SCHEDA PEZZI SPECIALI'!$A$38:$F$59,6,FALSE)*1,0),IF(ISNUMBER(MATCH($B31,'SCHEDA ELETTROMECCANICA'!$A$5:$A$14,0)),IFERROR(VLOOKUP($B31,'SCHEDA ELETTROMECCANICA'!$A$5:$D$14,4,FALSE)*1,0),IF(ISNUMBER(MATCH($B31,'SCHEDA BULLONERIA'!$A$6:$A$36,0)),IFERROR(VLOOKUP($B31,'SCHEDA BULLONERIA'!$A$6:$D$36,4,FALSE)*1,0),""))))) | H31: KIT OMEGA+pannelli | I31: 1
A32: 28 | B32: TTS.AR.3014.18 | C32: Omega supporto pannello mm1,8 | D32: Carpenteria metallica | E32: pz | F32: =IFERROR(VLOOKUP($B32,'SCHEDA STRUTTURA'!$A$17:$E$417,5,FALSE),"") | G32: =IF($B32="","",IF(ISNUMBER(MATCH($B32,'SCHEDA STRUTTURA'!$A$17:$A$147,0)),IFERROR(VLOOKUP($B32,'SCHEDA STRUTTURA'!$A$17:$G$147,6,FALSE)*1,0)+IFERROR(VLOOKUP($B32,'SCHEDA STRUTTURA'!$A$17:$G$147,7,FALSE)*1,0),IF(ISNUMBER(MATCH($B32,'SCHEDA PEZZI SPECIALI'!$A$38:$A$59,0)),IFERROR(VLOOKUP($B32,'SCHEDA PEZZI SPECIALI'!$A$38:$F$59,5,FALSE)*1,0)+IFERROR(VLOOKUP($B32,'SCHEDA PEZZI SPECIALI'!$A$38:$F$59,6,FALSE)*1,0),IF(ISNUMBER(MATCH($B32,'SCHEDA ELETTROMECCANICA'!$A$5:$A$14,0)),IFERROR(VLOOKUP($B32,'SCHEDA ELETTROMECCANICA'!$A$5:$D$14,4,FALSE)*1,0),IF(ISNUMBER(MATCH($B32,'SCHEDA BULLONERIA'!$A$6:$A$36,0)),IFERROR(VLOOKUP($B32,'SCHEDA BULLONERIA'!$A$6:$D$36,4,FALSE)*1,0),""))))) | H32: KIT OMEGA+pannelli | I32: 1
A33: 29 | B33: TTS.AR.4011 | C33: Supporto superiore inclinometro | D33: Carpenteria metallica | E33: pz | F33: =IFERROR(VLOOKUP($B33,'SCHEDA PEZZI SPECIALI'!$A$38:$F$400,4,FALSE),"") | G33: =IF($B33="","",IF(ISNUMBER(MATCH($B33,'SCHEDA STRUTTURA'!$A$17:$A$147,0)),IFERROR(VLOOKUP($B33,'SCHEDA STRUTTURA'!$A$17:$G$147,6,FALSE)*1,0)+IFERROR(VLOOKUP($B33,'SCHEDA STRUTTURA'!$A$17:$G$147,7,FALSE)*1,0),IF(ISNUMBER(MATCH($B33,'SCHEDA PEZZI SPECIALI'!$A$38:$A$59,0)),IFERROR(VLOOKUP($B33,'SCHEDA PEZZI SPECIALI'!$A$38:$F$59,5,FALSE)*1,0)+IFERROR(VLOOKUP($B33,'SCHEDA PEZZI SPECIALI'!$A$38:$F$59,6,FALSE)*1,0),IF(ISNUMBER(MATCH($B33,'SCHEDA ELETTROMECCANICA'!$A$5:$A$14,0)),IFERROR(VLOOKUP($B33,'SCHEDA ELETTROMECCANICA'!$A$5:$D$14,4,FALSE)*1,0),IF(ISNUMBER(MATCH($B33,'SCHEDA BULLONERIA'!$A$6:$A$36,0)),IFERROR(VLOOKUP($B33,'SCHEDA BULLONERIA'!$A$6:$D$36,4,FALSE)*1,0),""))))) | H33: KIT INCLINOMETRO | I33: 1
A34: 30 | B34: TTS.AR.4012 | C34: Supporto inferiore inclinometro | D34: Carpenteria metallica | E34: pz | F34: =IFERROR(VLOOKUP($B34,'SCHEDA PEZZI SPECIALI'!$A$38:$F$400,4,FALSE),"") | G34: =IF($B34="","",IF(ISNUMBER(MATCH($B34,'SCHEDA STRUTTURA'!$A$17:$A$147,0)),IFERROR(VLOOKUP($B34,'SCHEDA STRUTTURA'!$A$17:$G$147,6,FALSE)*1,0)+IFERROR(VLOOKUP($B34,'SCHEDA STRUTTURA'!$A$17:$G$147,7,FALSE)*1,0),IF(ISNUMBER(MATCH($B34,'SCHEDA PEZZI SPECIALI'!$A$38:$A$59,0)),IFERROR(VLOOKUP($B34,'SCHEDA PEZZI SPECIALI'!$A$38:$F$59,5,FALSE)*1,0)+IFERROR(VLOOKUP($B34,'SCHEDA PEZZI SPECIALI'!$A$38:$F$59,6,FALSE)*1,0),IF(ISNUMBER(MATCH($B34,'SCHEDA ELETTROMECCANICA'!$A$5:$A$14,0)),IFERROR(VLOOKUP($B34,'SCHEDA ELETTROMECCANICA'!$A$5:$D$14,4,FALSE)*1,0),IF(ISNUMBER(MATCH($B34,'SCHEDA BULLONERIA'!$A$6:$A$36,0)),IFERROR(VLOOKUP($B34,'SCHEDA BULLONERIA'!$A$6:$D$36,4,FALSE)*1,0),""))))) | H34: KIT INCLINOMETRO | I34: 1
A35: 31 | B35: TTS.AR.5011 | C35: Piastra ad L supporto fine corsa | D35: Carpenteria metallica | E35: pz | F35: =IFERROR(VLOOKUP($B35,'SCHEDA PEZZI SPECIALI'!$A$38:$F$400,4,FALSE),"") | G35: =IF($B35="","",IF(ISNUMBER(MATCH($B35,'SCHEDA STRUTTURA'!$A$17:$A$147,0)),IFERROR(VLOOKUP($B35,'SCHEDA STRUTTURA'!$A$17:$G$147,6,FALSE)*1,0)+IFERROR(VLOOKUP($B35,'SCHEDA STRUTTURA'!$A$17:$G$147,7,FALSE)*1,0),IF(ISNUMBER(MATCH($B35,'SCHEDA PEZZI SPECIALI'!$A$38:$A$59,0)),IFERROR(VLOOKUP($B35,'SCHEDA PEZZI SPECIALI'!$A$38:$F$59,5,FALSE)*1,0)+IFERROR(VLOOKUP($B35,'SCHEDA PEZZI SPECIALI'!$A$38:$F$59,6,FALSE)*1,0),IF(ISNUMBER(MATCH($B35,'SCHEDA ELETTROMECCANICA'!$A$5:$A$14,0)),IFERROR(VLOOKUP($B35,'SCHEDA ELETTROMECCANICA'!$A$5:$D$14,4,FALSE)*1,0),IF(ISNUMBER(MATCH($B35,'SCHEDA BULLONERIA'!$A$6:$A$36,0)),IFERROR(VLOOKUP($B35,'SCHEDA BULLONERIA'!$A$6:$D$36,4,FALSE)*1,0),""))))) | H35: KIT FINE CORSA | I35: 1
A36: 32 | B36: TTS.AR.5012 | C36: Leva battente sensore fine corsa | D36: Carpenteria metallica | E36: pz | F36: =IFERROR(VLOOKUP($B36,'SCHEDA PEZZI SPECIALI'!$A$38:$F$400,4,FALSE),"") | G36: =IF($B36="","",IF(ISNUMBER(MATCH($B36,'SCHEDA STRUTTURA'!$A$17:$A$147,0)),IFERROR(VLOOKUP($B36,'SCHEDA STRUTTURA'!$A$17:$G$147,6,FALSE)*1,0)+IFERROR(VLOOKUP($B36,'SCHEDA STRUTTURA'!$A$17:$G$147,7,FALSE)*1,0),IF(ISNUMBER(MATCH($B36,'SCHEDA PEZZI SPECIALI'!$A$38:$A$59,0)),IFERROR(VLOOKUP($B36,'SCHEDA PEZZI SPECIALI'!$A$38:$F$59,5,FALSE)*1,0)+IFERROR(VLOOKUP($B36,'SCHEDA PEZZI SPECIALI'!$A$38:$F$59,6,FALSE)*1,0),IF(ISNUMBER(MATCH($B36,'SCHEDA ELETTROMECCANICA'!$A$5:$A$14,0)),IFERROR(VLOOKUP($B36,'SCHEDA ELETTROMECCANICA'!$A$5:$D$14,4,FALSE)*1,0),IF(ISNUMBER(MATCH($B36,'SCHEDA BULLONERIA'!$A$6:$A$36,0)),IFERROR(VLOOKUP($B36,'SCHEDA BULLONERIA'!$A$6:$D$36,4,FALSE)*1,0),""))))) | H36: KIT FINE CORSA | I36: 1
A37: 33 | B37: TTS.PC.001.IPE140.23 | C37: Pilastro cuscinetto trave IPE 140 mt.2,30 | D37: Carpenteria metallica | E37: pz | F37: =IFERROR(VLOOKUP($B37,'SCHEDA STRUTTURA'!$A$17:$E$417,5,FALSE),"") | G37: =IF($B37="","",IF(ISNUMBER(MATCH($B37,'SCHEDA STRUTTURA'!$A$17:$A$147,0)),IFERROR(VLOOKUP($B37,'SCHEDA STRUTTURA'!$A$17:$G$147,6,FALSE)*1,0)+IFERROR(VLOOKUP($B37,'SCHEDA STRUTTURA'!$A$17:$G$147,7,FALSE)*1,0),IF(ISNUMBER(MATCH($B37,'SCHEDA PEZZI SPECIALI'!$A$38:$A$59,0)),IFERROR(VLOOKUP($B37,'SCHEDA PEZZI SPECIALI'!$A$38:$F$59,5,FALSE)*1,0)+IFERROR(VLOOKUP($B37,'SCHEDA PEZZI SPECIALI'!$A$38:$F$59,6,FALSE)*1,0),IF(ISNUMBER(MATCH($B37,'SCHEDA ELETTROMECCANICA'!$A$5:$A$14,0)),IFERROR(VLOOKUP($B37,'SCHEDA ELETTROMECCANICA'!$A$5:$D$14,4,FALSE)*1,0),IF(ISNUMBER(MATCH($B37,'SCHEDA BULLONERIA'!$A$6:$A$36,0)),IFERROR(VLOOKUP($B37,'SCHEDA BULLONERIA'!$A$6:$D$36,4,FALSE)*1,0),""))))) | H37: PILASTRO CUSCINETTO | I37: 1
A38: 34 | B38: TTS.PC.001.IPEA140.23 | C38: Pilastro cuscinetto trave IPEA 140 mt.2,30 (alleggerita) | D38: Carpenteria metallica | E38: pz | F38: =IFERROR(VLOOKUP($B38,'SCHEDA STRUTTURA'!$A$17:$E$417,5,FALSE),"") | G38: =IF($B38="","",IF(ISNUMBER(MATCH($B38,'SCHEDA STRUTTURA'!$A$17:$A$147,0)),IFERROR(VLOOKUP($B38,'SCHEDA STRUTTURA'!$A$17:$G$147,6,FALSE)*1,0)+IFERROR(VLOOKUP($B38,'SCHEDA STRUTTURA'!$A$17:$G$147,7,FALSE)*1,0),IF(ISNUMBER(MATCH($B38,'SCHEDA PEZZI SPECIALI'!$A$38:$A$59,0)),IFERROR(VLOOKUP($B38,'SCHEDA PEZZI SPECIALI'!$A$38:$F$59,5,FALSE)*1,0)+IFERROR(VLOOKUP($B38,'SCHEDA PEZZI SPECIALI'!$A$38:$F$59,6,FALSE)*1,0),IF(ISNUMBER(MATCH($B38,'SCHEDA ELETTROMECCANICA'!$A$5:$A$14,0)),IFERROR(VLOOKUP($B38,'SCHEDA ELETTROMECCANICA'!$A$5:$D$14,4,FALSE)*1,0),IF(ISNUMBER(MATCH($B38,'SCHEDA BULLONERIA'!$A$6:$A$36,0)),IFERROR(VLOOKUP($B38,'SCHEDA BULLONERIA'!$A$6:$D$36,4,FALSE)*1,0),""))))) | H38: PILASTRO CUSCINETTO | I38: 1
A39: 35 | B39: TTS.PC.001.IPE140.28 | C39: Pilastro cuscinetto trave IPE 140 mt.2,80 | D39: Carpenteria metallica | E39: pz | F39: =IFERROR(VLOOKUP($B39,'SCHEDA STRUTTURA'!$A$17:$E$417,5,FALSE),"") | G39: =IF($B39="","",IF(ISNUMBER(MATCH($B39,'SCHEDA STRUTTURA'!$A$17:$A$147,0)),IFERROR(VLOOKUP($B39,'SCHEDA STRUTTURA'!$A$17:$G$147,6,FALSE)*1,0)+IFERROR(VLOOKUP($B39,'SCHEDA STRUTTURA'!$A$17:$G$147,7,FALSE)*1,0),IF(ISNUMBER(MATCH($B39,'SCHEDA PEZZI SPECIALI'!$A$38:$A$59,0)),IFERROR(VLOOKUP($B39,'SCHEDA PEZZI SPECIALI'!$A$38:$F$59,5,FALSE)*1,0)+IFERROR(VLOOKUP($B39,'SCHEDA PEZZI SPECIALI'!$A$38:$F$59,6,FALSE)*1,0),IF(ISNUMBER(MATCH($B39,'SCHEDA ELETTROMECCANICA'!$A$5:$A$14,0)),IFERROR(VLOOKUP($B39,'SCHEDA ELETTROMECCANICA'!$A$5:$D$14,4,FALSE)*1,0),IF(ISNUMBER(MATCH($B39,'SCHEDA BULLONERIA'!$A$6:$A$36,0)),IFERROR(VLOOKUP($B39,'SCHEDA BULLONERIA'!$A$6:$D$36,4,FALSE)*1,0),""))))) | H39: PILASTRO CUSCINETTO | I39: 1
A40: 36 | B40: TTS.PC.001.IPEA140.28 | C40: Pilastro cuscinetto trave IPEA 140 mt.2,80 (alleggerita) | D40: Carpenteria metallica | E40: pz | F40: =IFERROR(VLOOKUP($B40,'SCHEDA STRUTTURA'!$A$17:$E$417,5,FALSE),"") | G40: =IF($B40="","",IF(ISNUMBER(MATCH($B40,'SCHEDA STRUTTURA'!$A$17:$A$147,0)),IFERROR(VLOOKUP($B40,'SCHEDA STRUTTURA'!$A$17:$G$147,6,FALSE)*1,0)+IFERROR(VLOOKUP($B40,'SCHEDA STRUTTURA'!$A$17:$G$147,7,FALSE)*1,0),IF(ISNUMBER(MATCH($B40,'SCHEDA PEZZI SPECIALI'!$A$38:$A$59,0)),IFERROR(VLOOKUP($B40,'SCHEDA PEZZI SPECIALI'!$A$38:$F$59,5,FALSE)*1,0)+IFERROR(VLOOKUP($B40,'SCHEDA PEZZI SPECIALI'!$A$38:$F$59,6,FALSE)*1,0),IF(ISNUMBER(MATCH($B40,'SCHEDA ELETTROMECCANICA'!$A$5:$A$14,0)),IFERROR(VLOOKUP($B40,'SCHEDA ELETTROMECCANICA'!$A$5:$D$14,4,FALSE)*1,0),IF(ISNUMBER(MATCH($B40,'SCHEDA BULLONERIA'!$A$6:$A$36,0)),IFERROR(VLOOKUP($B40,'SCHEDA BULLONERIA'!$A$6:$D$36,4,FALSE)*1,0),""))))) | H40: PILASTRO CUSCINETTO | I40: 1
A41: 37 | B41: TTS.PC.001.IPE140.29 | C41: Pilastro cuscinetto trave IPE 140 mt.2,90 | D41: Carpenteria metallica | E41: pz | F41: =IFERROR(VLOOKUP($B41,'SCHEDA STRUTTURA'!$A$17:$E$417,5,FALSE),"") | G41: =IF($B41="","",IF(ISNUMBER(MATCH($B41,'SCHEDA STRUTTURA'!$A$17:$A$147,0)),IFERROR(VLOOKUP($B41,'SCHEDA STRUTTURA'!$A$17:$G$147,6,FALSE)*1,0)+IFERROR(VLOOKUP($B41,'SCHEDA STRUTTURA'!$A$17:$G$147,7,FALSE)*1,0),IF(ISNUMBER(MATCH($B41,'SCHEDA PEZZI SPECIALI'!$A$38:$A$59,0)),IFERROR(VLOOKUP($B41,'SCHEDA PEZZI SPECIALI'!$A$38:$F$59,5,FALSE)*1,0)+IFERROR(VLOOKUP($B41,'SCHEDA PEZZI SPECIALI'!$A$38:$F$59,6,FALSE)*1,0),IF(ISNUMBER(MATCH($B41,'SCHEDA ELETTROMECCANICA'!$A$5:$A$14,0)),IFERROR(VLOOKUP($B41,'SCHEDA ELETTROMECCANICA'!$A$5:$D$14,4,FALSE)*1,0),IF(ISNUMBER(MATCH($B41,'SCHEDA BULLONERIA'!$A$6:$A$36,0)),IFERROR(VLOOKUP($B41,'SCHEDA BULLONERIA'!$A$6:$D$36,4,FALSE)*1,0),""))))) | H41: PILASTRO CUSCINETTO | I41: 1
A42: 38 | B42: TTS.PC.001.IPEA140.29 | C42: Pilastro cuscinetto trave IPEA 140 mt.2,90 (alleggerita) | D42: Carpenteria metallica | E42: pz | F42: =IFERROR(VLOOKUP($B42,'SCHEDA STRUTTURA'!$A$17:$E$417,5,FALSE),"") | G42: =IF($B42="","",IF(ISNUMBER(MATCH($B42,'SCHEDA STRUTTURA'!$A$17:$A$147,0)),IFERROR(VLOOKUP($B42,'SCHEDA STRUTTURA'!$A$17:$G$147,6,FALSE)*1,0)+IFERROR(VLOOKUP($B42,'SCHEDA STRUTTURA'!$A$17:$G$147,7,FALSE)*1,0),IF(ISNUMBER(MATCH($B42,'SCHEDA PEZZI SPECIALI'!$A$38:$A$59,0)),IFERROR(VLOOKUP($B42,'SCHEDA PEZZI SPECIALI'!$A$38:$F$59,5,FALSE)*1,0)+IFERROR(VLOOKUP($B42,'SCHEDA PEZZI SPECIALI'!$A$38:$F$59,6,FALSE)*1,0),IF(ISNUMBER(MATCH($B42,'SCHEDA ELETTROMECCANICA'!$A$5:$A$14,0)),IFERROR(VLOOKUP($B42,'SCHEDA ELETTROMECCANICA'!$A$5:$D$14,4,FALSE)*1,0),IF(ISNUMBER(MATCH($B42,'SCHEDA BULLONERIA'!$A$6:$A$36,0)),IFERROR(VLOOKUP($B42,'SCHEDA BULLONERIA'!$A$6:$D$36,4,FALSE)*1,0),""))))) | H42: PILASTRO CUSCINETTO | I42: 1
A43: 39 | B43: TTS.PC.001.IPE140.30 | C43: Pilastro cuscinetto trave IPE 140 mt.3,00 | D43: Carpenteria metallica | E43: pz | F43: =IFERROR(VLOOKUP($B43,'SCHEDA STRUTTURA'!$A$17:$E$417,5,FALSE),"") | G43: =IF($B43="","",IF(ISNUMBER(MATCH($B43,'SCHEDA STRUTTURA'!$A$17:$A$147,0)),IFERROR(VLOOKUP($B43,'SCHEDA STRUTTURA'!$A$17:$G$147,6,FALSE)*1,0)+IFERROR(VLOOKUP($B43,'SCHEDA STRUTTURA'!$A$17:$G$147,7,FALSE)*1,0),IF(ISNUMBER(MATCH($B43,'SCHEDA PEZZI SPECIALI'!$A$38:$A$59,0)),IFERROR(VLOOKUP($B43,'SCHEDA PEZZI SPECIALI'!$A$38:$F$59,5,FALSE)*1,0)+IFERROR(VLOOKUP($B43,'SCHEDA PEZZI SPECIALI'!$A$38:$F$59,6,FALSE)*1,0),IF(ISNUMBER(MATCH($B43,'SCHEDA ELETTROMECCANICA'!$A$5:$A$14,0)),IFERROR(VLOOKUP($B43,'SCHEDA ELETTROMECCANICA'!$A$5:$D$14,4,FALSE)*1,0),IF(ISNUMBER(MATCH($B43,'SCHEDA BULLONERIA'!$A$6:$A$36,0)),IFERROR(VLOOKUP($B43,'SCHEDA BULLONERIA'!$A$6:$D$36,4,FALSE)*1,0),""))))) | H43: PILASTRO CUSCINETTO | I43: 1
A44: 40 | B44: TTS.PC.001.IPEA140.30 | C44: Pilastro cuscinetto trave IPEA 140 mt.3,00 (alleggerita) | D44: Carpenteria metallica | E44: pz | F44: =IFERROR(VLOOKUP($B44,'SCHEDA STRUTTURA'!$A$17:$E$417,5,FALSE),"") | G44: =IF($B44="","",IF(ISNUMBER(MATCH($B44,'SCHEDA STRUTTURA'!$A$17:$A$147,0)),IFERROR(VLOOKUP($B44,'SCHEDA STRUTTURA'!$A$17:$G$147,6,FALSE)*1,0)+IFERROR(VLOOKUP($B44,'SCHEDA STRUTTURA'!$A$17:$G$147,7,FALSE)*1,0),IF(ISNUMBER(MATCH($B44,'SCHEDA PEZZI SPECIALI'!$A$38:$A$59,0)),IFERROR(VLOOKUP($B44,'SCHEDA PEZZI SPECIALI'!$A$38:$F$59,5,FALSE)*1,0)+IFERROR(VLOOKUP($B44,'SCHEDA PEZZI SPECIALI'!$A$38:$F$59,6,FALSE)*1,0),IF(ISNUMBER(MATCH($B44,'SCHEDA ELETTROMECCANICA'!$A$5:$A$14,0)),IFERROR(VLOOKUP($B44,'SCHEDA ELETTROMECCANICA'!$A$5:$D$14,4,FALSE)*1,0),IF(ISNUMBER(MATCH($B44,'SCHEDA BULLONERIA'!$A$6:$A$36,0)),IFERROR(VLOOKUP($B44,'SCHEDA BULLONERIA'!$A$6:$D$36,4,FALSE)*1,0),""))))) | H44: PILASTRO CUSCINETTO | I44: 1
A45: 41 | B45: TTS.PC.001.IPE140.31 | C45: Pilastro cuscinetto trave IPE 140 mt.3,10 | D45: Carpenteria metallica | E45: pz | F45: =IFERROR(VLOOKUP($B45,'SCHEDA STRUTTURA'!$A$17:$E$417,5,FALSE),"") | G45: =IF($B45="","",IF(ISNUMBER(MATCH($B45,'SCHEDA STRUTTURA'!$A$17:$A$147,0)),IFERROR(VLOOKUP($B45,'SCHEDA STRUTTURA'!$A$17:$G$147,6,FALSE)*1,0)+IFERROR(VLOOKUP($B45,'SCHEDA STRUTTURA'!$A$17:$G$147,7,FALSE)*1,0),IF(ISNUMBER(MATCH($B45,'SCHEDA PEZZI SPECIALI'!$A$38:$A$59,0)),IFERROR(VLOOKUP($B45,'SCHEDA PEZZI SPECIALI'!$A$38:$F$59,5,FALSE)*1,0)+IFERROR(VLOOKUP($B45,'SCHEDA PEZZI SPECIALI'!$A$38:$F$59,6,FALSE)*1,0),IF(ISNUMBER(MATCH($B45,'SCHEDA ELETTROMECCANICA'!$A$5:$A$14,0)),IFERROR(VLOOKUP($B45,'SCHEDA ELETTROMECCANICA'!$A$5:$D$14,4,FALSE)*1,0),IF(ISNUMBER(MATCH($B45,'SCHEDA BULLONERIA'!$A$6:$A$36,0)),IFERROR(VLOOKUP($B45,'SCHEDA BULLONERIA'!$A$6:$D$36,4,FALSE)*1,0),""))))) | H45: PILASTRO CUSCINETTO | I45: 1
A46: 42 | B46: TTS.PC.001.IPEA140.31 | C46: Pilastro cuscinetto trave IPEA 140 mt.3,10 (alleggerita) | D46: Carpenteria metallica | E46: pz | F46: =IFERROR(VLOOKUP($B46,'SCHEDA STRUTTURA'!$A$17:$E$417,5,FALSE),"") | G46: =IF($B46="","",IF(ISNUMBER(MATCH($B46,'SCHEDA STRUTTURA'!$A$17:$A$147,0)),IFERROR(VLOOKUP($B46,'SCHEDA STRUTTURA'!$A$17:$G$147,6,FALSE)*1,0)+IFERROR(VLOOKUP($B46,'SCHEDA STRUTTURA'!$A$17:$G$147,7,FALSE)*1,0),IF(ISNUMBER(MATCH($B46,'SCHEDA PEZZI SPECIALI'!$A$38:$A$59,0)),IFERROR(VLOOKUP($B46,'SCHEDA PEZZI SPECIALI'!$A$38:$F$59,5,FALSE)*1,0)+IFERROR(VLOOKUP($B46,'SCHEDA PEZZI SPECIALI'!$A$38:$F$59,6,FALSE)*1,0),IF(ISNUMBER(MATCH($B46,'SCHEDA ELETTROMECCANICA'!$A$5:$A$14,0)),IFERROR(VLOOKUP($B46,'SCHEDA ELETTROMECCANICA'!$A$5:$D$14,4,FALSE)*1,0),IF(ISNUMBER(MATCH($B46,'SCHEDA BULLONERIA'!$A$6:$A$36,0)),IFERROR(VLOOKUP($B46,'SCHEDA BULLONERIA'!$A$6:$D$36,4,FALSE)*1,0),""))))) | H46: PILASTRO CUSCINETTO | I46: 1
A47: 43 | B47: TTS.PC.001.IPE140.32 | C47: Pilastro cuscinetto trave IPE 140 mt.3,20 | D47: Carpenteria metallica | E47: pz | F47: =IFERROR(VLOOKUP($B47,'SCHEDA STRUTTURA'!$A$17:$E$417,5,FALSE),"") | G47: =IF($B47="","",IF(ISNUMBER(MATCH($B47,'SCHEDA STRUTTURA'!$A$17:$A$147,0)),IFERROR(VLOOKUP($B47,'SCHEDA STRUTTURA'!$A$17:$G$147,6,FALSE)*1,0)+IFERROR(VLOOKUP($B47,'SCHEDA STRUTTURA'!$A$17:$G$147,7,FALSE)*1,0),IF(ISNUMBER(MATCH($B47,'SCHEDA PEZZI SPECIALI'!$A$38:$A$59,0)),IFERROR(VLOOKUP($B47,'SCHEDA PEZZI SPECIALI'!$A$38:$F$59,5,FALSE)*1,0)+IFERROR(VLOOKUP($B47,'SCHEDA PEZZI SPECIALI'!$A$38:$F$59,6,FALSE)*1,0),IF(ISNUMBER(MATCH($B47,'SCHEDA ELETTROMECCANICA'!$A$5:$A$14,0)),IFERROR(VLOOKUP($B47,'SCHEDA ELETTROMECCANICA'!$A$5:$D$14,4,FALSE)*1,0),IF(ISNUMBER(MATCH($B47,'SCHEDA BULLONERIA'!$A$6:$A$36,0)),IFERROR(VLOOKUP($B47,'SCHEDA BULLONERIA'!$A$6:$D$36,4,FALSE)*1,0),""))))) | H47: PILASTRO CUSCINETTO | I47: 1
A48: 44 | B48: TTS.PC.001.IPEA140.32 | C48: Pilastro cuscinetto trave IPEA 140 mt.3,20 (alleggerita) | D48: Carpenteria metallica | E48: pz | F48: =IFERROR(VLOOKUP($B48,'SCHEDA STRUTTURA'!$A$17:$E$417,5,FALSE),"") | G48: =IF($B48="","",IF(ISNUMBER(MATCH($B48,'SCHEDA STRUTTURA'!$A$17:$A$147,0)),IFERROR(VLOOKUP($B48,'SCHEDA STRUTTURA'!$A$17:$G$147,6,FALSE)*1,0)+IFERROR(VLOOKUP($B48,'SCHEDA STRUTTURA'!$A$17:$G$147,7,FALSE)*1,0),IF(ISNUMBER(MATCH($B48,'SCHEDA PEZZI SPECIALI'!$A$38:$A$59,0)),IFERROR(VLOOKUP($B48,'SCHEDA PEZZI SPECIALI'!$A$38:$F$59,5,FALSE)*1,0)+IFERROR(VLOOKUP($B48,'SCHEDA PEZZI SPECIALI'!$A$38:$F$59,6,FALSE)*1,0),IF(ISNUMBER(MATCH($B48,'SCHEDA ELETTROMECCANICA'!$A$5:$A$14,0)),IFERROR(VLOOKUP($B48,'SCHEDA ELETTROMECCANICA'!$A$5:$D$14,4,FALSE)*1,0),IF(ISNUMBER(MATCH($B48,'SCHEDA BULLONERIA'!$A$6:$A$36,0)),IFERROR(VLOOKUP($B48,'SCHEDA BULLONERIA'!$A$6:$D$36,4,FALSE)*1,0),""))))) | H48: PILASTRO CUSCINETTO | I48: 1
... A78: 74 | B78: TTS.PC.001.IPEA140.23.FQA | C78: Pilastro cuscinetto trave ipea140 x mt. 2,30 con foratura alloggiamento quadro area (alleggerita) | D78: Carpenteria metallica | E78: pz | F78: =IFERROR(VLOOKUP($B78,'SCHEDA STRUTTURA'!$A$17:$E$417,5,FALSE),"") | G78: =IF($B78="","",IF(ISNUMBER(MATCH($B78,'SCHEDA STRUTTURA'!$A$17:$A$147,0)),IFERROR(VLOOKUP($B78,'SCHEDA STRUTTURA'!$A$17:$G$147,6,FALSE)*1,0)+IFERROR(VLOOKUP($B78,'SCHEDA STRUTTURA'!$A$17:$G$147,7,FALSE)*1,0),IF(ISNUMBER(MATCH($B78,'SCHEDA PEZZI SPECIALI'!$A$38:$A$59,0)),IFERROR(VLOOKUP($B78,'SCHEDA PEZZI SPECIALI'!$A$38:$F$59,5,FALSE)*1,0)+IFERROR(VLOOKUP($B78,'SCHEDA PEZZI SPECIALI'!$A$38:$F$59,6,FALSE)*1,0),IF(ISNUMBER(MATCH($B78,'SCHEDA ELETTROMECCANICA'!$A$5:$A$14,0)),IFERROR(VLOOKUP($B78,'SCHEDA ELETTROMECCANICA'!$A$5:$D$14,4,FALSE)*1,0),IF(ISNUMBER(MATCH($B78,'SCHEDA BULLONERIA'!$A$6:$A$36,0)),IFERROR(VLOOKUP($B78,'SCHEDA BULLONERIA'!$A$6:$D$36,4,FALSE)*1,0),""))))) | H78: kit quadri area | I78: 1
A79: 75 | B79: TTS.PC.002.IPE140 | C79: Supporto laterale testa cuscinetto | D79: Carpenteria metallica | E79: pz | F79: =IFERROR(VLOOKUP($B79,'SCHEDA PEZZI SPECIALI'!$A$38:$F$400,4,FALSE),"") | G79: =IF($B79="","",IF(ISNUMBER(MATCH($B79,'SCHEDA STRUTTURA'!$A$17:$A$147,0)),IFERROR(VLOOKUP($B79,'SCHEDA STRUTTURA'!$A$17:$G$147,6,FALSE)*1,0)+IFERROR(VLOOKUP($B79,'SCHEDA STRUTTURA'!$A$17:$G$147,7,FALSE)*1,0),IF(ISNUMBER(MATCH($B79,'SCHEDA PEZZI SPECIALI'!$A$38:$A$59,0)),IFERROR(VLOOKUP($B79,'SCHEDA PEZZI SPECIALI'!$A$38:$F$59,5,FALSE)*1,0)+IFERROR(VLOOKUP($B79,'SCHEDA PEZZI SPECIALI'!$A$38:$F$59,6,FALSE)*1,0),IF(ISNUMBER(MATCH($B79,'SCHEDA ELETTROMECCANICA'!$A$5:$A$14,0)),IFERROR(VLOOKUP($B79,'SCHEDA ELETTROMECCANICA'!$A$5:$D$14,4,FALSE)*1,0),IF(ISNUMBER(MATCH($B79,'SCHEDA BULLONERIA'!$A$6:$A$36,0)),IFERROR(VLOOKUP($B79,'SCHEDA BULLONERIA'!$A$6:$D$36,4,FALSE)*1,0),""))))) | H79: PILASTRO CUSCINETTO | I79: 1
A80: 76 | B80: TTS.PC.003.IPE140 | C80: Supporto testa cuscinetto | D80: Carpenteria metallica | E80: pz | F80: =IFERROR(VLOOKUP($B80,'SCHEDA PEZZI SPECIALI'!$A$38:$F$400,4,FALSE),"") | G80: =IF($B80="","",IF(ISNUMBER(MATCH($B80,'SCHEDA STRUTTURA'!$A$17:$A$147,0)),IFERROR(VLOOKUP($B80,'SCHEDA STRUTTURA'!$A$17:$G$147,6,FALSE)*1,0)+IFERROR(VLOOKUP($B80,'SCHEDA STRUTTURA'!$A$17:$G$147,7,FALSE)*1,0),IF(ISNUMBER(MATCH($B80,'SCHEDA PEZZI SPECIALI'!$A$38:$A$59,0)),IFERROR(VLOOKUP($B80,'SCHEDA PEZZI SPECIALI'!$A$38:$F$59,5,FALSE)*1,0)+IFERROR(VLOOKUP($B80,'SCHEDA PEZZI SPECIALI'!$A$38:$F$59,6,FALSE)*1,0),IF(ISNUMBER(MATCH($B80,'SCHEDA ELETTROMECCANICA'!$A$5:$A$14,0)),IFERROR(VLOOKUP($B80,'SCHEDA ELETTROMECCANICA'!$A$5:$D$14,4,FALSE)*1,0),IF(ISNUMBER(MATCH($B80,'SCHEDA BULLONERIA'!$A$6:$A$36,0)),IFERROR(VLOOKUP($B80,'SCHEDA BULLONERIA'!$A$6:$D$36,4,FALSE)*1,0),""))))) | H80: PILASTRO CUSCINETTO | I80: 1
A81: 77 | B81: TTS.PC.2011.1076 | C81: Angolare 40x40x4 lungo 1076 mm. supporto inferiore | D81: Carpenteria metallica | E81: pz | F81: =IFERROR(VLOOKUP($B81,'SCHEDA PEZZI SPECIALI'!$A$38:$F$400,4,FALSE),"") | G81: =IF($B81="","",IF(ISNUMBER(MATCH($B81,'SCHEDA STRUTTURA'!$A$17:$A$147,0)),IFERROR(VLOOKUP($B81,'SCHEDA STRUTTURA'!$A$17:$G$147,6,FALSE)*1,0)+IFERROR(VLOOKUP($B81,'SCHEDA STRUTTURA'!$A$17:$G$147,7,FALSE)*1,0),IF(ISNUMBER(MATCH($B81,'SCHEDA PEZZI SPECIALI'!$A$38:$A$59,0)),IFERROR(VLOOKUP($B81,'SCHEDA PEZZI SPECIALI'!$A$38:$F$59,5,FALSE)*1,0)+IFERROR(VLOOKUP($B81,'SCHEDA PEZZI SPECIALI'!$A$38:$F$59,6,FALSE)*1,0),IF(ISNUMBER(MATCH($B81,'SCHEDA ELETTROMECCANICA'!$A$5:$A$14,0)),IFERROR(VLOOKUP($B81,'SCHEDA ELETTROMECCANICA'!$A$5:$D$14,4,FALSE)*1,0),IF(ISNUMBER(MATCH($B81,'SCHEDA BULLONERIA'!$A$6:$A$36,0)),IFERROR(VLOOKUP($B81,'SCHEDA BULLONERIA'!$A$6:$D$36,4,FALSE)*1,0),""))))) | H81: kit quadri inverter | I81: 1
A82: 78 | B82: TTS.PC.2012.1076 | C82: Angolare 40x40x4 lungo1076 mm. supporto superiore | D82: Carpenteria metallica | E82: pz | F82: =IFERROR(VLOOKUP($B82,'SCHEDA PEZZI SPECIALI'!$A$38:$F$400,4,FALSE),"") | G82: =IF($B82="","",IF(ISNUMBER(MATCH($B82,'SCHEDA STRUTTURA'!$A$17:$A$147,0)),IFERROR(VLOOKUP($B82,'SCHEDA STRUTTURA'!$A$17:$G$147,6,FALSE)*1,0)+IFERROR(VLOOKUP($B82,'SCHEDA STRUTTURA'!$A$17:$G$147,7,FALSE)*1,0),IF(ISNUMBER(MATCH($B82,'SCHEDA PEZZI SPECIALI'!$A$38:$A$59,0)),IFERROR(VLOOKUP($B82,'SCHEDA PEZZI SPECIALI'!$A$38:$F$59,5,FALSE)*1,0)+IFERROR(VLOOKUP($B82,'SCHEDA PEZZI SPECIALI'!$A$38:$F$59,6,FALSE)*1,0),IF(ISNUMBER(MATCH($B82,'SCHEDA ELETTROMECCANICA'!$A$5:$A$14,0)),IFERROR(VLOOKUP($B82,'SCHEDA ELETTROMECCANICA'!$A$5:$D$14,4,FALSE)*1,0),IF(ISNUMBER(MATCH($B82,'SCHEDA BULLONERIA'!$A$6:$A$36,0)),IFERROR(VLOOKUP($B82,'SCHEDA BULLONERIA'!$A$6:$D$36,4,FALSE)*1,0),""))))) | H82: kit quadri inverter | I82: 1
A83: 79 | B83: TTS.PC.2013 | C83: Palo MAX lungo mt.2,040 | D83: Carpenteria metallica | E83: pz | F83: =IFERROR(VLOOKUP($B83,'SCHEDA PEZZI SPECIALI'!$A$38:$F$400,4,FALSE),"") | G83: =IF($B83="","",IF(ISNUMBER(MATCH($B83,'SCHEDA STRUTTURA'!$A$17:$A$147,0)),IFERROR(VLOOKUP($B83,'SCHEDA STRUTTURA'!$A$17:$G$147,6,FALSE)*1,0)+IFERROR(VLOOKUP($B83,'SCHEDA STRUTTURA'!$A$17:$G$147,7,FALSE)*1,0),IF(ISNUMBER(MATCH($B83,'SCHEDA PEZZI SPECIALI'!$A$38:$A$59,0)),IFERROR(VLOOKUP($B83,'SCHEDA PEZZI SPECIALI'!$A$38:$F$59,5,FALSE)*1,0)+IFERROR(VLOOKUP($B83,'SCHEDA PEZZI SPECIALI'!$A$38:$F$59,6,FALSE)*1,0),IF(ISNUMBER(MATCH($B83,'SCHEDA ELETTROMECCANICA'!$A$5:$A$14,0)),IFERROR(VLOOKUP($B83,'SCHEDA ELETTROMECCANICA'!$A$5:$D$14,4,FALSE)*1,0),IF(ISNUMBER(MATCH($B83,'SCHEDA BULLONERIA'!$A$6:$A$36,0)),IFERROR(VLOOKUP($B83,'SCHEDA BULLONERIA'!$A$6:$D$36,4,FALSE)*1,0),""))))) | H83: kit quadri inverter | I83: 1
A84: 80 | B84: TTS.PC.3011 | C84: Angolare 40x40x4 lungo 869 mm. superiore | D84: Carpenteria metallica | E84: pz | F84: =IFERROR(VLOOKUP($B84,'SCHEDA PEZZI SPECIALI'!$A$38:$F$400,4,FALSE),"") | G84: =IF($B84="","",IF(ISNUMBER(MATCH($B84,'SCHEDA STRUTTURA'!$A$17:$A$147,0)),IFERROR(VLOOKUP($B84,'SCHEDA STRUTTURA'!$A$17:$G$147,6,FALSE)*1,0)+IFERROR(VLOOKUP($B84,'SCHEDA STRUTTURA'!$A$17:$G$147,7,FALSE)*1,0),IF(ISNUMBER(MATCH($B84,'SCHEDA PEZZI SPECIALI'!$A$38:$A$59,0)),IFERROR(VLOOKUP($B84,'SCHEDA PEZZI SPECIALI'!$A$38:$F$59,5,FALSE)*1,0)+IFERROR(VLOOKUP($B84,'SCHEDA PEZZI SPECIALI'!$A$38:$F$59,6,FALSE)*1,0),IF(ISNUMBER(MATCH($B84,'SCHEDA ELETTROMECCANICA'!$A$5:$A$14,0)),IFERROR(VLOOKUP($B84,'SCHEDA ELETTROMECCANICA'!$A$5:$D$14,4,FALSE)*1,0),IF(ISNUMBER(MATCH($B84,'SCHEDA BULLONERIA'!$A$6:$A$36,0)),IFERROR(VLOOKUP($B84,'SCHEDA BULLONERIA'!$A$6:$D$36,4,FALSE)*1,0),""))))) | H84: kit quadri area | I84: 1
A85: 81 | B85: TTS.PC.3012 | C85: Angolare 40x40x4 lungo 869 mm. inferiore | D85: Carpenteria metallica | E85: pz | F85: =IFERROR(VLOOKUP($B85,'SCHEDA PEZZI SPECIALI'!$A$38:$F$400,4,FALSE),"") | G85: =IF($B85="","",IF(ISNUMBER(MATCH($B85,'SCHEDA STRUTTURA'!$A$17:$A$147,0)),IFERROR(VLOOKUP($B85,'SCHEDA STRUTTURA'!$A$17:$G$147,6,FALSE)*1,0)+IFERROR(VLOOKUP($B85,'SCHEDA STRUTTURA'!$A$17:$G$147,7,FALSE)*1,0),IF(ISNUMBER(MATCH($B85,'SCHEDA PEZZI SPECIALI'!$A$38:$A$59,0)),IFERROR(VLOOKUP($B85,'SCHEDA PEZZI SPECIALI'!$A$38:$F$59,5,FALSE)*1,0)+IFERROR(VLOOKUP($B85,'SCHEDA PEZZI SPECIALI'!$A$38:$F$59,6,FALSE)*1,0),IF(ISNUMBER(MATCH($B85,'SCHEDA ELETTROMECCANICA'!$A$5:$A$14,0)),IFERROR(VLOOKUP($B85,'SCHEDA ELETTROMECCANICA'!$A$5:$D$14,4,FALSE)*1,0),IF(ISNUMBER(MATCH($B85,'SCHEDA BULLONERIA'!$A$6:$A$36,0)),IFERROR(VLOOKUP($B85,'SCHEDA BULLONERIA'!$A$6:$D$36,4,FALSE)*1,0),""))))) | H85: kit quadri area | I85: 1
A86: 82 | B86: TTS.PC.3013 | C86: Palo MAX lungo mt.2,150 | D86: Carpenteria metallica | E86: pz | F86: =IFERROR(VLOOKUP($B86,'SCHEDA PEZZI SPECIALI'!$A$38:$F$400,4,FALSE),"") | G86: =IF($B86="","",IF(ISNUMBER(MATCH($B86,'SCHEDA STRUTTURA'!$A$17:$A$147,0)),IFERROR(VLOOKUP($B86,'SCHEDA STRUTTURA'!$A$17:$G$147,6,FALSE)*1,0)+IFERROR(VLOOKUP($B86,'SCHEDA STRUTTURA'!$A$17:$G$147,7,FALSE)*1,0),IF(ISNUMBER(MATCH($B86,'SCHEDA PEZZI SPECIALI'!$A$38:$A$59,0)),IFERROR(VLOOKUP($B86,'SCHEDA PEZZI SPECIALI'!$A$38:$F$59,5,FALSE)*1,0)+IFERROR(VLOOKUP($B86,'SCHEDA PEZZI SPECIALI'!$A$38:$F$59,6,FALSE)*1,0),IF(ISNUMBER(MATCH($B86,'SCHEDA ELETTROMECCANICA'!$A$5:$A$14,0)),IFERROR(VLOOKUP($B86,'SCHEDA ELETTROMECCANICA'!$A$5:$D$14,4,FALSE)*1,0),IF(ISNUMBER(MATCH($B86,'SCHEDA BULLONERIA'!$A$6:$A$36,0)),IFERROR(VLOOKUP($B86,'SCHEDA BULLONERIA'!$A$6:$D$36,4,FALSE)*1,0),""))))) | H86: kit quadri area | I86: 1
A87: 83 | B87: TTS.PF.001.IPE140.30 | C87: Pilastro fondazione trave IPE140 mt.3,00 | D87: Carpenteria metallica | E87: pz | F87: =IFERROR(VLOOKUP($B87,'SCHEDA STRUTTURA'!$A$17:$E$417,5,FALSE),"") | G87: =IF($B87="","",IF(ISNUMBER(MATCH($B87,'SCHEDA STRUTTURA'!$A$17:$A$147,0)),IFERROR(VLOOKUP($B87,'SCHEDA STRUTTURA'!$A$17:$G$147,6,FALSE)*1,0)+IFERROR(VLOOKUP($B87,'SCHEDA STRUTTURA'!$A$17:$G$147,7,FALSE)*1,0),IF(ISNUMBER(MATCH($B87,'SCHEDA PEZZI SPECIALI'!$A$38:$A$59,0)),IFERROR(VLOOKUP($B87,'SCHEDA PEZZI SPECIALI'!$A$38:$F$59,5,FALSE)*1,0)+IFERROR(VLOOKUP($B87,'SCHEDA PEZZI SPECIALI'!$A$38:$F$59,6,FALSE)*1,0),IF(ISNUMBER(MATCH($B87,'SCHEDA ELETTROMECCANICA'!$A$5:$A$14,0)),IFERROR(VLOOKUP($B87,'SCHEDA ELETTROMECCANICA'!$A$5:$D$14,4,FALSE)*1,0),IF(ISNUMBER(MATCH($B87,'SCHEDA BULLONERIA'!$A$6:$A$36,0)),IFERROR(VLOOKUP($B87,'SCHEDA BULLONERIA'!$A$6:$D$36,4,FALSE)*1,0),""))))) | H87: PILASTRO MOTORE, PILASTRO CUSCINETTO | I87: 2
A88: 84 | B88: TTS.PF.001.IPEA140.30 | C88: Pilastro fondazione trave IPEA140 mt.3,00 (alleggerita) | D88: Carpenteria metallica | E88: pz | F88: =IFERROR(VLOOKUP($B88,'SCHEDA STRUTTURA'!$A$17:$E$417,5,FALSE),"") | G88: =IF($B88="","",IF(ISNUMBER(MATCH($B88,'SCHEDA STRUTTURA'!$A$17:$A$147,0)),IFERROR(VLOOKUP($B88,'SCHEDA STRUTTURA'!$A$17:$G$147,6,FALSE)*1,0)+IFERROR(VLOOKUP($B88,'SCHEDA STRUTTURA'!$A$17:$G$147,7,FALSE)*1,0),IF(ISNUMBER(MATCH($B88,'SCHEDA PEZZI SPECIALI'!$A$38:$A$59,0)),IFERROR(VLOOKUP($B88,'SCHEDA PEZZI SPECIALI'!$A$38:$F$59,5,FALSE)*1,0)+IFERROR(VLOOKUP($B88,'SCHEDA PEZZI SPECIALI'!$A$38:$F$59,6,FALSE)*1,0),IF(ISNUMBER(MATCH($B88,'SCHEDA ELETTROMECCANICA'!$A$5:$A$14,0)),IFERROR(VLOOKUP($B88,'SCHEDA ELETTROMECCANICA'!$A$5:$D$14,4,FALSE)*1,0),IF(ISNUMBER(MATCH($B88,'SCHEDA BULLONERIA'!$A$6:$A$36,0)),IFERROR(VLOOKUP($B88,'SCHEDA BULLONERIA'!$A$6:$D$36,4,FALSE)*1,0),""))))) | H88: PILASTRO MOTORE | I88: 1
A89: 85 | B89: TTS.PF.001.IPE140.26 | C89: Pilastro fondazione trave IPE140 mt.2,60 | D89: Carpenteria metallica | E89: pz | F89: =IFERROR(VLOOKUP($B89,'SCHEDA STRUTTURA'!$A$17:$E$417,5,FALSE),"") | G89: =IF($B89="","",IF(ISNUMBER(MATCH($B89,'SCHEDA STRUTTURA'!$A$17:$A$147,0)),IFERROR(VLOOKUP($B89,'SCHEDA STRUTTURA'!$A$17:$G$147,6,FALSE)*1,0)+IFERROR(VLOOKUP($B89,'SCHEDA STRUTTURA'!$A$17:$G$147,7,FALSE)*1,0),IF(ISNUMBER(MATCH($B89,'SCHEDA PEZZI SPECIALI'!$A$38:$A$59,0)),IFERROR(VLOOKUP($B89,'SCHEDA PEZZI SPECIALI'!$A$38:$F$59,5,FALSE)*1,0)+IFERROR(VLOOKUP($B89,'SCHEDA PEZZI SPECIALI'!$A$38:$F$59,6,FALSE)*1,0),IF(ISNUMBER(MATCH($B89,'SCHEDA ELETTROMECCANICA'!$A$5:$A$14,0)),IFERROR(VLOOKUP($B89,'SCHEDA ELETTROMECCANICA'!$A$5:$D$14,4,FALSE)*1,0),IF(ISNUMBER(MATCH($B89,'SCHEDA BULLONERIA'!$A$6:$A$36,0)),IFERROR(VLOOKUP($B89,'SCHEDA BULLONERIA'!$A$6:$D$36,4,FALSE)*1,0),""))))) | H89: PILASTRO MOTORE | I89: 1
A90: 86 | B90: TTS.PF.001.IPEA140.26 | C90: Pilastro fondazione trave IPEA140 mt.2,60 (alleggerita) | D90: Carpenteria metallica | E90: pz | F90: =IFERROR(VLOOKUP($B90,'SCHEDA STRUTTURA'!$A$17:$E$417,5,FALSE),"") | G90: =IF($B90="","",IF(ISNUMBER(MATCH($B90,'SCHEDA STRUTTURA'!$A$17:$A$147,0)),IFERROR(VLOOKUP($B90,'SCHEDA STRUTTURA'!$A$17:$G$147,6,FALSE)*1,0)+IFERROR(VLOOKUP($B90,'SCHEDA STRUTTURA'!$A$17:$G$147,7,FALSE)*1,0),IF(ISNUMBER(MATCH($B90,'SCHEDA PEZZI SPECIALI'!$A$38:$A$59,0)),IFERROR(VLOOKUP($B90,'SCHEDA PEZZI SPECIALI'!$A$38:$F$59,5,FALSE)*1,0)+IFERROR(VLOOKUP($B90,'SCHEDA PEZZI SPECIALI'!$A$38:$F$59,6,FALSE)*1,0),IF(ISNUMBER(MATCH($B90,'SCHEDA ELETTROMECCANICA'!$A$5:$A$14,0)),IFERROR(VLOOKUP($B90,'SCHEDA ELETTROMECCANICA'!$A$5:$D$14,4,FALSE)*1,0),IF(ISNUMBER(MATCH($B90,'SCHEDA BULLONERIA'!$A$6:$A$36,0)),IFERROR(VLOOKUP($B90,'SCHEDA BULLONERIA'!$A$6:$D$36,4,FALSE)*1,0),""))))) | H90: PILASTRO MOTORE | I90: 1
A91: 87 | B91: TTS.PF.001.IPE140.27 | C91: Pilastro fondazione trave IPE140 mt.2,70 | D91: Carpenteria metallica | E91: pz | F91: =IFERROR(VLOOKUP($B91,'SCHEDA STRUTTURA'!$A$17:$E$417,5,FALSE),"") | G91: =IF($B91="","",IF(ISNUMBER(MATCH($B91,'SCHEDA STRUTTURA'!$A$17:$A$147,0)),IFERROR(VLOOKUP($B91,'SCHEDA STRUTTURA'!$A$17:$G$147,6,FALSE)*1,0)+IFERROR(VLOOKUP($B91,'SCHEDA STRUTTURA'!$A$17:$G$147,7,FALSE)*1,0),IF(ISNUMBER(MATCH($B91,'SCHEDA PEZZI SPECIALI'!$A$38:$A$59,0)),IFERROR(VLOOKUP($B91,'SCHEDA PEZZI SPECIALI'!$A$38:$F$59,5,FALSE)*1,0)+IFERROR(VLOOKUP($B91,'SCHEDA PEZZI SPECIALI'!$A$38:$F$59,6,FALSE)*1,0),IF(ISNUMBER(MATCH($B91,'SCHEDA ELETTROMECCANICA'!$A$5:$A$14,0)),IFERROR(VLOOKUP($B91,'SCHEDA ELETTROMECCANICA'!$A$5:$D$14,4,FALSE)*1,0),IF(ISNUMBER(MATCH($B91,'SCHEDA BULLONERIA'!$A$6:$A$36,0)),IFERROR(VLOOKUP($B91,'SCHEDA BULLONERIA'!$A$6:$D$36,4,FALSE)*1,0),""))))) | H91: PILASTRO MOTORE | I91: 1
A92: 88 | B92: TTS.PF.001.IPEA140.27 | C92: Pilastro fondazione trave IPEA140 mt.2,70 (alleggerita) | D92: Carpenteria metallica | E92: pz | F92: =IFERROR(VLOOKUP($B92,'SCHEDA STRUTTURA'!$A$17:$E$417,5,FALSE),"") | G92: =IF($B92="","",IF(ISNUMBER(MATCH($B92,'SCHEDA STRUTTURA'!$A$17:$A$147,0)),IFERROR(VLOOKUP($B92,'SCHEDA STRUTTURA'!$A$17:$G$147,6,FALSE)*1,0)+IFERROR(VLOOKUP($B92,'SCHEDA STRUTTURA'!$A$17:$G$147,7,FALSE)*1,0),IF(ISNUMBER(MATCH($B92,'SCHEDA PEZZI SPECIALI'!$A$38:$A$59,0)),IFERROR(VLOOKUP($B92,'SCHEDA PEZZI SPECIALI'!$A$38:$F$59,5,FALSE)*1,0)+IFERROR(VLOOKUP($B92,'SCHEDA PEZZI SPECIALI'!$A$38:$F$59,6,FALSE)*1,0),IF(ISNUMBER(MATCH($B92,'SCHEDA ELETTROMECCANICA'!$A$5:$A$14,0)),IFERROR(VLOOKUP($B92,'SCHEDA ELETTROMECCANICA'!$A$5:$D$14,4,FALSE)*1,0),IF(ISNUMBER(MATCH($B92,'SCHEDA BULLONERIA'!$A$6:$A$36,0)),IFERROR(VLOOKUP($B92,'SCHEDA BULLONERIA'!$A$6:$D$36,4,FALSE)*1,0),""))))) | H92: PILASTRO MOTORE | I92: 1
A93: 89 | B93: TTS.PF.001.IPE140.28 | C93: Pilastro fondazione trave IPE140 mt.2,80 | D93: Carpenteria metallica | E93: pz | F93: =IFERROR(VLOOKUP($B93,'SCHEDA STRUTTURA'!$A$17:$E$417,5,FALSE),"") | G93: =IF($B93="","",IF(ISNUMBER(MATCH($B93,'SCHEDA STRUTTURA'!$A$17:$A$147,0)),IFERROR(VLOOKUP($B93,'SCHEDA STRUTTURA'!$A$17:$G$147,6,FALSE)*1,0)+IFERROR(VLOOKUP($B93,'SCHEDA STRUTTURA'!$A$17:$G$147,7,FALSE)*1,0),IF(ISNUMBER(MATCH($B93,'SCHEDA PEZZI SPECIALI'!$A$38:$A$59,0)),IFERROR(VLOOKUP($B93,'SCHEDA PEZZI SPECIALI'!$A$38:$F$59,5,FALSE)*1,0)+IFERROR(VLOOKUP($B93,'SCHEDA PEZZI SPECIALI'!$A$38:$F$59,6,FALSE)*1,0),IF(ISNUMBER(MATCH($B93,'SCHEDA ELETTROMECCANICA'!$A$5:$A$14,0)),IFERROR(VLOOKUP($B93,'SCHEDA ELETTROMECCANICA'!$A$5:$D$14,4,FALSE)*1,0),IF(ISNUMBER(MATCH($B93,'SCHEDA BULLONERIA'!$A$6:$A$36,0)),IFERROR(VLOOKUP($B93,'SCHEDA BULLONERIA'!$A$6:$D$36,4,FALSE)*1,0),""))))) | H93: PILASTRO MOTORE | I93: 1
A94: 90 | B94: TTS.PF.001.IPEA140.28 | C94: Pilastro fondazione trave IPEA140 mt.2,80 (alleggerita) | D94: Carpenteria metallica | E94: pz | F94: =IFERROR(VLOOKUP($B94,'SCHEDA STRUTTURA'!$A$17:$E$417,5,FALSE),"") | G94: =IF($B94="","",IF(ISNUMBER(MATCH($B94,'SCHEDA STRUTTURA'!$A$17:$A$147,0)),IFERROR(VLOOKUP($B94,'SCHEDA STRUTTURA'!$A$17:$G$147,6,FALSE)*1,0)+IFERROR(VLOOKUP($B94,'SCHEDA STRUTTURA'!$A$17:$G$147,7,FALSE)*1,0),IF(ISNUMBER(MATCH($B94,'SCHEDA PEZZI SPECIALI'!$A$38:$A$59,0)),IFERROR(VLOOKUP($B94,'SCHEDA PEZZI SPECIALI'!$A$38:$F$59,5,FALSE)*1,0)+IFERROR(VLOOKUP($B94,'SCHEDA PEZZI SPECIALI'!$A$38:$F$59,6,FALSE)*1,0),IF(ISNUMBER(MATCH($B94,'SCHEDA ELETTROMECCANICA'!$A$5:$A$14,0)),IFERROR(VLOOKUP($B94,'SCHEDA ELETTROMECCANICA'!$A$5:$D$14,4,FALSE)*1,0),IF(ISNUMBER(MATCH($B94,'SCHEDA BULLONERIA'!$A$6:$A$36,0)),IFERROR(VLOOKUP($B94,'SCHEDA BULLONERIA'!$A$6:$D$36,4,FALSE)*1,0),""))))) | H94: PILASTRO MOTORE | I94: 1
A95: 91 | B95: TTS.PF.001.IPE140.29 | C95: Pilastro fondazione trave IPE140 mt.2,90 | D95: Carpenteria metallica | E95: pz | F95: =IFERROR(VLOOKUP($B95,'SCHEDA STRUTTURA'!$A$17:$E$417,5,FALSE),"") | G95: =IF($B95="","",IF(ISNUMBER(MATCH($B95,'SCHEDA STRUTTURA'!$A$17:$A$147,0)),IFERROR(VLOOKUP($B95,'SCHEDA STRUTTURA'!$A$17:$G$147,6,FALSE)*1,0)+IFERROR(VLOOKUP($B95,'SCHEDA STRUTTURA'!$A$17:$G$147,7,FALSE)*1,0),IF(ISNUMBER(MATCH($B95,'SCHEDA PEZZI SPECIALI'!$A$38:$A$59,0)),IFERROR(VLOOKUP($B95,'SCHEDA PEZZI SPECIALI'!$A$38:$F$59,5,FALSE)*1,0)+IFERROR(VLOOKUP($B95,'SCHEDA PEZZI SPECIALI'!$A$38:$F$59,6,FALSE)*1,0),IF(ISNUMBER(MATCH($B95,'SCHEDA ELETTROMECCANICA'!$A$5:$A$14,0)),IFERROR(VLOOKUP($B95,'SCHEDA ELETTROMECCANICA'!$A$5:$D$14,4,FALSE)*1,0),IF(ISNUMBER(MATCH($B95,'SCHEDA BULLONERIA'!$A$6:$A$36,0)),IFERROR(VLOOKUP($B95,'SCHEDA BULLONERIA'!$A$6:$D$36,4,FALSE)*1,0),""))))) | H95: PILASTRO MOTORE | I95: 1
A96: 92 | B96: TTS.PF.001.IPEA140.29 | C96: Pilastro fondazione trave IPEA140 mt.2,90 (alleggerita) | D96: Carpenteria metallica | E96: pz | F96: =IFERROR(VLOOKUP($B96,'SCHEDA STRUTTURA'!$A$17:$E$417,5,FALSE),"") | G96: =IF($B96="","",IF(ISNUMBER(MATCH($B96,'SCHEDA STRUTTURA'!$A$17:$A$147,0)),IFERROR(VLOOKUP($B96,'SCHEDA STRUTTURA'!$A$17:$G$147,6,FALSE)*1,0)+IFERROR(VLOOKUP($B96,'SCHEDA STRUTTURA'!$A$17:$G$147,7,FALSE)*1,0),IF(ISNUMBER(MATCH($B96,'SCHEDA PEZZI SPECIALI'!$A$38:$A$59,0)),IFERROR(VLOOKUP($B96,'SCHEDA PEZZI SPECIALI'!$A$38:$F$59,5,FALSE)*1,0)+IFERROR(VLOOKUP($B96,'SCHEDA PEZZI SPECIALI'!$A$38:$F$59,6,FALSE)*1,0),IF(ISNUMBER(MATCH($B96,'SCHEDA ELETTROMECCANICA'!$A$5:$A$14,0)),IFERROR(VLOOKUP($B96,'SCHEDA ELETTROMECCANICA'!$A$5:$D$14,4,FALSE)*1,0),IF(ISNUMBER(MATCH($B96,'SCHEDA BULLONERIA'!$A$6:$A$36,0)),IFERROR(VLOOKUP($B96,'SCHEDA BULLONERIA'!$A$6:$D$36,4,FALSE)*1,0),""))))) | H96: PILASTRO MOTORE | I96: 1
A97: 93 | B97: TTS.PF.001.IPE140.31 | C97: Pilastro fondazione trave IPE140 mt.3,10 | D97: Carpenteria metallica | E97: pz | F97: =IFERROR(VLOOKUP($B97,'SCHEDA STRUTTURA'!$A$17:$E$417,5,FALSE),"") | G97: =IF($B97="","",IF(ISNUMBER(MATCH($B97,'SCHEDA STRUTTURA'!$A$17:$A$147,0)),IFERROR(VLOOKUP($B97,'SCHEDA STRUTTURA'!$A$17:$G$147,6,FALSE)*1,0)+IFERROR(VLOOKUP($B97,'SCHEDA STRUTTURA'!$A$17:$G$147,7,FALSE)*1,0),IF(ISNUMBER(MATCH($B97,'SCHEDA PEZZI SPECIALI'!$A$38:$A$59,0)),IFERROR(VLOOKUP($B97,'SCHEDA PEZZI SPECIALI'!$A$38:$F$59,5,FALSE)*1,0)+IFERROR(VLOOKUP($B97,'SCHEDA PEZZI SPECIALI'!$A$38:$F$59,6,FALSE)*1,0),IF(ISNUMBER(MATCH($B97,'SCHEDA ELETTROMECCANICA'!$A$5:$A$14,0)),IFERROR(VLOOKUP($B97,'SCHEDA ELETTROMECCANICA'!$A$5:$D$14,4,FALSE)*1,0),IF(ISNUMBER(MATCH($B97,'SCHEDA BULLONERIA'!$A$6:$A$36,0)),IFERROR(VLOOKUP($B97,'SCHEDA BULLONERIA'!$A$6:$D$36,4,FALSE)*1,0),""))))) | H97: PILASTRO MOTORE | I97: 1
A98: 94 | B98: TTS.PF.001.IPEA140.31 | C98: Pilastro fondazione trave IPEA140 mt.3,10 (alleggerita) | D98: Carpenteria metallica | E98: pz | F98: =IFERROR(VLOOKUP($B98,'SCHEDA STRUTTURA'!$A$17:$E$417,5,FALSE),"") | G98: =IF($B98="","",IF(ISNUMBER(MATCH($B98,'SCHEDA STRUTTURA'!$A$17:$A$147,0)),IFERROR(VLOOKUP($B98,'SCHEDA STRUTTURA'!$A$17:$G$147,6,FALSE)*1,0)+IFERROR(VLOOKUP($B98,'SCHEDA STRUTTURA'!$A$17:$G$147,7,FALSE)*1,0),IF(ISNUMBER(MATCH($B98,'SCHEDA PEZZI SPECIALI'!$A$38:$A$59,0)),IFERROR(VLOOKUP($B98,'SCHEDA PEZZI SPECIALI'!$A$38:$F$59,5,FALSE)*1,0)+IFERROR(VLOOKUP($B98,'SCHEDA PEZZI SPECIALI'!$A$38:$F$59,6,FALSE)*1,0),IF(ISNUMBER(MATCH($B98,'SCHEDA ELETTROMECCANICA'!$A$5:$A$14,0)),IFERROR(VLOOKUP($B98,'SCHEDA ELETTROMECCANICA'!$A$5:$D$14,4,FALSE)*1,0),IF(ISNUMBER(MATCH($B98,'SCHEDA BULLONERIA'!$A$6:$A$36,0)),IFERROR(VLOOKUP($B98,'SCHEDA BULLONERIA'!$A$6:$D$36,4,FALSE)*1,0),""))))) | H98: PILASTRO MOTORE | I98: 1
... A108: 104 | B108: TTS.PF.001.IPEA140.36 | C108: Pilastro fondazione trave IPEA140 mt.3,60 (alleggerita) | D108: Carpenteria metallica | E108: pz | F108: =IFERROR(VLOOKUP($B108,'SCHEDA STRUTTURA'!$A$17:$E$417,5,FALSE),"") | G108: =IF($B108="","",IF(ISNUMBER(MATCH($B108,'SCHEDA STRUTTURA'!$A$17:$A$147,0)),IFERROR(VLOOKUP($B108,'SCHEDA STRUTTURA'!$A$17:$G$147,6,FALSE)*1,0)+IFERROR(VLOOKUP($B108,'SCHEDA STRUTTURA'!$A$17:$G$147,7,FALSE)*1,0),IF(ISNUMBER(MATCH($B108,'SCHEDA PEZZI SPECIALI'!$A$38:$A$59,0)),IFERROR(VLOOKUP($B108,'SCHEDA PEZZI SPECIALI'!$A$38:$F$59,5,FALSE)*1,0)+IFERROR(VLOOKUP($B108,'SCHEDA PEZZI SPECIALI'!$A$38:$F$59,6,FALSE)*1,0),IF(ISNUMBER(MATCH($B108,'SCHEDA ELETTROMECCANICA'!$A$5:$A$14,0)),IFERROR(VLOOKUP($B108,'SCHEDA ELETTROMECCANICA'!$A$5:$D$14,4,FALSE)*1,0),IF(ISNUMBER(MATCH($B108,'SCHEDA BULLONERIA'!$A$6:$A$36,0)),IFERROR(VLOOKUP($B108,'SCHEDA BULLONERIA'!$A$6:$D$36,4,FALSE)*1,0),""))))) | H108: PILASTRO MOTORE | I108: 1
A109: 105 | B109: TTS.PF.002.IPE140 | C109: Piastra giunzione montanti centrali 200x100x4 (8 fori Ø 11) | D109: Carpenteria metallica | E109: pz | F109: =IFERROR(VLOOKUP($B109,'SCHEDA PEZZI SPECIALI'!$A$38:$F$400,4,FALSE),"") | G109: =IF($B109="","",IF(ISNUMBER(MATCH($B109,'SCHEDA STRUTTURA'!$A$17:$A$147,0)),IFERROR(VLOOKUP($B109,'SCHEDA STRUTTURA'!$A$17:$G$147,6,FALSE)*1,0)+IFERROR(VLOOKUP($B109,'SCHEDA STRUTTURA'!$A$17:$G$147,7,FALSE)*1,0),IF(ISNUMBER(MATCH($B109,'SCHEDA PEZZI SPECIALI'!$A$38:$A$59,0)),IFERROR(VLOOKUP($B109,'SCHEDA PEZZI SPECIALI'!$A$38:$F$59,5,FALSE)*1,0)+IFERROR(VLOOKUP($B109,'SCHEDA PEZZI SPECIALI'!$A$38:$F$59,6,FALSE)*1,0),IF(ISNUMBER(MATCH($B109,'SCHEDA ELETTROMECCANICA'!$A$5:$A$14,0)),IFERROR(VLOOKUP($B109,'SCHEDA ELETTROMECCANICA'!$A$5:$D$14,4,FALSE)*1,0),IF(ISNUMBER(MATCH($B109,'SCHEDA BULLONERIA'!$A$6:$A$36,0)),IFERROR(VLOOKUP($B109,'SCHEDA BULLONERIA'!$A$6:$D$36,4,FALSE)*1,0),""))))) | H109: PILASTRO MOTORE, PILASTRO CUSCINETTO | I109: 2
A110: 106 | B110: TTS.PF.003.IPE140 | C110: Piastra giunzione montanti esterna 240x70x6 (12 fori Ø 11) | D110: Carpenteria metallica | E110: pz | F110: =IFERROR(VLOOKUP($B110,'SCHEDA PEZZI SPECIALI'!$A$38:$F$400,4,FALSE),"") | G110: =IF($B110="","",IF(ISNUMBER(MATCH($B110,'SCHEDA STRUTTURA'!$A$17:$A$147,0)),IFERROR(VLOOKUP($B110,'SCHEDA STRUTTURA'!$A$17:$G$147,6,FALSE)*1,0)+IFERROR(VLOOKUP($B110,'SCHEDA STRUTTURA'!$A$17:$G$147,7,FALSE)*1,0),IF(ISNUMBER(MATCH($B110,'SCHEDA PEZZI SPECIALI'!$A$38:$A$59,0)),IFERROR(VLOOKUP($B110,'SCHEDA PEZZI SPECIALI'!$A$38:$F$59,5,FALSE)*1,0)+IFERROR(VLOOKUP($B110,'SCHEDA PEZZI SPECIALI'!$A$38:$F$59,6,FALSE)*1,0),IF(ISNUMBER(MATCH($B110,'SCHEDA ELETTROMECCANICA'!$A$5:$A$14,0)),IFERROR(VLOOKUP($B110,'SCHEDA ELETTROMECCANICA'!$A$5:$D$14,4,FALSE)*1,0),IF(ISNUMBER(MATCH($B110,'SCHEDA BULLONERIA'!$A$6:$A$36,0)),IFERROR(VLOOKUP($B110,'SCHEDA BULLONERIA'!$A$6:$D$36,4,FALSE)*1,0),""))))) | H110: PILASTRO MOTORE, PILASTRO CUSCINETTO | I110: 2
A111: 107 | B111: TTS.PF.004.IPE140 | C111: Piastra giunzione montanti interna 240x25x6 (6 fori Ø 11) | D111: Carpenteria metallica | E111: pz | F111: =IFERROR(VLOOKUP($B111,'SCHEDA PEZZI SPECIALI'!$A$38:$F$400,4,FALSE),"") | G111: =IF($B111="","",IF(ISNUMBER(MATCH($B111,'SCHEDA STRUTTURA'!$A$17:$A$147,0)),IFERROR(VLOOKUP($B111,'SCHEDA STRUTTURA'!$A$17:$G$147,6,FALSE)*1,0)+IFERROR(VLOOKUP($B111,'SCHEDA STRUTTURA'!$A$17:$G$147,7,FALSE)*1,0),IF(ISNUMBER(MATCH($B111,'SCHEDA PEZZI SPECIALI'!$A$38:$A$59,0)),IFERROR(VLOOKUP($B111,'SCHEDA PEZZI SPECIALI'!$A$38:$F$59,5,FALSE)*1,0)+IFERROR(VLOOKUP($B111,'SCHEDA PEZZI SPECIALI'!$A$38:$F$59,6,FALSE)*1,0),IF(ISNUMBER(MATCH($B111,'SCHEDA ELETTROMECCANICA'!$A$5:$A$14,0)),IFERROR(VLOOKUP($B111,'SCHEDA ELETTROMECCANICA'!$A$5:$D$14,4,FALSE)*1,0),IF(ISNUMBER(MATCH($B111,'SCHEDA BULLONERIA'!$A$6:$A$36,0)),IFERROR(VLOOKUP($B111,'SCHEDA BULLONERIA'!$A$6:$D$36,4,FALSE)*1,0),""))))) | H111: PILASTRO MOTORE, PILASTRO CUSCINETTO | I111: 2
A112: 108 | B112: TTS.PM.001.IPE140.22 | C112: Pilastro motore trave ipe140 x 2220 con foratura alloggiamento quadro motore (standard) | D112: Carpenteria metallica | E112: pz | F112: =IFERROR(VLOOKUP($B112,'SCHEDA STRUTTURA'!$A$17:$E$417,5,FALSE),"") | G112: =IF($B112="","",IF(ISNUMBER(MATCH($B112,'SCHEDA STRUTTURA'!$A$17:$A$147,0)),IFERROR(VLOOKUP($B112,'SCHEDA STRUTTURA'!$A$17:$G$147,6,FALSE)*1,0)+IFERROR(VLOOKUP($B112,'SCHEDA STRUTTURA'!$A$17:$G$147,7,FALSE)*1,0),IF(ISNUMBER(MATCH($B112,'SCHEDA PEZZI SPECIALI'!$A$38:$A$59,0)),IFERROR(VLOOKUP($B112,'SCHEDA PEZZI SPECIALI'!$A$38:$F$59,5,FALSE)*1,0)+IFERROR(VLOOKUP($B112,'SCHEDA PEZZI SPECIALI'!$A$38:$F$59,6,FALSE)*1,0),IF(ISNUMBER(MATCH($B112,'SCHEDA ELETTROMECCANICA'!$A$5:$A$14,0)),IFERROR(VLOOKUP($B112,'SCHEDA ELETTROMECCANICA'!$A$5:$D$14,4,FALSE)*1,0),IF(ISNUMBER(MATCH($B112,'SCHEDA BULLONERIA'!$A$6:$A$36,0)),IFERROR(VLOOKUP($B112,'SCHEDA BULLONERIA'!$A$6:$D$36,4,FALSE)*1,0),""))))) | H112: PILASTRO MOTORE, kit quadro motore | I112: 2
A113: 109 | B113: TTS.PM.001.IPEA140.22 | C113: Pilastro motore trave ipea140 x 2220 con foratura alloggiamento quadro motore (alleggerita) | D113: Carpenteria metallica | E113: pz | F113: =IFERROR(VLOOKUP($B113,'SCHEDA STRUTTURA'!$A$17:$E$417,5,FALSE),"") | G113: =IF($B113="","",IF(ISNUMBER(MATCH($B113,'SCHEDA STRUTTURA'!$A$17:$A$147,0)),IFERROR(VLOOKUP($B113,'SCHEDA STRUTTURA'!$A$17:$G$147,6,FALSE)*1,0)+IFERROR(VLOOKUP($B113,'SCHEDA STRUTTURA'!$A$17:$G$147,7,FALSE)*1,0),IF(ISNUMBER(MATCH($B113,'SCHEDA PEZZI SPECIALI'!$A$38:$A$59,0)),IFERROR(VLOOKUP($B113,'SCHEDA PEZZI SPECIALI'!$A$38:$F$59,5,FALSE)*1,0)+IFERROR(VLOOKUP($B113,'SCHEDA PEZZI SPECIALI'!$A$38:$F$59,6,FALSE)*1,0),IF(ISNUMBER(MATCH($B113,'SCHEDA ELETTROMECCANICA'!$A$5:$A$14,0)),IFERROR(VLOOKUP($B113,'SCHEDA ELETTROMECCANICA'!$A$5:$D$14,4,FALSE)*1,0),IF(ISNUMBER(MATCH($B113,'SCHEDA BULLONERIA'!$A$6:$A$36,0)),IFERROR(VLOOKUP($B113,'SCHEDA BULLONERIA'!$A$6:$D$36,4,FALSE)*1,0),""))))) | H113: PILASTRO MOTORE | I113: 1
A114: 110 | B114: TTS.PM.001.IPE140.27 | C114: Pilastro motore trave ipe140 x 2720 con foratura alloggiamento quadro motore (standard) | D114: Carpenteria metallica | E114: pz | F114: =IFERROR(VLOOKUP($B114,'SCHEDA STRUTTURA'!$A$17:$E$417,5,FALSE),"") | G114: =IF($B114="","",IF(ISNUMBER(MATCH($B114,'SCHEDA STRUTTURA'!$A$17:$A$147,0)),IFERROR(VLOOKUP($B114,'SCHEDA STRUTTURA'!$A$17:$G$147,6,FALSE)*1,0)+IFERROR(VLOOKUP($B114,'SCHEDA STRUTTURA'!$A$17:$G$147,7,FALSE)*1,0),IF(ISNUMBER(MATCH($B114,'SCHEDA PEZZI SPECIALI'!$A$38:$A$59,0)),IFERROR(VLOOKUP($B114,'SCHEDA PEZZI SPECIALI'!$A$38:$F$59,5,FALSE)*1,0)+IFERROR(VLOOKUP($B114,'SCHEDA PEZZI SPECIALI'!$A$38:$F$59,6,FALSE)*1,0),IF(ISNUMBER(MATCH($B114,'SCHEDA ELETTROMECCANICA'!$A$5:$A$14,0)),IFERROR(VLOOKUP($B114,'SCHEDA ELETTROMECCANICA'!$A$5:$D$14,4,FALSE)*1,0),IF(ISNUMBER(MATCH($B114,'SCHEDA BULLONERIA'!$A$6:$A$36,0)),IFERROR(VLOOKUP($B114,'SCHEDA BULLONERIA'!$A$6:$D$36,4,FALSE)*1,0),""))))) | H114: PILASTRO MOTORE | I114: 1
A115: 111 | B115: TTS.PM.001.IPEA140.27 | C115: Pilastro motore trave ipea140 x 2720 con foratura alloggiamento quadro motore (alleggerita) | D115: Carpenteria metallica | E115: pz | F115: =IFERROR(VLOOKUP($B115,'SCHEDA STRUTTURA'!$A$17:$E$417,5,FALSE),"") | G115: =IF($B115="","",IF(ISNUMBER(MATCH($B115,'SCHEDA STRUTTURA'!$A$17:$A$147,0)),IFERROR(VLOOKUP($B115,'SCHEDA STRUTTURA'!$A$17:$G$147,6,FALSE)*1,0)+IFERROR(VLOOKUP($B115,'SCHEDA STRUTTURA'!$A$17:$G$147,7,FALSE)*1,0),IF(ISNUMBER(MATCH($B115,'SCHEDA PEZZI SPECIALI'!$A$38:$A$59,0)),IFERROR(VLOOKUP($B115,'SCHEDA PEZZI SPECIALI'!$A$38:$F$59,5,FALSE)*1,0)+IFERROR(VLOOKUP($B115,'SCHEDA PEZZI SPECIALI'!$A$38:$F$59,6,FALSE)*1,0),IF(ISNUMBER(MATCH($B115,'SCHEDA ELETTROMECCANICA'!$A$5:$A$14,0)),IFERROR(VLOOKUP($B115,'SCHEDA ELETTROMECCANICA'!$A$5:$D$14,4,FALSE)*1,0),IF(ISNUMBER(MATCH($B115,'SCHEDA BULLONERIA'!$A$6:$A$36,0)),IFERROR(VLOOKUP($B115,'SCHEDA BULLONERIA'!$A$6:$D$36,4,FALSE)*1,0),""))))) | H115: PILASTRO MOTORE | I115: 1
A116: 112 | B116: TTS.PM.001.IPE140.28 | C116: Pilastro motore trave ipe140 x 2820 con foratura alloggiamento quadro motore (standard) | D116: Carpenteria metallica | E116: pz | F116: =IFERROR(VLOOKUP($B116,'SCHEDA STRUTTURA'!$A$17:$E$417,5,FALSE),"") | G116: =IF($B116="","",IF(ISNUMBER(MATCH($B116,'SCHEDA STRUTTURA'!$A$17:$A$147,0)),IFERROR(VLOOKUP($B116,'SCHEDA STRUTTURA'!$A$17:$G$147,6,FALSE)*1,0)+IFERROR(VLOOKUP($B116,'SCHEDA STRUTTURA'!$A$17:$G$147,7,FALSE)*1,0),IF(ISNUMBER(MATCH($B116,'SCHEDA PEZZI SPECIALI'!$A$38:$A$59,0)),IFERROR(VLOOKUP($B116,'SCHEDA PEZZI SPECIALI'!$A$38:$F$59,5,FALSE)*1,0)+IFERROR(VLOOKUP($B116,'SCHEDA PEZZI SPECIALI'!$A$38:$F$59,6,FALSE)*1,0),IF(ISNUMBER(MATCH($B116,'SCHEDA ELETTROMECCANICA'!$A$5:$A$14,0)),IFERROR(VLOOKUP($B116,'SCHEDA ELETTROMECCANICA'!$A$5:$D$14,4,FALSE)*1,0),IF(ISNUMBER(MATCH($B116,'SCHEDA BULLONERIA'!$A$6:$A$36,0)),IFERROR(VLOOKUP($B116,'SCHEDA BULLONERIA'!$A$6:$D$36,4,FALSE)*1,0),""))))) | H116: PILASTRO MOTORE | I116: 1
A117: 113 | B117: TTS.PM.001.IPEA140.28 | C117: Pilastro motore trave ipea140 x 2820 con foratura alloggiamento quadro motore (alleggerita) | D117: Carpenteria metallica | E117: pz | F117: =IFERROR(VLOOKUP($B117,'SCHEDA STRUTTURA'!$A$17:$E$417,5,FALSE),"") | G117: =IF($B117="","",IF(ISNUMBER(MATCH($B117,'SCHEDA STRUTTURA'!$A$17:$A$147,0)),IFERROR(VLOOKUP($B117,'SCHEDA STRUTTURA'!$A$17:$G$147,6,FALSE)*1,0)+IFERROR(VLOOKUP($B117,'SCHEDA STRUTTURA'!$A$17:$G$147,7,FALSE)*1,0),IF(ISNUMBER(MATCH($B117,'SCHEDA PEZZI SPECIALI'!$A$38:$A$59,0)),IFERROR(VLOOKUP($B117,'SCHEDA PEZZI SPECIALI'!$A$38:$F$59,5,FALSE)*1,0)+IFERROR(VLOOKUP($B117,'SCHEDA PEZZI SPECIALI'!$A$38:$F$59,6,FALSE)*1,0),IF(ISNUMBER(MATCH($B117,'SCHEDA ELETTROMECCANICA'!$A$5:$A$14,0)),IFERROR(VLOOKUP($B117,'SCHEDA ELETTROMECCANICA'!$A$5:$D$14,4,FALSE)*1,0),IF(ISNUMBER(MATCH($B117,'SCHEDA BULLONERIA'!$A$6:$A$36,0)),IFERROR(VLOOKUP($B117,'SCHEDA BULLONERIA'!$A$6:$D$36,4,FALSE)*1,0),""))))) | H117: PILASTRO MOTORE | I117: 1
A118: 114 | B118: TTS.PM.001.IPE140.29 | C118: Pilastro motore trave ipe140 x 2920 con foratura alloggiamento quadro motore (standard) | D118: Carpenteria metallica | E118: pz | F118: =IFERROR(VLOOKUP($B118,'SCHEDA STRUTTURA'!$A$17:$E$417,5,FALSE),"") | G118: =IF($B118="","",IF(ISNUMBER(MATCH($B118,'SCHEDA STRUTTURA'!$A$17:$A$147,0)),IFERROR(VLOOKUP($B118,'SCHEDA STRUTTURA'!$A$17:$G$147,6,FALSE)*1,0)+IFERROR(VLOOKUP($B118,'SCHEDA STRUTTURA'!$A$17:$G$147,7,FALSE)*1,0),IF(ISNUMBER(MATCH($B118,'SCHEDA PEZZI SPECIALI'!$A$38:$A$59,0)),IFERROR(VLOOKUP($B118,'SCHEDA PEZZI SPECIALI'!$A$38:$F$59,5,FALSE)*1,0)+IFERROR(VLOOKUP($B118,'SCHEDA PEZZI SPECIALI'!$A$38:$F$59,6,FALSE)*1,0),IF(ISNUMBER(MATCH($B118,'SCHEDA ELETTROMECCANICA'!$A$5:$A$14,0)),IFERROR(VLOOKUP($B118,'SCHEDA ELETTROMECCANICA'!$A$5:$D$14,4,FALSE)*1,0),IF(ISNUMBER(MATCH($B118,'SCHEDA BULLONERIA'!$A$6:$A$36,0)),IFERROR(VLOOKUP($B118,'SCHEDA BULLONERIA'!$A$6:$D$36,4,FALSE)*1,0),""))))) | H118: PILASTRO MOTORE | I118: 1
A119: 115 | B119: TTS.PM.001.IPEA140.29 | C119: Pilastro motore trave ipea140 x 2920 con foratura alloggiamento quadro motore (alleggerita) | D119: Carpenteria metallica | E119: pz | F119: =IFERROR(VLOOKUP($B119,'SCHEDA STRUTTURA'!$A$17:$E$417,5,FALSE),"") | G119: =IF($B119="","",IF(ISNUMBER(MATCH($B119,'SCHEDA STRUTTURA'!$A$17:$A$147,0)),IFERROR(VLOOKUP($B119,'SCHEDA STRUTTURA'!$A$17:$G$147,6,FALSE)*1,0)+IFERROR(VLOOKUP($B119,'SCHEDA STRUTTURA'!$A$17:$G$147,7,FALSE)*1,0),IF(ISNUMBER(MATCH($B119,'SCHEDA PEZZI SPECIALI'!$A$38:$A$59,0)),IFERROR(VLOOKUP($B119,'SCHEDA PEZZI SPECIALI'!$A$38:$F$59,5,FALSE)*1,0)+IFERROR(VLOOKUP($B119,'SCHEDA PEZZI SPECIALI'!$A$38:$F$59,6,FALSE)*1,0),IF(ISNUMBER(MATCH($B119,'SCHEDA ELETTROMECCANICA'!$A$5:$A$14,0)),IFERROR(VLOOKUP($B119,'SCHEDA ELETTROMECCANICA'!$A$5:$D$14,4,FALSE)*1,0),IF(ISNUMBER(MATCH($B119,'SCHEDA BULLONERIA'!$A$6:$A$36,0)),IFERROR(VLOOKUP($B119,'SCHEDA BULLONERIA'!$A$6:$D$36,4,FALSE)*1,0),""))))) | H119: PILASTRO MOTORE | I119: 1
A120: 116 | B120: TTS.PM.001.IPE140.30 | C120: Pilastro motore trave ipe140 x 3020 con foratura alloggiamento quadro motore (standard) | D120: Carpenteria metallica | E120: pz | F120: =IFERROR(VLOOKUP($B120,'SCHEDA STRUTTURA'!$A$17:$E$417,5,FALSE),"") | G120: =IF($B120="","",IF(ISNUMBER(MATCH($B120,'SCHEDA STRUTTURA'!$A$17:$A$147,0)),IFERROR(VLOOKUP($B120,'SCHEDA STRUTTURA'!$A$17:$G$147,6,FALSE)*1,0)+IFERROR(VLOOKUP($B120,'SCHEDA STRUTTURA'!$A$17:$G$147,7,FALSE)*1,0),IF(ISNUMBER(MATCH($B120,'SCHEDA PEZZI SPECIALI'!$A$38:$A$59,0)),IFERROR(VLOOKUP($B120,'SCHEDA PEZZI SPECIALI'!$A$38:$F$59,5,FALSE)*1,0)+IFERROR(VLOOKUP($B120,'SCHEDA PEZZI SPECIALI'!$A$38:$F$59,6,FALSE)*1,0),IF(ISNUMBER(MATCH($B120,'SCHEDA ELETTROMECCANICA'!$A$5:$A$14,0)),IFERROR(VLOOKUP($B120,'SCHEDA ELETTROMECCANICA'!$A$5:$D$14,4,FALSE)*1,0),IF(ISNUMBER(MATCH($B120,'SCHEDA BULLONERIA'!$A$6:$A$36,0)),IFERROR(VLOOKUP($B120,'SCHEDA BULLONERIA'!$A$6:$D$36,4,FALSE)*1,0),""))))) | H120: PILASTRO MOTORE | I120: 1
A121: 117 | B121: TTS.PM.001.IPEA140.30 | C121: Pilastro motore trave ipea140 x 3020 con foratura alloggiamento quadro motore (alleggerita) | D121: Carpenteria metallica | E121: pz | F121: =IFERROR(VLOOKUP($B121,'SCHEDA STRUTTURA'!$A$17:$E$417,5,FALSE),"") | G121: =IF($B121="","",IF(ISNUMBER(MATCH($B121,'SCHEDA STRUTTURA'!$A$17:$A$147,0)),IFERROR(VLOOKUP($B121,'SCHEDA STRUTTURA'!$A$17:$G$147,6,FALSE)*1,0)+IFERROR(VLOOKUP($B121,'SCHEDA STRUTTURA'!$A$17:$G$147,7,FALSE)*1,0),IF(ISNUMBER(MATCH($B121,'SCHEDA PEZZI SPECIALI'!$A$38:$A$59,0)),IFERROR(VLOOKUP($B121,'SCHEDA PEZZI SPECIALI'!$A$38:$F$59,5,FALSE)*1,0)+IFERROR(VLOOKUP($B121,'SCHEDA PEZZI SPECIALI'!$A$38:$F$59,6,FALSE)*1,0),IF(ISNUMBER(MATCH($B121,'SCHEDA ELETTROMECCANICA'!$A$5:$A$14,0)),IFERROR(VLOOKUP($B121,'SCHEDA ELETTROMECCANICA'!$A$5:$D$14,4,FALSE)*1,0),IF(ISNUMBER(MATCH($B121,'SCHEDA BULLONERIA'!$A$6:$A$36,0)),IFERROR(VLOOKUP($B121,'SCHEDA BULLONERIA'!$A$6:$D$36,4,FALSE)*1,0),""))))) | H121: PILASTRO MOTORE | I121: 1
A122: 118 | B122: TTS.PM.001.IPE140.31 | C122: Pilastro motore trave ipe140 x 3120 con foratura alloggiamento quadro motore (standard) | D122: Carpenteria metallica | E122: pz | F122: =IFERROR(VLOOKUP($B122,'SCHEDA STRUTTURA'!$A$17:$E$417,5,FALSE),"") | G122: =IF($B122="","",IF(ISNUMBER(MATCH($B122,'SCHEDA STRUTTURA'!$A$17:$A$147,0)),IFERROR(VLOOKUP($B122,'SCHEDA STRUTTURA'!$A$17:$G$147,6,FALSE)*1,0)+IFERROR(VLOOKUP($B122,'SCHEDA STRUTTURA'!$A$17:$G$147,7,FALSE)*1,0),IF(ISNUMBER(MATCH($B122,'SCHEDA PEZZI SPECIALI'!$A$38:$A$59,0)),IFERROR(VLOOKUP($B122,'SCHEDA PEZZI SPECIALI'!$A$38:$F$59,5,FALSE)*1,0)+IFERROR(VLOOKUP($B122,'SCHEDA PEZZI SPECIALI'!$A$38:$F$59,6,FALSE)*1,0),IF(ISNUMBER(MATCH($B122,'SCHEDA ELETTROMECCANICA'!$A$5:$A$14,0)),IFERROR(VLOOKUP($B122,'SCHEDA ELETTROMECCANICA'!$A$5:$D$14,4,FALSE)*1,0),IF(ISNUMBER(MATCH($B122,'SCHEDA BULLONERIA'!$A$6:$A$36,0)),IFERROR(VLOOKUP($B122,'SCHEDA BULLONERIA'!$A$6:$D$36,4,FALSE)*1,0),""))))) | H122: PILASTRO MOTORE | I122: 1
A123: 119 | B123: TTS.PM.001.IPEA140.31 | C123: Pilastro motore trave ipea140 x 3120 con foratura alloggiamento quadro motore (alleggerita) | D123: Carpenteria metallica | E123: pz | F123: =IFERROR(VLOOKUP($B123,'SCHEDA STRUTTURA'!$A$17:$E$417,5,FALSE),"") | G123: =IF($B123="","",IF(ISNUMBER(MATCH($B123,'SCHEDA STRUTTURA'!$A$17:$A$147,0)),IFERROR(VLOOKUP($B123,'SCHEDA STRUTTURA'!$A$17:$G$147,6,FALSE)*1,0)+IFERROR(VLOOKUP($B123,'SCHEDA STRUTTURA'!$A$17:$G$147,7,FALSE)*1,0),IF(ISNUMBER(MATCH($B123,'SCHEDA PEZZI SPECIALI'!$A$38:$A$59,0)),IFERROR(VLOOKUP($B123,'SCHEDA PEZZI SPECIALI'!$A$38:$F$59,5,FALSE)*1,0)+IFERROR(VLOOKUP($B123,'SCHEDA PEZZI SPECIALI'!$A$38:$F$59,6,FALSE)*1,0),IF(ISNUMBER(MATCH($B123,'SCHEDA ELETTROMECCANICA'!$A$5:$A$14,0)),IFERROR(VLOOKUP($B123,'SCHEDA ELETTROMECCANICA'!$A$5:$D$14,4,FALSE)*1,0),IF(ISNUMBER(MATCH($B123,'SCHEDA BULLONERIA'!$A$6:$A$36,0)),IFERROR(VLOOKUP($B123,'SCHEDA BULLONERIA'!$A$6:$D$36,4,FALSE)*1,0),""))))) | H123: PILASTRO MOTORE | I123: 1
... A151: 147 | B151: TTS.PM.001.IPEA140.22.QC | C151: Pilastro motore trave ipea140 x 2220 con foratura alloggiamento quadro motore + quadro centralina meteo + quadro alimentazione centralina meteo (alleggerita) | D151: Carpenteria metallica | E151: pz | F151: =IFERROR(VLOOKUP($B151,'SCHEDA STRUTTURA'!$A$17:$E$417,5,FALSE),"") | G151: =IF($B151="","",IF(ISNUMBER(MATCH($B151,'SCHEDA STRUTTURA'!$A$17:$A$147,0)),IFERROR(VLOOKUP($B151,'SCHEDA STRUTTURA'!$A$17:$G$147,6,FALSE)*1,0)+IFERROR(VLOOKUP($B151,'SCHEDA STRUTTURA'!$A$17:$G$147,7,FALSE)*1,0),IF(ISNUMBER(MATCH($B151,'SCHEDA PEZZI SPECIALI'!$A$38:$A$59,0)),IFERROR(VLOOKUP($B151,'SCHEDA PEZZI SPECIALI'!$A$38:$F$59,5,FALSE)*1,0)+IFERROR(VLOOKUP($B151,'SCHEDA PEZZI SPECIALI'!$A$38:$F$59,6,FALSE)*1,0),IF(ISNUMBER(MATCH($B151,'SCHEDA ELETTROMECCANICA'!$A$5:$A$14,0)),IFERROR(VLOOKUP($B151,'SCHEDA ELETTROMECCANICA'!$A$5:$D$14,4,FALSE)*1,0),IF(ISNUMBER(MATCH($B151,'SCHEDA BULLONERIA'!$A$6:$A$36,0)),IFERROR(VLOOKUP($B151,'SCHEDA BULLONERIA'!$A$6:$D$36,4,FALSE)*1,0),""))))) | H151: kit quadri centralina meteo | I151: 1
A152: 148 | B152: TTS.PM.002.IPE140 | C152: Supporto laterale testa riduttore | D152: Carpenteria metallica | E152: pz | F152: =IFERROR(VLOOKUP($B152,'SCHEDA PEZZI SPECIALI'!$A$38:$F$400,4,FALSE),"") | G152: =IF($B152="","",IF(ISNUMBER(MATCH($B152,'SCHEDA STRUTTURA'!$A$17:$A$147,0)),IFERROR(VLOOKUP($B152,'SCHEDA STRUTTURA'!$A$17:$G$147,6,FALSE)*1,0)+IFERROR(VLOOKUP($B152,'SCHEDA STRUTTURA'!$A$17:$G$147,7,FALSE)*1,0),IF(ISNUMBER(MATCH($B152,'SCHEDA PEZZI SPECIALI'!$A$38:$A$59,0)),IFERROR(VLOOKUP($B152,'SCHEDA PEZZI SPECIALI'!$A$38:$F$59,5,FALSE)*1,0)+IFERROR(VLOOKUP($B152,'SCHEDA PEZZI SPECIALI'!$A$38:$F$59,6,FALSE)*1,0),IF(ISNUMBER(MATCH($B152,'SCHEDA ELETTROMECCANICA'!$A$5:$A$14,0)),IFERROR(VLOOKUP($B152,'SCHEDA ELETTROMECCANICA'!$A$5:$D$14,4,FALSE)*1,0),IF(ISNUMBER(MATCH($B152,'SCHEDA BULLONERIA'!$A$6:$A$36,0)),IFERROR(VLOOKUP($B152,'SCHEDA BULLONERIA'!$A$6:$D$36,4,FALSE)*1,0),""))))) | H152: PILASTRO MOTORE | I152: 1
A153: 149 | B153: TTS.PM.003.IPE140 | C153: Testa riduttore pilastro motore | D153: Carpenteria metallica | E153: pz | F153: =IFERROR(VLOOKUP($B153,'SCHEDA PEZZI SPECIALI'!$A$38:$F$400,4,FALSE),"") | G153: =IF($B153="","",IF(ISNUMBER(MATCH($B153,'SCHEDA STRUTTURA'!$A$17:$A$147,0)),IFERROR(VLOOKUP($B153,'SCHEDA STRUTTURA'!$A$17:$G$147,6,FALSE)*1,0)+IFERROR(VLOOKUP($B153,'SCHEDA STRUTTURA'!$A$17:$G$147,7,FALSE)*1,0),IF(ISNUMBER(MATCH($B153,'SCHEDA PEZZI SPECIALI'!$A$38:$A$59,0)),IFERROR(VLOOKUP($B153,'SCHEDA PEZZI SPECIALI'!$A$38:$F$59,5,FALSE)*1,0)+IFERROR(VLOOKUP($B153,'SCHEDA PEZZI SPECIALI'!$A$38:$F$59,6,FALSE)*1,0),IF(ISNUMBER(MATCH($B153,'SCHEDA ELETTROMECCANICA'!$A$5:$A$14,0)),IFERROR(VLOOKUP($B153,'SCHEDA ELETTROMECCANICA'!$A$5:$D$14,4,FALSE)*1,0),IF(ISNUMBER(MATCH($B153,'SCHEDA BULLONERIA'!$A$6:$A$36,0)),IFERROR(VLOOKUP($B153,'SCHEDA BULLONERIA'!$A$6:$D$36,4,FALSE)*1,0),""))))) | H153: PILASTRO MOTORE | I153: 1
A154: 150 | B154: TTS.PM.2011 | C154: Angolare 30x30x4 lungo 370 mm. superiore | D154: Carpenteria metallica | E154: pz | F154: =IFERROR(VLOOKUP($B154,'SCHEDA PEZZI SPECIALI'!$A$38:$F$400,4,FALSE),"") | G154: =IF($B154="","",IF(ISNUMBER(MATCH($B154,'SCHEDA STRUTTURA'!$A$17:$A$147,0)),IFERROR(VLOOKUP($B154,'SCHEDA STRUTTURA'!$A$17:$G$147,6,FALSE)*1,0)+IFERROR(VLOOKUP($B154,'SCHEDA STRUTTURA'!$A$17:$G$147,7,FALSE)*1,0),IF(ISNUMBER(MATCH($B154,'SCHEDA PEZZI SPECIALI'!$A$38:$A$59,0)),IFERROR(VLOOKUP($B154,'SCHEDA PEZZI SPECIALI'!$A$38:$F$59,5,FALSE)*1,0)+IFERROR(VLOOKUP($B154,'SCHEDA PEZZI SPECIALI'!$A$38:$F$59,6,FALSE)*1,0),IF(ISNUMBER(MATCH($B154,'SCHEDA ELETTROMECCANICA'!$A$5:$A$14,0)),IFERROR(VLOOKUP($B154,'SCHEDA ELETTROMECCANICA'!$A$5:$D$14,4,FALSE)*1,0),IF(ISNUMBER(MATCH($B154,'SCHEDA BULLONERIA'!$A$6:$A$36,0)),IFERROR(VLOOKUP($B154,'SCHEDA BULLONERIA'!$A$6:$D$36,4,FALSE)*1,0),""))))) | H154: kit quadro motore, kit quadri centralina meteo | I154: 2
A155: 151 | B155: TTS.PM.2012 | C155: Angolare 30x30x4 lungo 370 mm. inferiore | D155: Carpenteria metallica | E155: pz | F155: =IFERROR(VLOOKUP($B155,'SCHEDA PEZZI SPECIALI'!$A$38:$F$400,4,FALSE),"") | G155: =IF($B155="","",IF(ISNUMBER(MATCH($B155,'SCHEDA STRUTTURA'!$A$17:$A$147,0)),IFERROR(VLOOKUP($B155,'SCHEDA STRUTTURA'!$A$17:$G$147,6,FALSE)*1,0)+IFERROR(VLOOKUP($B155,'SCHEDA STRUTTURA'!$A$17:$G$147,7,FALSE)*1,0),IF(ISNUMBER(MATCH($B155,'SCHEDA PEZZI SPECIALI'!$A$38:$A$59,0)),IFERROR(VLOOKUP($B155,'SCHEDA PEZZI SPECIALI'!$A$38:$F$59,5,FALSE)*1,0)+IFERROR(VLOOKUP($B155,'SCHEDA PEZZI SPECIALI'!$A$38:$F$59,6,FALSE)*1,0),IF(ISNUMBER(MATCH($B155,'SCHEDA ELETTROMECCANICA'!$A$5:$A$14,0)),IFERROR(VLOOKUP($B155,'SCHEDA ELETTROMECCANICA'!$A$5:$D$14,4,FALSE)*1,0),IF(ISNUMBER(MATCH($B155,'SCHEDA BULLONERIA'!$A$6:$A$36,0)),IFERROR(VLOOKUP($B155,'SCHEDA BULLONERIA'!$A$6:$D$36,4,FALSE)*1,0),""))))) | H155: kit quadro motore, kit quadri centralina meteo | I155: 3
A156: 152 | B156: TTS.SM.001 | C156: Piatto 50X5X230 supporto sensori | D156: Carpenteria metallica | E156: pz | F156: =IFERROR(VLOOKUP($B156,'SCHEDA PEZZI SPECIALI'!$A$38:$F$400,4,FALSE),"") | G156: =IF($B156="","",IF(ISNUMBER(MATCH($B156,'SCHEDA STRUTTURA'!$A$17:$A$147,0)),IFERROR(VLOOKUP($B156,'SCHEDA STRUTTURA'!$A$17:$G$147,6,FALSE)*1,0)+IFERROR(VLOOKUP($B156,'SCHEDA STRUTTURA'!$A$17:$G$147,7,FALSE)*1,0),IF(ISNUMBER(MATCH($B156,'SCHEDA PEZZI SPECIALI'!$A$38:$A$59,0)),IFERROR(VLOOKUP($B156,'SCHEDA PEZZI SPECIALI'!$A$38:$F$59,5,FALSE)*1,0)+IFERROR(VLOOKUP($B156,'SCHEDA PEZZI SPECIALI'!$A$38:$F$59,6,FALSE)*1,0),IF(ISNUMBER(MATCH($B156,'SCHEDA ELETTROMECCANICA'!$A$5:$A$14,0)),IFERROR(VLOOKUP($B156,'SCHEDA ELETTROMECCANICA'!$A$5:$D$14,4,FALSE)*1,0),IF(ISNUMBER(MATCH($B156,'SCHEDA BULLONERIA'!$A$6:$A$36,0)),IFERROR(VLOOKUP($B156,'SCHEDA BULLONERIA'!$A$6:$D$36,4,FALSE)*1,0),""))))) | H156: sensori meteo | I156: 1
A157: 153 | B157: TTS.SM.002 | C157: Piatto 30X3X193 leva sensore temperatura pannello | D157: Carpenteria metallica | E157: pz | F157: =IFERROR(VLOOKUP($B157,'SCHEDA PEZZI SPECIALI'!$A$38:$F$400,4,FALSE),"") | G157: =IF($B157="","",IF(ISNUMBER(MATCH($B157,'SCHEDA STRUTTURA'!$A$17:$A$147,0)),IFERROR(VLOOKUP($B157,'SCHEDA STRUTTURA'!$A$17:$G$147,6,FALSE)*1,0)+IFERROR(VLOOKUP($B157,'SCHEDA STRUTTURA'!$A$17:$G$147,7,FALSE)*1,0),IF(ISNUMBER(MATCH($B157,'SCHEDA PEZZI SPECIALI'!$A$38:$A$59,0)),IFERROR(VLOOKUP($B157,'SCHEDA PEZZI SPECIALI'!$A$38:$F$59,5,FALSE)*1,0)+IFERROR(VLOOKUP($B157,'SCHEDA PEZZI SPECIALI'!$A$38:$F$59,6,FALSE)*1,0),IF(ISNUMBER(MATCH($B157,'SCHEDA ELETTROMECCANICA'!$A$5:$A$14,0)),IFERROR(VLOOKUP($B157,'SCHEDA ELETTROMECCANICA'!$A$5:$D$14,4,FALSE)*1,0),IF(ISNUMBER(MATCH($B157,'SCHEDA BULLONERIA'!$A$6:$A$36,0)),IFERROR(VLOOKUP($B157,'SCHEDA BULLONERIA'!$A$6:$D$36,4,FALSE)*1,0),""))))) | H157: sensori meteo | I157: 1
A158: 154 | B158: TTS.SM.003 | C158: Asta supporto anemometro | D158: Carpenteria metallica | E158: pz | F158: =IFERROR(VLOOKUP($B158,'SCHEDA PEZZI SPECIALI'!$A$38:$F$400,4,FALSE),"") | G158: =IF($B158="","",IF(ISNUMBER(MATCH($B158,'SCHEDA STRUTTURA'!$A$17:$A$147,0)),IFERROR(VLOOKUP($B158,'SCHEDA STRUTTURA'!$A$17:$G$147,6,FALSE)*1,0)+IFERROR(VLOOKUP($B158,'SCHEDA STRUTTURA'!$A$17:$G$147,7,FALSE)*1,0),IF(ISNUMBER(MATCH($B158,'SCHEDA PEZZI SPECIALI'!$A$38:$A$59,0)),IFERROR(VLOOKUP($B158,'SCHEDA PEZZI SPECIALI'!$A$38:$F$59,5,FALSE)*1,0)+IFERROR(VLOOKUP($B158,'SCHEDA PEZZI SPECIALI'!$A$38:$F$59,6,FALSE)*1,0),IF(ISNUMBER(MATCH($B158,'SCHEDA ELETTROMECCANICA'!$A$5:$A$14,0)),IFERROR(VLOOKUP($B158,'SCHEDA ELETTROMECCANICA'!$A$5:$D$14,4,FALSE)*1,0),IF(ISNUMBER(MATCH($B158,'SCHEDA BULLONERIA'!$A$6:$A$36,0)),IFERROR(VLOOKUP($B158,'SCHEDA BULLONERIA'!$A$6:$D$36,4,FALSE)*1,0),""))))) | H158: sensori meteo | I158: 1
A159: 155 | C159: Omega alloggiamento kit sensore termometro a contatto | D159: Carpenteria metallica | E159: pz
A160: 156 | B160: 06TAP120X120 | C160: Tappo profilato 120x120 | D160: Bulloneria e minuteria | E160: pz | F160: =IF(ISNUMBER(VLOOKUP($B160,'SCHEDA BULLONERIA'!$A$6:$D$400,3,FALSE)),VLOOKUP($B160,'SCHEDA BULLONERIA'!$A$6:$D$400,3,FALSE),"") | G160: =IF($B160="","",IF(ISNUMBER(MATCH($B160,'SCHEDA STRUTTURA'!$A$17:$A$147,0)),IFERROR(VLOOKUP($B160,'SCHEDA STRUTTURA'!$A$17:$G$147,6,FALSE)*1,0)+IFERROR(VLOOKUP($B160,'SCHEDA STRUTTURA'!$A$17:$G$147,7,FALSE)*1,0),IF(ISNUMBER(MATCH($B160,'SCHEDA PEZZI SPECIALI'!$A$38:$A$59,0)),IFERROR(VLOOKUP($B160,'SCHEDA PEZZI SPECIALI'!$A$38:$F$59,5,FALSE)*1,0)+IFERROR(VLOOKUP($B160,'SCHEDA PEZZI SPECIALI'!$A$38:$F$59,6,FALSE)*1,0),IF(ISNUMBER(MATCH($B160,'SCHEDA ELETTROMECCANICA'!$A$5:$A$14,0)),IFERROR(VLOOKUP($B160,'SCHEDA ELETTROMECCANICA'!$A$5:$D$14,4,FALSE)*1,0),IF(ISNUMBER(MATCH($B160,'SCHEDA BULLONERIA'!$A$6:$A$36,0)),IFERROR(VLOOKUP($B160,'SCHEDA BULLONERIA'!$A$6:$D$36,4,FALSE)*1,0),""))))) | H160: sensori meteo | I160: 1
A161: 157 | B161: 10BZ10X30 | C161: Bullone testa esagonale M10X30 | D161: Bulloneria e minuteria | E161: pz | F161: =IF(ISNUMBER(VLOOKUP($B161,'SCHEDA BULLONERIA'!$A$6:$D$400,3,FALSE)),VLOOKUP($B161,'SCHEDA BULLONERIA'!$A$6:$D$400,3,FALSE),"") | G161: =IF($B161="","",IF(ISNUMBER(MATCH($B161,'SCHEDA STRUTTURA'!$A$17:$A$147,0)),IFERROR(VLOOKUP($B161,'SCHEDA STRUTTURA'!$A$17:$G$147,6,FALSE)*1,0)+IFERROR(VLOOKUP($B161,'SCHEDA STRUTTURA'!$A$17:$G$147,7,FALSE)*1,0),IF(ISNUMBER(MATCH($B161,'SCHEDA PEZZI SPECIALI'!$A$38:$A$59,0)),IFERROR(VLOOKUP($B161,'SCHEDA PEZZI SPECIALI'!$A$38:$F$59,5,FALSE)*1,0)+IFERROR(VLOOKUP($B161,'SCHEDA PEZZI SPECIALI'!$A$38:$F$59,6,FALSE)*1,0),IF(ISNUMBER(MATCH($B161,'SCHEDA ELETTROMECCANICA'!$A$5:$A$14,0)),IFERROR(VLOOKUP($B161,'SCHEDA ELETTROMECCANICA'!$A$5:$D$14,4,FALSE)*1,0),IF(ISNUMBER(MATCH($B161,'SCHEDA BULLONERIA'!$A$6:$A$36,0)),IFERROR(VLOOKUP($B161,'SCHEDA BULLONERIA'!$A$6:$D$36,4,FALSE)*1,0),""))))) | H161: PILASTRO CUSCINETTO | I161: 1
A162: 158 | B162: 10BZ10X40 | C162: Bullone testa esagonale zn M10X40 | D162: Bulloneria e minuteria | E162: pz | F162: =IF(ISNUMBER(VLOOKUP($B162,'SCHEDA BULLONERIA'!$A$6:$D$400,3,FALSE)),VLOOKUP($B162,'SCHEDA BULLONERIA'!$A$6:$D$400,3,FALSE),"") | G162: =IF($B162="","",IF(ISNUMBER(MATCH($B162,'SCHEDA STRUTTURA'!$A$17:$A$147,0)),IFERROR(VLOOKUP($B162,'SCHEDA STRUTTURA'!$A$17:$G$147,6,FALSE)*1,0)+IFERROR(VLOOKUP($B162,'SCHEDA STRUTTURA'!$A$17:$G$147,7,FALSE)*1,0),IF(ISNUMBER(MATCH($B162,'SCHEDA PEZZI SPECIALI'!$A$38:$A$59,0)),IFERROR(VLOOKUP($B162,'SCHEDA PEZZI SPECIALI'!$A$38:$F$59,5,FALSE)*1,0)+IFERROR(VLOOKUP($B162,'SCHEDA PEZZI SPECIALI'!$A$38:$F$59,6,FALSE)*1,0),IF(ISNUMBER(MATCH($B162,'SCHEDA ELETTROMECCANICA'!$A$5:$A$14,0)),IFERROR(VLOOKUP($B162,'SCHEDA ELETTROMECCANICA'!$A$5:$D$14,4,FALSE)*1,0),IF(ISNUMBER(MATCH($B162,'SCHEDA BULLONERIA'!$A$6:$A$36,0)),IFERROR(VLOOKUP($B162,'SCHEDA BULLONERIA'!$A$6:$D$36,4,FALSE)*1,0),""))))) | H162: PILASTRO MOTORE, PILASTRO CUSCINETTO | I162: 3
A163: 159 | B163: 10BZ16X140 | C163: Bullone testa esagonale M16x140 mezzo filetto | D163: Bulloneria e minuteria | E163: pz | F163: =IF(ISNUMBER(VLOOKUP($B163,'SCHEDA BULLONERIA'!$A$6:$D$400,3,FALSE)),VLOOKUP($B163,'SCHEDA BULLONERIA'!$A$6:$D$400,3,FALSE),"") | G163: =IF($B163="","",IF(ISNUMBER(MATCH($B163,'SCHEDA STRUTTURA'!$A$17:$A$147,0)),IFERROR(VLOOKUP($B163,'SCHEDA STRUTTURA'!$A$17:$G$147,6,FALSE)*1,0)+IFERROR(VLOOKUP($B163,'SCHEDA STRUTTURA'!$A$17:$G$147,7,FALSE)*1,0),IF(ISNUMBER(MATCH($B163,'SCHEDA PEZZI SPECIALI'!$A$38:$A$59,0)),IFERROR(VLOOKUP($B163,'SCHEDA PEZZI SPECIALI'!$A$38:$F$59,5,FALSE)*1,0)+IFERROR(VLOOKUP($B163,'SCHEDA PEZZI SPECIALI'!$A$38:$F$59,6,FALSE)*1,0),IF(ISNUMBER(MATCH($B163,'SCHEDA ELETTROMECCANICA'!$A$5:$A$14,0)),IFERROR(VLOOKUP($B163,'SCHEDA ELETTROMECCANICA'!$A$5:$D$14,4,FALSE)*1,0),IF(ISNUMBER(MATCH($B163,'SCHEDA BULLONERIA'!$A$6:$A$36,0)),IFERROR(VLOOKUP($B163,'SCHEDA BULLONERIA'!$A$6:$D$36,4,FALSE)*1,0),""))))) | H163: PILASTRO CUSCINETTO | I163: 1
A164: 160 | B164: 10BZM10X160 | C164: Bullone testa esagonale zn M10X160 | D164: Bulloneria e minuteria | E164: pz | F164: =IF(ISNUMBER(VLOOKUP($B164,'SCHEDA BULLONERIA'!$A$6:$D$400,3,FALSE)),VLOOKUP($B164,'SCHEDA BULLONERIA'!$A$6:$D$400,3,FALSE),"") | G164: =IF($B164="","",IF(ISNUMBER(MATCH($B164,'SCHEDA STRUTTURA'!$A$17:$A$147,0)),IFERROR(VLOOKUP($B164,'SCHEDA STRUTTURA'!$A$17:$G$147,6,FALSE)*1,0)+IFERROR(VLOOKUP($B164,'SCHEDA STRUTTURA'!$A$17:$G$147,7,FALSE)*1,0),IF(ISNUMBER(MATCH($B164,'SCHEDA PEZZI SPECIALI'!$A$38:$A$59,0)),IFERROR(VLOOKUP($B164,'SCHEDA PEZZI SPECIALI'!$A$38:$F$59,5,FALSE)*1,0)+IFERROR(VLOOKUP($B164,'SCHEDA PEZZI SPECIALI'!$A$38:$F$59,6,FALSE)*1,0),IF(ISNUMBER(MATCH($B164,'SCHEDA ELETTROMECCANICA'!$A$5:$A$14,0)),IFERROR(VLOOKUP($B164,'SCHEDA ELETTROMECCANICA'!$A$5:$D$14,4,FALSE)*1,0),IF(ISNUMBER(MATCH($B164,'SCHEDA BULLONERIA'!$A$6:$A$36,0)),IFERROR(VLOOKUP($B164,'SCHEDA BULLONERIA'!$A$6:$D$36,4,FALSE)*1,0),""))))) | H164: KIT OMEGA+pannelli | I164: 1
A165: 161 | B165: 10BZM10X30 | C165: Bullone testa esagonale zn M10X30 | D165: Bulloneria e minuteria | E165: pz | F165: =IF(ISNUMBER(VLOOKUP($B165,'SCHEDA BULLONERIA'!$A$6:$D$400,3,FALSE)),VLOOKUP($B165,'SCHEDA BULLONERIA'!$A$6:$D$400,3,FALSE),"") | G165: =IF($B165="","",IF(ISNUMBER(MATCH($B165,'SCHEDA STRUTTURA'!$A$17:$A$147,0)),IFERROR(VLOOKUP($B165,'SCHEDA STRUTTURA'!$A$17:$G$147,6,FALSE)*1,0)+IFERROR(VLOOKUP($B165,'SCHEDA STRUTTURA'!$A$17:$G$147,7,FALSE)*1,0),IF(ISNUMBER(MATCH($B165,'SCHEDA PEZZI SPECIALI'!$A$38:$A$59,0)),IFERROR(VLOOKUP($B165,'SCHEDA PEZZI SPECIALI'!$A$38:$F$59,5,FALSE)*1,0)+IFERROR(VLOOKUP($B165,'SCHEDA PEZZI SPECIALI'!$A$38:$F$59,6,FALSE)*1,0),IF(ISNUMBER(MATCH($B165,'SCHEDA ELETTROMECCANICA'!$A$5:$A$14,0)),IFERROR(VLOOKUP($B165,'SCHEDA ELETTROMECCANICA'!$A$5:$D$14,4,FALSE)*1,0),IF(ISNUMBER(MATCH($B165,'SCHEDA BULLONERIA'!$A$6:$A$36,0)),IFERROR(VLOOKUP($B165,'SCHEDA BULLONERIA'!$A$6:$D$36,4,FALSE)*1,0),""))))) | H165: ASSI DI ROTAZIONE 1303 | I165: 5
A166: 162 | B166: 10BZM10X40 | C166: Bullone testa esagonale M10X40 | D166: Bulloneria e minuteria | E166: pz | F166: =IF(ISNUMBER(VLOOKUP($B166,'SCHEDA BULLONERIA'!$A$6:$D$400,3,FALSE)),VLOOKUP($B166,'SCHEDA BULLONERIA'!$A$6:$D$400,3,FALSE),"") | G166: =IF($B166="","",IF(ISNUMBER(MATCH($B166,'SCHEDA STRUTTURA'!$A$17:$A$147,0)),IFERROR(VLOOKUP($B166,'SCHEDA STRUTTURA'!$A$17:$G$147,6,FALSE)*1,0)+IFERROR(VLOOKUP($B166,'SCHEDA STRUTTURA'!$A$17:$G$147,7,FALSE)*1,0),IF(ISNUMBER(MATCH($B166,'SCHEDA PEZZI SPECIALI'!$A$38:$A$59,0)),IFERROR(VLOOKUP($B166,'SCHEDA PEZZI SPECIALI'!$A$38:$F$59,5,FALSE)*1,0)+IFERROR(VLOOKUP($B166,'SCHEDA PEZZI SPECIALI'!$A$38:$F$59,6,FALSE)*1,0),IF(ISNUMBER(MATCH($B166,'SCHEDA ELETTROMECCANICA'!$A$5:$A$14,0)),IFERROR(VLOOKUP($B166,'SCHEDA ELETTROMECCANICA'!$A$5:$D$14,4,FALSE)*1,0),IF(ISNUMBER(MATCH($B166,'SCHEDA BULLONERIA'!$A$6:$A$36,0)),IFERROR(VLOOKUP($B166,'SCHEDA BULLONERIA'!$A$6:$D$36,4,FALSE)*1,0),""))))) | H166: PILASTRO MOTORE, PILASTRO CUSCINETTO | I166: 3
A167: 163 | B167: 10BZM16X25 | C167: Bullone testa esagonale zn M16X25 | D167: Bulloneria e minuteria | E167: pz | F167: =IF(ISNUMBER(VLOOKUP($B167,'SCHEDA BULLONERIA'!$A$6:$D$400,3,FALSE)),VLOOKUP($B167,'SCHEDA BULLONERIA'!$A$6:$D$400,3,FALSE),"") | G167: =IF($B167="","",IF(ISNUMBER(MATCH($B167,'SCHEDA STRUTTURA'!$A$17:$A$147,0)),IFERROR(VLOOKUP($B167,'SCHEDA STRUTTURA'!$A$17:$G$147,6,FALSE)*1,0)+IFERROR(VLOOKUP($B167,'SCHEDA STRUTTURA'!$A$17:$G$147,7,FALSE)*1,0),IF(ISNUMBER(MATCH($B167,'SCHEDA PEZZI SPECIALI'!$A$38:$A$59,0)),IFERROR(VLOOKUP($B167,'SCHEDA PEZZI SPECIALI'!$A$38:$F$59,5,FALSE)*1,0)+IFERROR(VLOOKUP($B167,'SCHEDA PEZZI SPECIALI'!$A$38:$F$59,6,FALSE)*1,0),IF(ISNUMBER(MATCH($B167,'SCHEDA ELETTROMECCANICA'!$A$5:$A$14,0)),IFERROR(VLOOKUP($B167,'SCHEDA ELETTROMECCANICA'!$A$5:$D$14,4,FALSE)*1,0),IF(ISNUMBER(MATCH($B167,'SCHEDA BULLONERIA'!$A$6:$A$36,0)),IFERROR(VLOOKUP($B167,'SCHEDA BULLONERIA'!$A$6:$D$36,4,FALSE)*1,0),""))))) | H167: KIT FINE CORSA | I167: 1
A168: 164 | B168: 10BZM16X60 | C168: Bullone testa esagonale M16X60 | D168: Bulloneria e minuteria | E168: pz | F168: =IF(ISNUMBER(VLOOKUP($B168,'SCHEDA BULLONERIA'!$A$6:$D$400,3,FALSE)),VLOOKUP($B168,'SCHEDA BULLONERIA'!$A$6:$D$400,3,FALSE),"") | G168: =IF($B168="","",IF(ISNUMBER(MATCH($B168,'SCHEDA STRUTTURA'!$A$17:$A$147,0)),IFERROR(VLOOKUP($B168,'SCHEDA STRUTTURA'!$A$17:$G$147,6,FALSE)*1,0)+IFERROR(VLOOKUP($B168,'SCHEDA STRUTTURA'!$A$17:$G$147,7,FALSE)*1,0),IF(ISNUMBER(MATCH($B168,'SCHEDA PEZZI SPECIALI'!$A$38:$A$59,0)),IFERROR(VLOOKUP($B168,'SCHEDA PEZZI SPECIALI'!$A$38:$F$59,5,FALSE)*1,0)+IFERROR(VLOOKUP($B168,'SCHEDA PEZZI SPECIALI'!$A$38:$F$59,6,FALSE)*1,0),IF(ISNUMBER(MATCH($B168,'SCHEDA ELETTROMECCANICA'!$A$5:$A$14,0)),IFERROR(VLOOKUP($B168,'SCHEDA ELETTROMECCANICA'!$A$5:$D$14,4,FALSE)*1,0),IF(ISNUMBER(MATCH($B168,'SCHEDA BULLONERIA'!$A$6:$A$36,0)),IFERROR(VLOOKUP($B168,'SCHEDA BULLONERIA'!$A$6:$D$36,4,FALSE)*1,0),""))))) | H168: PILASTRO MOTORE | I168: 1
A169: 165 | B169: 10BZM5X20 | C169: Bullone testa esagonale zn M5x20 | D169: Bulloneria e minuteria | E169: pz | F169: =IF(ISNUMBER(VLOOKUP($B169,'SCHEDA BULLONERIA'!$A$6:$D$400,3,FALSE)),VLOOKUP($B169,'SCHEDA BULLONERIA'!$A$6:$D$400,3,FALSE),"") | G169: =IF($B169="","",IF(ISNUMBER(MATCH($B169,'SCHEDA STRUTTURA'!$A$17:$A$147,0)),IFERROR(VLOOKUP($B169,'SCHEDA STRUTTURA'!$A$17:$G$147,6,FALSE)*1,0)+IFERROR(VLOOKUP($B169,'SCHEDA STRUTTURA'!$A$17:$G$147,7,FALSE)*1,0),IF(ISNUMBER(MATCH($B169,'SCHEDA PEZZI SPECIALI'!$A$38:$A$59,0)),IFERROR(VLOOKUP($B169,'SCHEDA PEZZI SPECIALI'!$A$38:$F$59,5,FALSE)*1,0)+IFERROR(VLOOKUP($B169,'SCHEDA PEZZI SPECIALI'!$A$38:$F$59,6,FALSE)*1,0),IF(ISNUMBER(MATCH($B169,'SCHEDA ELETTROMECCANICA'!$A$5:$A$14,0)),IFERROR(VLOOKUP($B169,'SCHEDA ELETTROMECCANICA'!$A$5:$D$14,4,FALSE)*1,0),IF(ISNUMBER(MATCH($B169,'SCHEDA BULLONERIA'!$A$6:$A$36,0)),IFERROR(VLOOKUP($B169,'SCHEDA BULLONERIA'!$A$6:$D$36,4,FALSE)*1,0),""))))) | H169: sensori meteo | I169: 3
A170: 166 | B170: 10BZM5X30 | C170: Bullone testa esagonale zn M5x30 | D170: Bulloneria e minuteria | E170: pz | F170: =IF(ISNUMBER(VLOOKUP($B170,'SCHEDA BULLONERIA'!$A$6:$D$400,3,FALSE)),VLOOKUP($B170,'SCHEDA BULLONERIA'!$A$6:$D$400,3,FALSE),"") | G170: =IF($B170="","",IF(ISNUMBER(MATCH($B170,'SCHEDA STRUTTURA'!$A$17:$A$147,0)),IFERROR(VLOOKUP($B170,'SCHEDA STRUTTURA'!$A$17:$G$147,6,FALSE)*1,0)+IFERROR(VLOOKUP($B170,'SCHEDA STRUTTURA'!$A$17:$G$147,7,FALSE)*1,0),IF(ISNUMBER(MATCH($B170,'SCHEDA PEZZI SPECIALI'!$A$38:$A$59,0)),IFERROR(VLOOKUP($B170,'SCHEDA PEZZI SPECIALI'!$A$38:$F$59,5,FALSE)*1,0)+IFERROR(VLOOKUP($B170,'SCHEDA PEZZI SPECIALI'!$A$38:$F$59,6,FALSE)*1,0),IF(ISNUMBER(MATCH($B170,'SCHEDA ELETTROMECCANICA'!$A$5:$A$14,0)),IFERROR(VLOOKUP($B170,'SCHEDA ELETTROMECCANICA'!$A$5:$D$14,4,FALSE)*1,0),IF(ISNUMBER(MATCH($B170,'SCHEDA BULLONERIA'!$A$6:$A$36,0)),IFERROR(VLOOKUP($B170,'SCHEDA BULLONERIA'!$A$6:$D$36,4,FALSE)*1,0),""))))) | H170: KIT FINE CORSA | I170: 1
A171: 167 | B171: 10BZM6X150 | C171: Bullone testa esagonale zn M6X150 | D171: Bulloneria e minuteria | E171: pz | F171: =IF(ISNUMBER(VLOOKUP($B171,'SCHEDA BULLONERIA'!$A$6:$D$400,3,FALSE)),VLOOKUP($B171,'SCHEDA BULLONERIA'!$A$6:$D$400,3,FALSE),"") | G171: =IF($B171="","",IF(ISNUMBER(MATCH($B171,'SCHEDA STRUTTURA'!$A$17:$A$147,0)),IFERROR(VLOOKUP($B171,'SCHEDA STRUTTURA'!$A$17:$G$147,6,FALSE)*1,0)+IFERROR(VLOOKUP($B171,'SCHEDA STRUTTURA'!$A$17:$G$147,7,FALSE)*1,0),IF(ISNUMBER(MATCH($B171,'SCHEDA PEZZI SPECIALI'!$A$38:$A$59,0)),IFERROR(VLOOKUP($B171,'SCHEDA PEZZI SPECIALI'!$A$38:$F$59,5,FALSE)*1,0)+IFERROR(VLOOKUP($B171,'SCHEDA PEZZI SPECIALI'!$A$38:$F$59,6,FALSE)*1,0),IF(ISNUMBER(MATCH($B171,'SCHEDA ELETTROMECCANICA'!$A$5:$A$14,0)),IFERROR(VLOOKUP($B171,'SCHEDA ELETTROMECCANICA'!$A$5:$D$14,4,FALSE)*1,0),IF(ISNUMBER(MATCH($B171,'SCHEDA BULLONERIA'!$A$6:$A$36,0)),IFERROR(VLOOKUP($B171,'SCHEDA BULLONERIA'!$A$6:$D$36,4,FALSE)*1,0),""))))) | H171: KIT OMEGA+pannelli | I171: 1
... A190: 186 | B190: M5X30 8.8 ISO1207 | C190: Bullone testa esagonale con intaglio M5x30 | D190: Bulloneria e minuteria | E190: pz | F190: =IF(ISNUMBER(VLOOKUP($B190,'SCHEDA BULLONERIA'!$A$6:$D$400,3,FALSE)),VLOOKUP($B190,'SCHEDA BULLONERIA'!$A$6:$D$400,3,FALSE),"") | G190: =IF($B190="","",IF(ISNUMBER(MATCH($B190,'SCHEDA STRUTTURA'!$A$17:$A$147,0)),IFERROR(VLOOKUP($B190,'SCHEDA STRUTTURA'!$A$17:$G$147,6,FALSE)*1,0)+IFERROR(VLOOKUP($B190,'SCHEDA STRUTTURA'!$A$17:$G$147,7,FALSE)*1,0),IF(ISNUMBER(MATCH($B190,'SCHEDA PEZZI SPECIALI'!$A$38:$A$59,0)),IFERROR(VLOOKUP($B190,'SCHEDA PEZZI SPECIALI'!$A$38:$F$59,5,FALSE)*1,0)+IFERROR(VLOOKUP($B190,'SCHEDA PEZZI SPECIALI'!$A$38:$F$59,6,FALSE)*1,0),IF(ISNUMBER(MATCH($B190,'SCHEDA ELETTROMECCANICA'!$A$5:$A$14,0)),IFERROR(VLOOKUP($B190,'SCHEDA ELETTROMECCANICA'!$A$5:$D$14,4,FALSE)*1,0),IF(ISNUMBER(MATCH($B190,'SCHEDA BULLONERIA'!$A$6:$A$36,0)),IFERROR(VLOOKUP($B190,'SCHEDA BULLONERIA'!$A$6:$D$36,4,FALSE)*1,0),""))))) | H190: KIT INCLINOMETRO | I190: 1
A191: 187 | B191: CHSD7-60-S112-24.15.300-L1.2 | C191: Motoriduttore | D191: Motorizzazione | E191: pz | F191: =IF(ISNUMBER(VLOOKUP($B191,'SCHEDA ELETTROMECCANICA'!$A$5:$D$400,3,FALSE)),VLOOKUP($B191,'SCHEDA ELETTROMECCANICA'!$A$5:$D$400,3,FALSE),"") | G191: =IF($B191="","",IF(ISNUMBER(MATCH($B191,'SCHEDA STRUTTURA'!$A$17:$A$147,0)),IFERROR(VLOOKUP($B191,'SCHEDA STRUTTURA'!$A$17:$G$147,6,FALSE)*1,0)+IFERROR(VLOOKUP($B191,'SCHEDA STRUTTURA'!$A$17:$G$147,7,FALSE)*1,0),IF(ISNUMBER(MATCH($B191,'SCHEDA PEZZI SPECIALI'!$A$38:$A$59,0)),IFERROR(VLOOKUP($B191,'SCHEDA PEZZI SPECIALI'!$A$38:$F$59,5,FALSE)*1,0)+IFERROR(VLOOKUP($B191,'SCHEDA PEZZI SPECIALI'!$A$38:$F$59,6,FALSE)*1,0),IF(ISNUMBER(MATCH($B191,'SCHEDA ELETTROMECCANICA'!$A$5:$A$14,0)),IFERROR(VLOOKUP($B191,'SCHEDA ELETTROMECCANICA'!$A$5:$D$14,4,FALSE)*1,0),IF(ISNUMBER(MATCH($B191,'SCHEDA BULLONERIA'!$A$6:$A$36,0)),IFERROR(VLOOKUP($B191,'SCHEDA BULLONERIA'!$A$6:$D$36,4,FALSE)*1,0),""))))) | H191: PILASTRO MOTORE | I191: 1
A192: 188 | B192: ESQM_2_0_120_1 | C192: Cuscinetto asse di rotazione | D192: Cuscinetti | E192: pz | F192: =IF(ISNUMBER(VLOOKUP($B192,'SCHEDA ELETTROMECCANICA'!$A$5:$D$400,3,FALSE)),VLOOKUP($B192,'SCHEDA ELETTROMECCANICA'!$A$5:$D$400,3,FALSE),"") | G192: =IF($B192="","",IF(ISNUMBER(MATCH($B192,'SCHEDA STRUTTURA'!$A$17:$A$147,0)),IFERROR(VLOOKUP($B192,'SCHEDA STRUTTURA'!$A$17:$G$147,6,FALSE)*1,0)+IFERROR(VLOOKUP($B192,'SCHEDA STRUTTURA'!$A$17:$G$147,7,FALSE)*1,0),IF(ISNUMBER(MATCH($B192,'SCHEDA PEZZI SPECIALI'!$A$38:$A$59,0)),IFERROR(VLOOKUP($B192,'SCHEDA PEZZI SPECIALI'!$A$38:$F$59,5,FALSE)*1,0)+IFERROR(VLOOKUP($B192,'SCHEDA PEZZI SPECIALI'!$A$38:$F$59,6,FALSE)*1,0),IF(ISNUMBER(MATCH($B192,'SCHEDA ELETTROMECCANICA'!$A$5:$A$14,0)),IFERROR(VLOOKUP($B192,'SCHEDA ELETTROMECCANICA'!$A$5:$D$14,4,FALSE)*1,0),IF(ISNUMBER(MATCH($B192,'SCHEDA BULLONERIA'!$A$6:$A$36,0)),IFERROR(VLOOKUP($B192,'SCHEDA BULLONERIA'!$A$6:$D$36,4,FALSE)*1,0),""))))) | H192: PILASTRO CUSCINETTO | I192: 1
A193: 189 | B193: 15T-JUNCTBOXIP65 | C193: Box centralina meteo | D193: Quadristica ed elettrico | E193: pz | F193: =IF(ISNUMBER(VLOOKUP($B193,'SCHEDA ELETTROMECCANICA'!$A$5:$D$400,3,FALSE)),VLOOKUP($B193,'SCHEDA ELETTROMECCANICA'!$A$5:$D$400,3,FALSE),"") | G193: =IF($B193="","",IF(ISNUMBER(MATCH($B193,'SCHEDA STRUTTURA'!$A$17:$A$147,0)),IFERROR(VLOOKUP($B193,'SCHEDA STRUTTURA'!$A$17:$G$147,6,FALSE)*1,0)+IFERROR(VLOOKUP($B193,'SCHEDA STRUTTURA'!$A$17:$G$147,7,FALSE)*1,0),IF(ISNUMBER(MATCH($B193,'SCHEDA PEZZI SPECIALI'!$A$38:$A$59,0)),IFERROR(VLOOKUP($B193,'SCHEDA PEZZI SPECIALI'!$A$38:$F$59,5,FALSE)*1,0)+IFERROR(VLOOKUP($B193,'SCHEDA PEZZI SPECIALI'!$A$38:$F$59,6,FALSE)*1,0),IF(ISNUMBER(MATCH($B193,'SCHEDA ELETTROMECCANICA'!$A$5:$A$14,0)),IFERROR(VLOOKUP($B193,'SCHEDA ELETTROMECCANICA'!$A$5:$D$14,4,FALSE)*1,0),IF(ISNUMBER(MATCH($B193,'SCHEDA BULLONERIA'!$A$6:$A$36,0)),IFERROR(VLOOKUP($B193,'SCHEDA BULLONERIA'!$A$6:$D$36,4,FALSE)*1,0),""))))) | H193: kit quadri centralina meteo | I193: 1
...

Sheet DISTINTA COMPLETA
A1: Assieme / Kit | B1: Sezione | C1: Pos. | D1: Codice | E1: Descrizione | F1: Categoria | G1: Q.tà | H1: Q.tà 12 mod | I1: Q.tà 18 mod | J1: Q.tà 20 mod | K1: Q.tà 22 mod | L1: Q.tà 36 mod | M1: Q.tà 40 mod | N1: Già caricato altrove | O1: U.M. | P1: Peso elemento (kg) | Q1: Prezzo unitario € | R1: Importo €
A2: PILASTRO MOTORE | C2: 1 | D2: TTS.PF.001.IPE140.30 | E2: Pilastro fondazione trave IPE140 mt.3,00 | F2: Carpenteria metallica | G2: 1 | O2: pz | Q2: =IFERROR(VLOOKUP($D2,LISTINO!$B:$I,6,FALSE),IFERROR(VLOOKUP($E2,LISTINO!$C:$I,5,FALSE),"")) | R2: =IF(AND(ISNUMBER(G2),ISNUMBER(Q2)),G2*Q2,"")
A3: PILASTRO MOTORE | C3: 1 | D3: TTS.PF.001.IPEA140.30 | E3: Pilastro fondazione trave IPEA140 mt.3,00 (alleggerita) | F3: Carpenteria metallica | G3: 0 | O3: pz | Q3: =IFERROR(VLOOKUP($D3,LISTINO!$B:$I,6,FALSE),IFERROR(VLOOKUP($E3,LISTINO!$C:$I,5,FALSE),"")) | R3: =IF(AND(ISNUMBER(G3),ISNUMBER(Q3)),G3*Q3,"")
A4: PILASTRO MOTORE | C4: 1 | D4: TTS.PF.001.IPE140.26 | E4: Pilastro fondazione trave IPE140 mt.2,60 | F4: Carpenteria metallica | G4: 0 | O4: pz | Q4: =IFERROR(VLOOKUP($D4,LISTINO!$B:$I,6,FALSE),IFERROR(VLOOKUP($E4,LISTINO!$C:$I,5,FALSE),"")) | R4: =IF(AND(ISNUMBER(G4),ISNUMBER(Q4)),G4*Q4,"")
A5: PILASTRO MOTORE | C5: 1 | D5: TTS.PF.001.IPEA140.26 | E5: Pilastro fondazione trave IPEA140 mt.2,60 (alleggerita) | F5: Carpenteria metallica | G5: 0 | O5: pz | Q5: =IFERROR(VLOOKUP($D5,LISTINO!$B:$I,6,FALSE),IFERROR(VLOOKUP($E5,LISTINO!$C:$I,5,FALSE),"")) | R5: =IF(AND(ISNUMBER(G5),ISNUMBER(Q5)),G5*Q5,"")
A6: PILASTRO MOTORE | C6: 1 | D6: TTS.PF.001.IPE140.27 | E6: Pilastro fondazione trave IPE140 mt.2,70 | F6: Carpenteria metallica | G6: 0 | O6: pz | Q6: =IFERROR(VLOOKUP($D6,LISTINO!$B:$I,6,FALSE),IFERROR(VLOOKUP($E6,LISTINO!$C:$I,5,FALSE),"")) | R6: =IF(AND(ISNUMBER(G6),ISNUMBER(Q6)),G6*Q6,"")
A7: PILASTRO MOTORE | C7: 1 | D7: TTS.PF.001.IPEA140.27 | E7: Pilastro fondazione trave IPEA140 mt.2,70 (alleggerita) | F7: Carpenteria metallica | G7: 0 | O7: pz | Q7: =IFERROR(VLOOKUP($D7,LISTINO!$B:$I,6,FALSE),IFERROR(VLOOKUP($E7,LISTINO!$C:$I,5,FALSE),"")) | R7: =IF(AND(ISNUMBER(G7),ISNUMBER(Q7)),G7*Q7,"")
A8: PILASTRO MOTORE | C8: 1 | D8: TTS.PF.001.IPE140.28 | E8: Pilastro fondazione trave IPE140 mt.2,80 | F8: Carpenteria metallica | G8: 0 | O8: pz | Q8: =IFERROR(VLOOKUP($D8,LISTINO!$B:$I,6,FALSE),IFERROR(VLOOKUP($E8,LISTINO!$C:$I,5,FALSE),"")) | R8: =IF(AND(ISNUMBER(G8),ISNUMBER(Q8)),G8*Q8,"")
A9: PILASTRO MOTORE | C9: 1 | D9: TTS.PF.001.IPEA140.28 | E9: Pilastro fondazione trave IPEA140 mt.2,80 (alleggerita) | F9: Carpenteria metallica | G9: 0 | O9: pz | Q9: =IFERROR(VLOOKUP($D9,LISTINO!$B:$I,6,FALSE),IFERROR(VLOOKUP($E9,LISTINO!$C:$I,5,FALSE),"")) | R9: =IF(AND(ISNUMBER(G9),ISNUMBER(Q9)),G9*Q9,"")
A10: PILASTRO MOTORE | C10: 1 | D10: TTS.PF.001.IPE140.29 | E10: Pilastro fondazione trave IPE140 mt.2,90 | F10: Carpenteria metallica | G10: 0 | O10: pz | Q10: =IFERROR(VLOOKUP($D10,LISTINO!$B:$I,6,FALSE),IFERROR(VLOOKUP($E10,LISTINO!$C:$I,5,FALSE),"")) | R10: =IF(AND(ISNUMBER(G10),ISNUMBER(Q10)),G10*Q10,"")
A11: PILASTRO MOTORE | C11: 1 | D11: TTS.PF.001.IPEA140.29 | E11: Pilastro fondazione trave IPEA140 mt.2,90 (alleggerita) | F11: Carpenteria metallica | G11: 0 | O11: pz | Q11: =IFERROR(VLOOKUP($D11,LISTINO!$B:$I,6,FALSE),IFERROR(VLOOKUP($E11,LISTINO!$C:$I,5,FALSE),"")) | R11: =IF(AND(ISNUMBER(G11),ISNUMBER(Q11)),G11*Q11,"")
A12: PILASTRO MOTORE | C12: 1 | D12: TTS.PF.001.IPE140.31 | E12: Pilastro fondazione trave IPE140 mt.3,10 | F12: Carpenteria metallica | G12: 0 | O12: pz | Q12: =IFERROR(VLOOKUP($D12,LISTINO!$B:$I,6,FALSE),IFERROR(VLOOKUP($E12,LISTINO!$C:$I,5,FALSE),"")) | R12: =IF(AND(ISNUMBER(G12),ISNUMBER(Q12)),G12*Q12,"")
A13: PILASTRO MOTORE | C13: 1 | D13: TTS.PF.001.IPEA140.31 | E13: Pilastro fondazione trave IPEA140 mt.3,10 (alleggerita) | F13: Carpenteria metallica | G13: 0 | O13: pz | Q13: =IFERROR(VLOOKUP($D13,LISTINO!$B:$I,6,FALSE),IFERROR(VLOOKUP($E13,LISTINO!$C:$I,5,FALSE),"")) | R13: =IF(AND(ISNUMBER(G13),ISNUMBER(Q13)),G13*Q13,"")
... A82: PILASTRO MOTORE | C82: 6 | D82: 10DAZAM16 | E82: Dado autobloccante M16 | F82: Bulloneria e minuteria | G82: 4 | O82: pz | Q82: =IFERROR(VLOOKUP($D82,LISTINO!$B:$I,6,FALSE),IFERROR(VLOOKUP($E82,LISTINO!$C:$I,5,FALSE),"")) | R82: =IF(AND(ISNUMBER(G82),ISNUMBER(Q82)),G82*Q82,"")
A83: PILASTRO CUSCINETTO | C83: 1 | D83: TTS.PF.001.IPE140.30 | E83: Pilastro fondazione trave IPE140 mt3,00 | F83: Carpenteria metallica | G83: 1 | H83: 2 | I83: 4 | J83: 4 | K83: 4 | L83: 8 | M83: 10 | O83: pz | Q83: =IFERROR(VLOOKUP($D83,LISTINO!$B:$I,6,FALSE),IFERROR(VLOOKUP($E83,LISTINO!$C:$I,5,FALSE),"")) | R83: =IF(AND(ISNUMBER(G83),ISNUMBER(Q83)),G83*Q83,"")
A84: PILASTRO CUSCINETTO | C84: 2 | D84: TTS.PC.001.IPE140.23 | E84: Pilastro cuscinetto trave IPE 140 mt.2,30 | F84: Carpenteria metallica | G84: 1 | H84: 2 | I84: 4 | J84: 4 | K84: 4 | L84: 8 | M84: 10 | O84: pz | Q84: =IFERROR(VLOOKUP($D84,LISTINO!$B:$I,6,FALSE),IFERROR(VLOOKUP($E84,LISTINO!$C:$I,5,FALSE),"")) | R84: =IF(AND(ISNUMBER(G84),ISNUMBER(Q84)),G84*Q84,"")
A85: PILASTRO CUSCINETTO | C85: 2 | D85: TTS.PC.001.IPEA140.23 | E85: Pilastro cuscinetto trave IPEA 140 mt.2,30 (alleggerita) | F85: Carpenteria metallica | G85: 0 | O85: pz | Q85: =IFERROR(VLOOKUP($D85,LISTINO!$B:$I,6,FALSE),IFERROR(VLOOKUP($E85,LISTINO!$C:$I,5,FALSE),"")) | R85: =IF(AND(ISNUMBER(G85),ISNUMBER(Q85)),G85*Q85,"")
A86: PILASTRO CUSCINETTO | C86: 2 | D86: TTS.PC.001.IPE140.28 | E86: Pilastro cuscinetto trave IPE 140 mt.2,80 | F86: Carpenteria metallica | G86: 0 | O86: pz | Q86: =IFERROR(VLOOKUP($D86,LISTINO!$B:$I,6,FALSE),IFERROR(VLOOKUP($E86,LISTINO!$C:$I,5,FALSE),"")) | R86: =IF(AND(ISNUMBER(G86),ISNUMBER(Q86)),G86*Q86,"")
A87: PILASTRO CUSCINETTO | C87: 2 | D87: TTS.PC.001.IPEA140.28 | E87: Pilastro cuscinetto trave IPEA 140 mt.2,80 (alleggerita) | F87: Carpenteria metallica | G87: 0 | O87: pz | Q87: =IFERROR(VLOOKUP($D87,LISTINO!$B:$I,6,FALSE),IFERROR(VLOOKUP($E87,LISTINO!$C:$I,5,FALSE),"")) | R87: =IF(AND(ISNUMBER(G87),ISNUMBER(Q87)),G87*Q87,"")
A88: PILASTRO CUSCINETTO | C88: 2 | D88: TTS.PC.001.IPE140.29 | E88: Pilastro cuscinetto trave IPE 140 mt.2,90 | F88: Carpenteria metallica | G88: 0 | O88: pz | Q88: =IFERROR(VLOOKUP($D88,LISTINO!$B:$I,6,FALSE),IFERROR(VLOOKUP($E88,LISTINO!$C:$I,5,FALSE),"")) | R88: =IF(AND(ISNUMBER(G88),ISNUMBER(Q88)),G88*Q88,"")
A89: PILASTRO CUSCINETTO | C89: 2 | D89: TTS.PC.001.IPEA140.29 | E89: Pilastro cuscinetto trave IPEA 140 mt.2,90 (alleggerita) | F89: Carpenteria metallica | G89: 0 | O89: pz | Q89: =IFERROR(VLOOKUP($D89,LISTINO!$B:$I,6,FALSE),IFERROR(VLOOKUP($E89,LISTINO!$C:$I,5,FALSE),"")) | R89: =IF(AND(ISNUMBER(G89),ISNUMBER(Q89)),G89*Q89,"")
A90: PILASTRO CUSCINETTO | C90: 2 | D90: TTS.PC.001.IPE140.30 | E90: Pilastro cuscinetto trave IPE 140 mt.3,00 | F90: Carpenteria metallica | G90: 0 | O90: pz | Q90: =IFERROR(VLOOKUP($D90,LISTINO!$B:$I,6,FALSE),IFERROR(VLOOKUP($E90,LISTINO!$C:$I,5,FALSE),"")) | R90: =IF(AND(ISNUMBER(G90),ISNUMBER(Q90)),G90*Q90,"")
A91: PILASTRO CUSCINETTO | C91: 2 | D91: TTS.PC.001.IPEA140.30 | E91: Pilastro cuscinetto trave IPEA 140 mt.3,00 (alleggerita) | F91: Carpenteria metallica | G91: 0 | O91: pz | Q91: =IFERROR(VLOOKUP($D91,LISTINO!$B:$I,6,FALSE),IFERROR(VLOOKUP($E91,LISTINO!$C:$I,5,FALSE),"")) | R91: =IF(AND(ISNUMBER(G91),ISNUMBER(Q91)),G91*Q91,"")
A92: PILASTRO CUSCINETTO | C92: 2 | D92: TTS.PC.001.IPE140.31 | E92: Pilastro cuscinetto trave IPE 140 mt.3,10 | F92: Carpenteria metallica | G92: 0 | O92: pz | Q92: =IFERROR(VLOOKUP($D92,LISTINO!$B:$I,6,FALSE),IFERROR(VLOOKUP($E92,LISTINO!$C:$I,5,FALSE),"")) | R92: =IF(AND(ISNUMBER(G92),ISNUMBER(Q92)),G92*Q92,"")
A93: PILASTRO CUSCINETTO | C93: 2 | D93: TTS.PC.001.IPEA140.31 | E93: Pilastro cuscinetto trave IPEA 140 mt.3,10 (alleggerita) | F93: Carpenteria metallica | G93: 0 | O93: pz | Q93: =IFERROR(VLOOKUP($D93,LISTINO!$B:$I,6,FALSE),IFERROR(VLOOKUP($E93,LISTINO!$C:$I,5,FALSE),"")) | R93: =IF(AND(ISNUMBER(G93),ISNUMBER(Q93)),G93*Q93,"")
A94: PILASTRO CUSCINETTO | C94: 2 | D94: TTS.PC.001.IPE140.32 | E94: Pilastro cuscinetto trave IPE 140 mt.3,20 | F94: Carpenteria metallica | G94: 0 | O94: pz | Q94: =IFERROR(VLOOKUP($D94,LISTINO!$B:$I,6,FALSE),IFERROR(VLOOKUP($E94,LISTINO!$C:$I,5,FALSE),"")) | R94: =IF(AND(ISNUMBER(G94),ISNUMBER(Q94)),G94*Q94,"")
A95: PILASTRO CUSCINETTO | C95: 2 | D95: TTS.PC.001.IPEA140.32 | E95: Pilastro cuscinetto trave IPEA 140 mt.3,20 (alleggerita) | F95: Carpenteria metallica | G95: 0 | O95: pz | Q95: =IFERROR(VLOOKUP($D95,LISTINO!$B:$I,6,FALSE),IFERROR(VLOOKUP($E95,LISTINO!$C:$I,5,FALSE),"")) | R95: =IF(AND(ISNUMBER(G95),ISNUMBER(Q95)),G95*Q95,"")
A96: PILASTRO CUSCINETTO | C96: 2 | D96: TTS.PC.001.IPE140.33 | E96: Pilastro cuscinetto trave IPE 140 mt.3,30 | F96: Carpenteria metallica | G96: 0 | O96: pz | Q96: =IFERROR(VLOOKUP($D96,LISTINO!$B:$I,6,FALSE),IFERROR(VLOOKUP($E96,LISTINO!$C:$I,5,FALSE),"")) | R96: =IF(AND(ISNUMBER(G96),ISNUMBER(Q96)),G96*Q96,"")
... A121: PILASTRO CUSCINETTO | C121: 2 | D121: TTS.PC.001.IPEA140.45 | E121: Pilastro cuscinetto trave IPEA 140 mt.4,50 (alleggerita) | F121: Carpenteria metallica | G121: 0 | O121: pz | Q121: =IFERROR(VLOOKUP($D121,LISTINO!$B:$I,6,FALSE),IFERROR(VLOOKUP($E121,LISTINO!$C:$I,5,FALSE),"")) | R121: =IF(AND(ISNUMBER(G121),ISNUMBER(Q121)),G121*Q121,"")
A122: PILASTRO CUSCINETTO | C122: 3 | D122: TTS.PF.002.IPE140 | E122: Piastra giunzione montanti centrale 200x100x4 (8 fori Ø 11) | F122: Carpenteria metallica | G122: 2 | H122: 4 | I122: 8 | J122: 8 | K122: 8 | L122: 16 | M122: 20 | O122: pz | Q122: =IFERROR(VLOOKUP($D122,LISTINO!$B:$I,6,FALSE),IFERROR(VLOOKUP($E122,LISTINO!$C:$I,5,FALSE),"")) | R122: =IF(AND(ISNUMBER(G122),ISNUMBER(Q122)),G122*Q122,"")
A123: PILASTRO CUSCINETTO | C123: 4 | D123: 10BZM10X40 | E123: Bullone testa esagonale M10X40 | F123: Bulloneria e minuteria | G123: 8 | H123: 16 | I123: 32 | J123: 32 | K123: 32 | L123: 64 | M123: 80 | O123: pz | Q123: =IFERROR(VLOOKUP($D123,LISTINO!$B:$I,6,FALSE),IFERROR(VLOOKUP($E123,LISTINO!$C:$I,5,FALSE),"")) | R123: =IF(AND(ISNUMBER(G123),ISNUMBER(Q123)),G123*Q123,"")
A124: PILASTRO CUSCINETTO | C124: 5 | D124: 10ROND10 | E124: Rondella zn da 10 | F124: Bulloneria e minuteria | G124: 8 | H124: 16 | I124: 32 | J124: 32 | K124: 32 | L124: 64 | M124: 80 | O124: pz | Q124: =IFERROR(VLOOKUP($D124,LISTINO!$B:$I,6,FALSE),IFERROR(VLOOKUP($E124,LISTINO!$C:$I,5,FALSE),"")) | R124: =IF(AND(ISNUMBER(G124),ISNUMBER(Q124)),G124*Q124,"")
A125: PILASTRO CUSCINETTO | C125: 6 | D125: 10ROND10 | E125: Rondella zn da 10 | F125: Bulloneria e minuteria | G125: 8 | H125: 16 | I125: 32 | J125: 32 | K125: 32 | L125: 64 | M125: 80 | O125: pz | Q125: =IFERROR(VLOOKUP($D125,LISTINO!$B:$I,6,FALSE),IFERROR(VLOOKUP($E125,LISTINO!$C:$I,5,FALSE),"")) | R125: =IF(AND(ISNUMBER(G125),ISNUMBER(Q125)),G125*Q125,"")
A126: PILASTRO CUSCINETTO | C126: 7 | D126: 10DAZAM10 | E126: Dado autobloccante M10 | F126: Bulloneria e minuteria | G126: 8 | H126: 16 | I126: 32 | J126: 32 | K126: 32 | L126: 64 | M126: 80 | O126: pz | Q126: =IFERROR(VLOOKUP($D126,LISTINO!$B:$I,6,FALSE),IFERROR(VLOOKUP($E126,LISTINO!$C:$I,5,FALSE),"")) | R126: =IF(AND(ISNUMBER(G126),ISNUMBER(Q126)),G126*Q126,"")
A127: PILASTRO CUSCINETTO | C127: 1 | D127: TTS.PF.003.IPE140 | E127: Piastra giunzione montanti esterna 240x70x6 (12 fori Ø 11) | F127: Carpenteria metallica | G127: 2 | H127: 4 | I127: 8 | J127: 8 | K127: 8 | L127: 16 | M127: 20 | O127: pz | Q127: =IFERROR(VLOOKUP($D127,LISTINO!$B:$I,6,FALSE),IFERROR(VLOOKUP($E127,LISTINO!$C:$I,5,FALSE),"")) | R127: =IF(AND(ISNUMBER(G127),ISNUMBER(Q127)),G127*Q127,"")
A128: PILASTRO CUSCINETTO | C128: 2 | D128: TTS.PF.004.IPE140 | E128: Piastra giunzione montanti interna 240x25x6 (6 fori Ø 11) | F128: Carpenteria metallica | G128: 4 | H128: 8 | I128: 16 | J128: 16 | K128: 16 | L128: 32 | M128: 40 | O128: pz | Q128: =IFERROR(VLOOKUP($D128,LISTINO!$B:$I,6,FALSE),IFERROR(VLOOKUP($E128,LISTINO!$C:$I,5,FALSE),"")) | R128: =IF(AND(ISNUMBER(G128),ISNUMBER(Q128)),G128*Q128,"")
A129: PILASTRO CUSCINETTO | C129: 3 | D129: 10BZM10X40 | E129: Bullone testa esagonale M10X40 | F129: Bulloneria e minuteria | G129: 24 | H129: 48 | I129: 96 | J129: 96 | K129: 96 | L129: 192 | M129: 240 | O129: pz | Q129: =IFERROR(VLOOKUP($D129,LISTINO!$B:$I,6,FALSE),IFERROR(VLOOKUP($E129,LISTINO!$C:$I,5,FALSE),"")) | R129: =IF(AND(ISNUMBER(G129),ISNUMBER(Q129)),G129*Q129,"")
A130: PILASTRO CUSCINETTO | C130: 4 | D130: 10ROND10 | E130: Rondella zn da 10 | F130: Bulloneria e minuteria | G130: 24 | H130: 48 | I130: 96 | J130: 96 | K130: 96 | L130: 192 | M130: 240 | O130: pz | Q130: =IFERROR(VLOOKUP($D130,LISTINO!$B:$I,6,FALSE),IFERROR(VLOOKUP($E130,LISTINO!$C:$I,5,FALSE),"")) | R130: =IF(AND(ISNUMBER(G130),ISNUMBER(Q130)),G130*Q130,"")
A131: PILASTRO CUSCINETTO | C131: 5 | D131: 10ROND10 | E131: Rondella zn da 10 | F131: Bulloneria e minuteria | G131: 24 | H131: 48 | I131: 96 | J131: 96 | K131: 96 | L131: 192 | M131: 240 | O131: pz | Q131: =IFERROR(VLOOKUP($D131,LISTINO!$B:$I,6,FALSE),IFERROR(VLOOKUP($E131,LISTINO!$C:$I,5,FALSE),"")) | R131: =IF(AND(ISNUMBER(G131),ISNUMBER(Q131)),G131*Q131,"")
A132: PILASTRO CUSCINETTO | C132: 6 | D132: 10DAZAM10 | E132: Dado autobloccante M10 | F132: Bulloneria e minuteria | G132: 24 | H132: 48 | I132: 96 | J132: 96 | K132: 96 | L132: 192 | M132: 240 | O132: pz | Q132: =IFERROR(VLOOKUP($D132,LISTINO!$B:$I,6,FALSE),IFERROR(VLOOKUP($E132,LISTINO!$C:$I,5,FALSE),"")) | R132: =IF(AND(ISNUMBER(G132),ISNUMBER(Q132)),G132*Q132,"")
A133: PILASTRO CUSCINETTO | C133: 2 | D133: TTS.PC.002.IPE140 | E133: Supporto laterale testa cuscinetto | F133: Carpenteria metallica | G133: 2 | H133: 4 | I133: 8 | J133: 8 | K133: 8 | L133: 16 | M133: 20 | O133: pz | Q133: =IFERROR(VLOOKUP($D133,LISTINO!$B:$I,6,FALSE),IFERROR(VLOOKUP($E133,LISTINO!$C:$I,5,FALSE),"")) | R133: =IF(AND(ISNUMBER(G133),ISNUMBER(Q133)),G133*Q133,"")
... A143: PILASTRO CUSCINETTO | C143: 6 | D143: 10DAZAM16 | E143: Dado autobloccante M16 | F143: Bulloneria e minuteria | G143: 2 | H143: 4 | I143: 8 | J143: 8 | K143: 8 | L143: 16 | M143: 20 | O143: pz | Q143: =IFERROR(VLOOKUP($D143,LISTINO!$B:$I,6,FALSE),IFERROR(VLOOKUP($E143,LISTINO!$C:$I,5,FALSE),"")) | R143: =IF(AND(ISNUMBER(G143),ISNUMBER(Q143)),G143*Q143,"")
A144: ASSI DI ROTAZIONE 1303 | B144: 12 MODULI 1303 | D144: TTS.AR.001.8250 | E144: Asse lato motore 120x120x3 mm. lunghezza mt.8,25 | F144: Carpenteria metallica | G144: 2 | O144: pz | Q144: =IFERROR(VLOOKUP($D144,LISTINO!$B:$I,6,FALSE),IFERROR(VLOOKUP($E144,LISTINO!$C:$I,5,FALSE),"")) | R144: =IF(AND(ISNUMBER(G144),ISNUMBER(Q144)),G144*Q144,"")
A145: ASSI DI ROTAZIONE 1303 | B145: 12 MODULI 1303 | D145: TTS.AR.001.8250.25 | E145: Asse lato motore 120x120x2,5 mm. lunghezza mt.8,25 | F145: Carpenteria metallica | G145: 0 | O145: pz | Q145: =IFERROR(VLOOKUP($D145,LISTINO!$B:$I,6,FALSE),IFERROR(VLOOKUP($E145,LISTINO!$C:$I,5,FALSE),"")) | R145: =IF(AND(ISNUMBER(G145),ISNUMBER(Q145)),G145*Q145,"")
A146: ASSI DI ROTAZIONE 1303 | B146: 18 MODULI 1303 | D146: TTS.AR.001.7200 | E146: Asse lato motore 120x120x3 mm. lunghezza mt.7,20 | F146: Carpenteria metallica | G146: 2 | O146: pz | Q146: =IFERROR(VLOOKUP($D146,LISTINO!$B:$I,6,FALSE),IFERROR(VLOOKUP($E146,LISTINO!$C:$I,5,FALSE),"")) | R146: =IF(AND(ISNUMBER(G146),ISNUMBER(Q146)),G146*Q146,"")
A147: ASSI DI ROTAZIONE 1303 | B147: 18 MODULI 1303 | D147: TTS.AR.001.7200.25 | E147: Asse lato motore 120x120x2,5 mm. lunghezza mt.7,20 | F147: Carpenteria metallica | G147: 0 | O147: pz | Q147: =IFERROR(VLOOKUP($D147,LISTINO!$B:$I,6,FALSE),IFERROR(VLOOKUP($E147,LISTINO!$C:$I,5,FALSE),"")) | R147: =IF(AND(ISNUMBER(G147),ISNUMBER(Q147)),G147*Q147,"")
A148: ASSI DI ROTAZIONE 1303 | B148: 18 MODULI 1303 | D148: TTS.AR.002.5000 | E148: Asse esterno 120x120x3 mm. lunghezza mt.5,00 | F148: Carpenteria metallica | G148: 2 | O148: pz | Q148: =IFERROR(VLOOKUP($D148,LISTINO!$B:$I,6,FALSE),IFERROR(VLOOKUP($E148,LISTINO!$C:$I,5,FALSE),"")) | R148: =IF(AND(ISNUMBER(G148),ISNUMBER(Q148)),G148*Q148,"")
A149: ASSI DI ROTAZIONE 1303 | B149: 18 MODULI 1303 | D149: TTS.AR.002.5000.25 | E149: Asse esterno 120x120x2,5 mm. lunghezza mt.5,00 | F149: Carpenteria metallica | G149: 0 | O149: pz | Q149: =IFERROR(VLOOKUP($D149,LISTINO!$B:$I,6,FALSE),IFERROR(VLOOKUP($E149,LISTINO!$C:$I,5,FALSE),"")) | R149: =IF(AND(ISNUMBER(G149),ISNUMBER(Q149)),G149*Q149,"")
A150: ASSI DI ROTAZIONE 1303 | B150: 18 MODULI 1303 | C150: 1 | D150: TTS.AR.2011 | E150: Gaffa giunzione asse | F150: Carpenteria metallica | G150: 2 | I150: 4 | O150: pz | Q150: =IFERROR(VLOOKUP($D150,LISTINO!$B:$I,6,FALSE),IFERROR(VLOOKUP($E150,LISTINO!$C:$I,5,FALSE),"")) | R150: =IF(AND(ISNUMBER(G150),ISNUMBER(Q150)),G150*Q150,"")
A151: ASSI DI ROTAZIONE 1303 | B151: 18 MODULI 1303 | C151: 2 | D151: 10BZM8X150 | E151: Bullone testa esagonale zn M8X150 | F151: Bulloneria e minuteria | G151: 2 | I151: 4 | O151: pz | Q151: =IFERROR(VLOOKUP($D151,LISTINO!$B:$I,6,FALSE),IFERROR(VLOOKUP($E151,LISTINO!$C:$I,5,FALSE),"")) | R151: =IF(AND(ISNUMBER(G151),ISNUMBER(Q151)),G151*Q151,"")
A152: ASSI DI ROTAZIONE 1303 | B152: 18 MODULI 1303 | C152: 3 | D152: 10ROND8 | E152: Rondella zn 8 | F152: Bulloneria e minuteria | G152: 2 | I152: 4 | O152: pz | Q152: =IFERROR(VLOOKUP($D152,LISTINO!$B:$I,6,FALSE),IFERROR(VLOOKUP($E152,LISTINO!$C:$I,5,FALSE),"")) | R152: =IF(AND(ISNUMBER(G152),ISNUMBER(Q152)),G152*Q152,"")
A153: ASSI DI ROTAZIONE 1303 | B153: 18 MODULI 1303 | C153: 4 | D153: 10ROND8 | E153: Rondella zn 8 | F153: Bulloneria e minuteria | G153: 2 | I153: 4 | O153: pz | Q153: =IFERROR(VLOOKUP($D153,LISTINO!$B:$I,6,FALSE),IFERROR(VLOOKUP($E153,LISTINO!$C:$I,5,FALSE),"")) | R153: =IF(AND(ISNUMBER(G153),ISNUMBER(Q153)),G153*Q153,"")
A154: ASSI DI ROTAZIONE 1303 | B154: 18 MODULI 1303 | C154: 5 | D154: 10DAZAM8 | E154: Dado autobloccante M8 | F154: Bulloneria e minuteria | G154: 2 | I154: 4 | O154: pz | Q154: =IFERROR(VLOOKUP($D154,LISTINO!$B:$I,6,FALSE),IFERROR(VLOOKUP($E154,LISTINO!$C:$I,5,FALSE),"")) | R154: =IF(AND(ISNUMBER(G154),ISNUMBER(Q154)),G154*Q154,"")
A155: ASSI DI ROTAZIONE 1303 | B155: 18 MODULI 1303 | C155: 6 | D155: 10BZM10X30 | E155: Bullone testa esagonale zn M10X30 | F155: Bulloneria e minuteria | G155: 8 | I155: 16 | O155: pz | Q155: =IFERROR(VLOOKUP($D155,LISTINO!$B:$I,6,FALSE),IFERROR(VLOOKUP($E155,LISTINO!$C:$I,5,FALSE),"")) | R155: =IF(AND(ISNUMBER(G155),ISNUMBER(Q155)),G155*Q155,"")
A156: ASSI DI ROTAZIONE 1303 | B156: 18 MODULI 1303 | C156: 7 | D156: 10ROND10 | E156: Rondella zn 10 | F156: Bulloneria e minuteria | G156: 8 | I156: 16 | O156: pz | Q156: =IFERROR(VLOOKUP($D156,LISTINO!$B:$I,6,FALSE),IFERROR(VLOOKUP($E156,LISTINO!$C:$I,5,FALSE),"")) | R156: =IF(AND(ISNUMBER(G156),ISNUMBER(Q156)),G156*Q156,"")
A157: ASSI DI ROTAZIONE 1303 | B157: 18 MODULI 1303 | C157: 8 | D157: 10ROND10 | E157: Rondella zn 10 | F157: Bulloneria e minuteria | G157: 8 | I157: 16 | O157: pz | Q157: =IFERROR(VLOOKUP($D157,LISTINO!$B:$I,6,FALSE),IFERROR(VLOOKUP($E157,LISTINO!$C:$I,5,FALSE),"")) | R157: =IF(AND(ISNUMBER(G157),ISNUMBER(Q157)),G157*Q157,"")
A158: ASSI DI ROTAZIONE 1303 | B158: 18 MODULI 1303 | C158: 9 | D158: 10DAZAM10 | E158: Dado autobloccante M10 | F158: Bulloneria e minuteria | G158: 8 | I158: 16 | O158: pz | Q158: =IFERROR(VLOOKUP($D158,LISTINO!$B:$I,6,FALSE),IFERROR(VLOOKUP($E158,LISTINO!$C:$I,5,FALSE),"")) | R158: =IF(AND(ISNUMBER(G158),ISNUMBER(Q158)),G158*Q158,"")
A159: ASSI DI ROTAZIONE 1303 | B159: 20 MODULI 1303 | D159: TTS.AR.001.7200 | E159: Asse lato motore 120x120x3 mm. lunghezza mt.7,20 | F159: Carpenteria metallica | G159: 2 | O159: pz | Q159: =IFERROR(VLOOKUP($D159,LISTINO!$B:$I,6,FALSE),IFERROR(VLOOKUP($E159,LISTINO!$C:$I,5,FALSE),"")) | R159: =IF(AND(ISNUMBER(G159),ISNUMBER(Q159)),G159*Q159,"")
A160: ASSI DI ROTAZIONE 1303 | B160: 20 MODULI 1303 | D160: TTS.AR.002.6300 | E160: Asse esterno 120x120x3 mm. lunghezza mt.6,30 | F160: Carpenteria metallica | G160: 2 | O160: pz | Q160: =IFERROR(VLOOKUP($D160,LISTINO!$B:$I,6,FALSE),IFERROR(VLOOKUP($E160,LISTINO!$C:$I,5,FALSE),"")) | R160: =IF(AND(ISNUMBER(G160),ISNUMBER(Q160)),G160*Q160,"")
A161: ASSI DI ROTAZIONE 1303 | B161: 20 MODULI 1303 | D161: TTS.AR.002.6300.25 | E161: Asse esterno 120x120x2,5 mm. lunghezza mt.6,30 | F161: Carpenteria metallica | G161: 0 | O161: pz | Q161: =IFERROR(VLOOKUP($D161,LISTINO!$B:$I,6,FALSE),IFERROR(VLOOKUP($E161,LISTINO!$C:$I,5,FALSE),"")) | R161: =IF(AND(ISNUMBER(G161),ISNUMBER(Q161)),G161*Q161,"")
A162: ASSI DI ROTAZIONE 1303 | B162: 20 MODULI 1303 | C162: 1 | D162: TTS.AR.2011 | E162: Gaffa giunzione asse | F162: Carpenteria metallica | G162: 2 | J162: 4 | O162: pz | Q162: =IFERROR(VLOOKUP($D162,LISTINO!$B:$I,6,FALSE),IFERROR(VLOOKUP($E162,LISTINO!$C:$I,5,FALSE),"")) | R162: =IF(AND(ISNUMBER(G162),ISNUMBER(Q162)),G162*Q162,"")
A163: ASSI DI ROTAZIONE 1303 | B163: 20 MODULI 1303 | C163: 2 | D163: 10BZM8X150 | E163: Bullone testa esagonale zn M8X150 | F163: Bulloneria e minuteria | G163: 2 | J163: 4 | O163: pz | Q163: =IFERROR(VLOOKUP($D163,LISTINO!$B:$I,6,FALSE),IFERROR(VLOOKUP($E163,LISTINO!$C:$I,5,FALSE),"")) | R163: =IF(AND(ISNUMBER(G163),ISNUMBER(Q163)),G163*Q163,"")
A164: ASSI DI ROTAZIONE 1303 | B164: 20 MODULI 1303 | C164: 3 | D164: 10ROND8 | E164: Rondella zn 8 | F164: Bulloneria e minuteria | G164: 2 | J164: 4 | O164: pz | Q164: =IFERROR(VLOOKUP($D164,LISTINO!$B:$I,6,FALSE),IFERROR(VLOOKUP($E164,LISTINO!$C:$I,5,FALSE),"")) | R164: =IF(AND(ISNUMBER(G164),ISNUMBER(Q164)),G164*Q164,"")
A165: ASSI DI ROTAZIONE 1303 | B165: 20 MODULI 1303 | C165: 4 | D165: 10ROND8 | E165: Rondella zn 8 | F165: Bulloneria e minuteria | G165: 2 | J165: 4 | O165: pz | Q165: =IFERROR(VLOOKUP($D165,LISTINO!$B:$I,6,FALSE),IFERROR(VLOOKUP($E165,LISTINO!$C:$I,5,FALSE),"")) | R165: =IF(AND(ISNUMBER(G165),ISNUMBER(Q165)),G165*Q165,"")
A166: ASSI DI ROTAZIONE 1303 | B166: 20 MODULI 1303 | C166: 5 | D166: 10DAZAM8 | E166: Dado autobloccante M8 | F166: Bulloneria e minuteria | G166: 2 | J166: 4 | O166: pz | Q166: =IFERROR(VLOOKUP($D166,LISTINO!$B:$I,6,FALSE),IFERROR(VLOOKUP($E166,LISTINO!$C:$I,5,FALSE),"")) | R166: =IF(AND(ISNUMBER(G166),ISNUMBER(Q166)),G166*Q166,"")
A167: ASSI DI ROTAZIONE 1303 | B167: 20 MODULI 1303 | C167: 6 | D167: 10BZM10X30 | E167: Bullone testa esagonale zn M10X30 | F167: Bulloneria e minuteria | G167: 8 | J167: 16 | O167: pz | Q167: =IFERROR(VLOOKUP($D167,LISTINO!$B:$I,6,FALSE),IFERROR(VLOOKUP($E167,LISTINO!$C:$I,5,FALSE),"")) | R167: =IF(AND(ISNUMBER(G167),ISNUMBER(Q167)),G167*Q167,"")
A168: ASSI DI ROTAZIONE 1303 | B168: 20 MODULI 1303 | C168: 7 | D168: 10ROND10 | E168: Rondella zn 10 | F168: Bulloneria e minuteria | G168: 8 | J168: 16 | O168: pz | Q168: =IFERROR(VLOOKUP($D168,LISTINO!$B:$I,6,FALSE),IFERROR(VLOOKUP($E168,LISTINO!$C:$I,5,FALSE),"")) | R168: =IF(AND(ISNUMBER(G168),ISNUMBER(Q168)),G168*Q168,"")
A169: ASSI DI ROTAZIONE 1303 | B169: 20 MODULI 1303 | C169: 8 | D169: 10ROND10 | E169: Rondella zn 10 | F169: Bulloneria e minuteria | G169: 8 | J169: 16 | O169: pz | Q169: =IFERROR(VLOOKUP($D169,LISTINO!$B:$I,6,FALSE),IFERROR(VLOOKUP($E169,LISTINO!$C:$I,5,FALSE),"")) | R169: =IF(AND(ISNUMBER(G169),ISNUMBER(Q169)),G169*Q169,"")
A170: ASSI DI ROTAZIONE 1303 | B170: 20 MODULI 1303 | C170: 9 | D170: 10DAZAM10 | E170: Dado autobloccante M10 | F170: Bulloneria e minuteria | G170: 8 | J170: 16 | O170: pz | Q170: =IFERROR(VLOOKUP($D170,LISTINO!$B:$I,6,FALSE),IFERROR(VLOOKUP($E170,LISTINO!$C:$I,5,FALSE),"")) | R170: =IF(AND(ISNUMBER(G170),ISNUMBER(Q170)),G170*Q170,"")
A171: ASSI DI ROTAZIONE 1303 | B171: 22 MODULI 1303 | D171: TTS.AR.001.8700 | E171: Asse lato motore 120x120x3 mm. lunghezza mt.8,70 | F171: Carpenteria metallica | G171: 2 | O171: pz | Q171: =IFERROR(VLOOKUP($D171,LISTINO!$B:$I,6,FALSE),IFERROR(VLOOKUP($E171,LISTINO!$C:$I,5,FALSE),"")) | R171: =IF(AND(ISNUMBER(G171),ISNUMBER(Q171)),G171*Q171,"")
A172: ASSI DI ROTAZIONE 1303 | B172: 22 MODULI 1303 | D172: TTS.AR.001.8700.25 | E172: Asse lato motore 120x120x2,5 mm. lunghezza mt.8,70 | F172: Carpenteria metallica | G172: 0 | O172: pz | Q172: =IFERROR(VLOOKUP($D172,LISTINO!$B:$I,6,FALSE),IFERROR(VLOOKUP($E172,LISTINO!$C:$I,5,FALSE),"")) | R172: =IF(AND(ISNUMBER(G172),ISNUMBER(Q172)),G172*Q172,"")
A173: ASSI DI ROTAZIONE 1303 | B173: 22 MODULI 1303 | D173: TTS.AR.002.6150 | E173: Asse esterno 120x120x3 mm. lunghezza mt.6,15 | F173: Carpenteria metallica | G173: 2 | O173: pz | Q173: =IFERROR(VLOOKUP($D173,LISTINO!$B:$I,6,FALSE),IFERROR(VLOOKUP($E173,LISTINO!$C:$I,5,FALSE),"")) | R173: =IF(AND(ISNUMBER(G173),ISNUMBER(Q173)),G173*Q173,"")
A174: ASSI DI ROTAZIONE 1303 | B174: 22 MODULI 1303 | D174: TTS.AR.002.6150.25 | E174: Asse esterno 120x120x2,5 mm. lunghezza mt.6,15 | F174: Carpenteria metallica | G174: 0 | O174: pz | Q174: =IFERROR(VLOOKUP($D174,LISTINO!$B:$I,6,FALSE),IFERROR(VLOOKUP($E174,LISTINO!$C:$I,5,FALSE),"")) | R174: =IF(AND(ISNUMBER(G174),ISNUMBER(Q174)),G174*Q174,"")
A175: ASSI DI ROTAZIONE 1303 | B175: 22 MODULI 1303 | C175: 1 | D175: TTS.AR.2011 | E175: Gaffa giunzione asse | F175: Carpenteria metallica | G175: 2 | K175: 4 | O175: pz | Q175: =IFERROR(VLOOKUP($D175,LISTINO!$B:$I,6,FALSE),IFERROR(VLOOKUP($E175,LISTINO!$C:$I,5,FALSE),"")) | R175: =IF(AND(ISNUMBER(G175),ISNUMBER(Q175)),G175*Q175,"")
A176: ASSI DI ROTAZIONE 1303 | B176: 22 MODULI 1303 | C176: 2 | D176: 10BZM8X150 | E176: Bullone testa esagonale zn M8X150 | F176: Bulloneria e minuteria | G176: 2 | K176: 4 | O176: pz | Q176: =IFERROR(VLOOKUP($D176,LISTINO!$B:$I,6,FALSE),IFERROR(VLOOKUP($E176,LISTINO!$C:$I,5,FALSE),"")) | R176: =IF(AND(ISNUMBER(G176),ISNUMBER(Q176)),G176*Q176,"")
A177: ASSI DI ROTAZIONE 1303 | B177: 22 MODULI 1303 | C177: 3 | D177: 10ROND8 | E177: Rondella zn 8 | F177: Bulloneria e minuteria | G177: 2 | K177: 4 | O177: pz | Q177: =IFERROR(VLOOKUP($D177,LISTINO!$B:$I,6,FALSE),IFERROR(VLOOKUP($E177,LISTINO!$C:$I,5,FALSE),"")) | R177: =IF(AND(ISNUMBER(G177),ISNUMBER(Q177)),G177*Q177,"")
A178: ASSI DI ROTAZIONE 1303 | B178: 22 MODULI 1303 | C178: 4 | D178: 10ROND8 | E178: Rondella zn 8 | F178: Bulloneria e minuteria | G178: 2 | K178: 4 | O178: pz | Q178: =IFERROR(VLOOKUP($D178,LISTINO!$B:$I,6,FALSE),IFERROR(VLOOKUP($E178,LISTINO!$C:$I,5,FALSE),"")) | R178: =IF(AND(ISNUMBER(G178),ISNUMBER(Q178)),G178*Q178,"")
A179: ASSI DI ROTAZIONE 1303 | B179: 22 MODULI 1303 | C179: 5 | D179: 10DAZAM8 | E179: Dado autobloccante M8 | F179: Bulloneria e minuteria | G179: 2 | K179: 4 | O179: pz | Q179: =IFERROR(VLOOKUP($D179,LISTINO!$B:$I,6,FALSE),IFERROR(VLOOKUP($E179,LISTINO!$C:$I,5,FALSE),"")) | R179: =IF(AND(ISNUMBER(G179),ISNUMBER(Q179)),G179*Q179,"")
A180: ASSI DI ROTAZIONE 1303 | B180: 22 MODULI 1303 | C180: 6 | D180: 10BZM10X30 | E180: Bullone testa esagonale zn M10X30 | F180: Bulloneria e minuteria | G180: 8 | K180: 16 | O180: pz | Q180: =IFERROR(VLOOKUP($D180,LISTINO!$B:$I,6,FALSE),IFERROR(VLOOKUP($E180,LISTINO!$C:$I,5,FALSE),"")) | R180: =IF(AND(ISNUMBER(G180),ISNUMBER(Q180)),G180*Q180,"")
A181: ASSI DI ROTAZIONE 1303 | B181: 22 MODULI 1303 | C181: 7 | D181: 10ROND10 | E181: Rondella zn 10 | F181: Bulloneria e minuteria | G181: 8 | K181: 16 | O181: pz | Q181: =IFERROR(VLOOKUP($D181,LISTINO!$B:$I,6,FALSE),IFERROR(VLOOKUP($E181,LISTINO!$C:$I,5,FALSE),"")) | R181: =IF(AND(ISNUMBER(G181),ISNUMBER(Q181)),G181*Q181,"")
A182: ASSI DI ROTAZIONE 1303 | B182: 22 MODULI 1303 | C182: 8 | D182: 10ROND10 | E182: Rondella zn 10 | F182: Bulloneria e minuteria | G182: 8 | K182: 16 | O182: pz | Q182: =IFERROR(VLOOKUP($D182,LISTINO!$B:$I,6,FALSE),IFERROR(VLOOKUP($E182,LISTINO!$C:$I,5,FALSE),"")) | R182: =IF(AND(ISNUMBER(G182),ISNUMBER(Q182)),G182*Q182,"")
A183: ASSI DI ROTAZIONE 1303 | B183: 22 MODULI 1303 | C183: 9 | D183: 10DAZAM10 | E183: Dado autobloccante M10 | F183: Bulloneria e minuteria | G183: 8 | K183: 16 | O183: pz | Q183: =IFERROR(VLOOKUP($D183,LISTINO!$B:$I,6,FALSE),IFERROR(VLOOKUP($E183,LISTINO!$C:$I,5,FALSE),"")) | R183: =IF(AND(ISNUMBER(G183),ISNUMBER(Q183)),G183*Q183,"")
A184: ASSI DI ROTAZIONE 1303 | B184: 36 MODULI 1303 | D184: TTS.AR.001.8700 | E184: Asse lato motore 120x120x3 mm. lunghezza mt.8,70 | F184: Carpenteria metallica | G184: 2 | O184: pz | Q184: =IFERROR(VLOOKUP($D184,LISTINO!$B:$I,6,FALSE),IFERROR(VLOOKUP($E184,LISTINO!$C:$I,5,FALSE),"")) | R184: =IF(AND(ISNUMBER(G184),ISNUMBER(Q184)),G184*Q184,"")
A185: ASSI DI ROTAZIONE 1303 | B185: 36 MODULI 1303 | D185: TTS.AR.002.6756 | E185: Asse esterno 120x120x3 mm. lunghezza mt.6,756 | F185: Carpenteria metallica | G185: 2 | O185: pz | Q185: =IFERROR(VLOOKUP($D185,LISTINO!$B:$I,6,FALSE),IFERROR(VLOOKUP($E185,LISTINO!$C:$I,5,FALSE),"")) | R185: =IF(AND(ISNUMBER(G185),ISNUMBER(Q185)),G185*Q185,"")
A186: ASSI DI ROTAZIONE 1303 | B186: 36 MODULI 1303 | D186: TTS.AR.002.6756.25 | E186: Asse esterno 120x120x2,5 mm. lunghezza mt.6,756 | F186: Carpenteria metallica | G186: 0 | O186: pz | Q186: =IFERROR(VLOOKUP($D186,LISTINO!$B:$I,6,FALSE),IFERROR(VLOOKUP($E186,LISTINO!$C:$I,5,FALSE),"")) | R186: =IF(AND(ISNUMBER(G186),ISNUMBER(Q186)),G186*Q186,"")
A187: ASSI DI ROTAZIONE 1303 | B187: 36 MODULI 1303 | D187: TTS.AR.002.8645 | E187: Asse esterno 120x120x3 mm. lunghezza mt.8,645 | F187: Carpenteria metallica | G187: 2 | O187: pz | Q187: =IFERROR(VLOOKUP($D187,LISTINO!$B:$I,6,FALSE),IFERROR(VLOOKUP($E187,LISTINO!$C:$I,5,FALSE),"")) | R187: =IF(AND(ISNUMBER(G187),ISNUMBER(Q187)),G187*Q187,"")
A188: ASSI DI ROTAZIONE 1303 | B188: 36 MODULI 1303 | D188: TTS.AR.002.8645.25 | E188: Asse esterno 120x120x2,5 mm. lunghezza mt.8,645 | F188: Carpenteria metallica | G188: 0 | O188: pz | Q188: =IFERROR(VLOOKUP($D188,LISTINO!$B:$I,6,FALSE),IFERROR(VLOOKUP($E188,LISTINO!$C:$I,5,FALSE),"")) | R188: =IF(AND(ISNUMBER(G188),ISNUMBER(Q188)),G188*Q188,"")
A189: ASSI DI ROTAZIONE 1303 | B189: 36 MODULI 1303 | C189: 1 | D189: TTS.AR.2011 | E189: Gaffa giunzione asse | F189: Carpenteria metallica | G189: 2 | L189: 8 | O189: pz | Q189: =IFERROR(VLOOKUP($D189,LISTINO!$B:$I,6,FALSE),IFERROR(VLOOKUP($E189,LISTINO!$C:$I,5,FALSE),"")) | R189: =IF(AND(ISNUMBER(G189),ISNUMBER(Q189)),G189*Q189,"")
A190: ASSI DI ROTAZIONE 1303 | B190: 36 MODULI 1303 | C190: 2 | D190: 10BZM8X150 | E190: Bullone testa esagonale zn M8X150 | F190: Bulloneria e minuteria | G190: 2 | L190: 8 | O190: pz | Q190: =IFERROR(VLOOKUP($D190,LISTINO!$B:$I,6,FALSE),IFERROR(VLOOKUP($E190,LISTINO!$C:$I,5,FALSE),"")) | R190: =IF(AND(ISNUMBER(G190),ISNUMBER(Q190)),G190*Q190,"")
A191: ASSI DI ROTAZIONE 1303 | B191: 36 MODULI 1303 | C191: 3 | D191: 10ROND8 | E191: Rondella zn 8 | F191: Bulloneria e minuteria | G191: 2 | L191: 8 | O191: pz | Q191: =IFERROR(VLOOKUP($D191,LISTINO!$B:$I,6,FALSE),IFERROR(VLOOKUP($E191,LISTINO!$C:$I,5,FALSE),"")) | R191: =IF(AND(ISNUMBER(G191),ISNUMBER(Q191)),G191*Q191,"")
A192: ASSI DI ROTAZIONE 1303 | B192: 36 MODULI 1303 | C192: 4 | D192: 10ROND8 | E192: Rondella zn 8 | F192: Bulloneria e minuteria | G192: 2 | L192: 8 | O192: pz | Q192: =IFERROR(VLOOKUP($D192,LISTINO!$B:$I,6,FALSE),IFERROR(VLOOKUP($E192,LISTINO!$C:$I,5,FALSE),"")) | R192: =IF(AND(ISNUMBER(G192),ISNUMBER(Q192)),G192*Q192,"")
A193: ASSI DI ROTAZIONE 1303 | B193: 36 MODULI 1303 | C193: 5 | D193: 10DAZAM8 | E193: Dado autobloccante M8 | F193: Bulloneria e minuteria | G193: 2 | L193: 8 | O193: pz | Q193: =IFERROR(VLOOKUP($D193,LISTINO!$B:$I,6,FALSE),IFERROR(VLOOKUP($E193,LISTINO!$C:$I,5,FALSE),"")) | R193: =IF(AND(ISNUMBER(G193),ISNUMBER(Q193)),G193*Q193,"")
