Workbook

Sheet SCHEDA STRUTTURA
A1: SCHEDA STRUTTURA — parametri peso e costo di acquisto/zincatura (compilare kg/m, % zincatura, €/kg acquisto e €/kg zincatura)
A2: Blocco 'Profili': travi IPE/IPEA e assi di rotazione con peso al metro, % zincatura, €/kg acquisto e €/kg zincatura. Peso elemento (kg) include la maggiorazione zincatura; Costo acquisto (€) = peso al netto × €/kg acquisto (indipendente dalla zincatura); Costo zincatura (€) = peso al netto × (1 + magg. %) × €/kg zincatura, solo se la maggiorazione è presente. I pezzi 'a pezzo' (piastre di giunzione, supporti, angolari, pali MAX, aste) sono nel foglio 'SCHEDA PEZZI SPECIALI'. L'omega supporto pannello e le sue staffe (supporto a L/V, gaffa) sono in fondo all'Elenco qui sotto.
A4: Profilo | B4: Peso teorico (kg/m) | C4: Magg. zincatura % | D4: Peso finale (kg/m) | E4: Costo acquisto (€/kg) | F4: Costo zincatura (€/kg)
A5: IPE 140 | B5: 12.9 | D5: =IF(ISNUMBER($B5),$B5*(1+IF(ISNUMBER($C5),$C5,0)),"") -> 12.9
A6: IPEA 140 | B6: 10.9 | D6: =IF(ISNUMBER($B6),$B6*(1+IF(ISNUMBER($C6),$C6,0)),"") -> 10.9
A7: ASSE 120x120x3 | B7: 11.8 | D7: =IF(ISNUMBER($B7),$B7*(1+IF(ISNUMBER($C7),$C7,0)),"") -> 11.8
A8: ASSE 120x120x2,5 | B8: 9.2 | D8: =IF(ISNUMBER($B8),$B8*(1+IF(ISNUMBER($C8),$C8,0)),"") -> 9.2
A9: OMEGA 2,0 | B9: 3.9 | D9: =IF(ISNUMBER($B9),$B9*(1+IF(ISNUMBER($C9),$C9,0)),"") -> 3.9
A10: OMEGA 1,8 | B10: 3.51 | D10: =IF(ISNUMBER($B10),$B10*(1+IF(ISNUMBER($C10),$C10,0)),"") -> 3.51
A12: Codice | B12: Descrizione | C12: Profilo | D12: Lunghezza (m) | E12: Peso elemento (kg) | F12: Costo acquisto (€) | G12: Costo zincatura (€)
A13: TTS.PC.001.IPE140.23 | B13: Pilastro cuscinetto trave IPE 140 mt.2,30 | C13: IPE 140 | D13: 2.3 | E13: =IF(AND(ISNUMBER($D13),ISNUMBER(VLOOKUP($C13,$A$5:$F$11,4,FALSE))),$D13*VLOOKUP($C13,$A$5:$F$11,4,FALSE),"") -> 29.67 | F13: =IF(AND(ISNUMBER($D13),ISNUMBER(VLOOKUP($C13,$A$5:$F$11,2,FALSE)),ISNUMBER(VLOOKUP($C13,$A$5:$F$11,5,FALSE))),$D13*VLOOKUP($C13,$A$5:$F$11,2,FALSE)*VLOOKUP($C13,$A$5:$F$11,5,FALSE),"") | G13: =IF(AND(ISNUMBER($D13),ISNUMBER(VLOOKUP($C13,$A$5:$F$11,2,FALSE)),ISNUMBER(VLOOKUP($C13,$A$5:$F$11,3,FALSE)),VLOOKUP($C13,$A$5:$F$11,3,FALSE)>0,ISNUMBER(VLOOKUP($C13,$A$5:$F$11,6,FALSE))),$D13*VLOOKUP($C13,$A$5:$F$11,2,FALSE)*(1+VLOOKUP($C13,$A$5:$F$11,3,FALSE))*VLOOKUP($C13,$A$5:$F$11,6,FALSE),"")
A14: TTS.PC.001.IPE140.23.FI | B14: Pilastro cuscinetto trave ipe140 x mt. 2,30 con foratura alloggiamento inverter | C14: IPE 140 | D14: 2.3 | E14: =IF(AND(ISNUMBER($D14),ISNUMBER(VLOOKUP($C14,$A$5:$F$11,4,FALSE))),$D14*VLOOKUP($C14,$A$5:$F$11,4,FALSE),"") -> 29.67 | F14: =IF(AND(ISNUMBER($D14),ISNUMBER(VLOOKUP($C14,$A$5:$F$11,2,FALSE)),ISNUMBER(VLOOKUP($C14,$A$5:$F$11,5,FALSE))),$D14*VLOOKUP($C14,$A$5:$F$11,2,FALSE)*VLOOKUP($C14,$A$5:$F$11,5,FALSE),"") | G14: =IF(AND(ISNUMBER($D14),ISNUMBER(VLOOKUP($C14,$A$5:$F$11,2,FALSE)),ISNUMBER(VLOOKUP($C14,$A$5:$F$11,3,FALSE)),VLOOKUP($C14,$A$5:$F$11,3,FALSE)>0,ISNUMBER(VLOOKUP($C14,$A$5:$F$11,6,FALSE))),$D14*VLOOKUP($C14,$A$5:$F$11,2,FALSE)*(1+VLOOKUP($C14,$A$5:$F$11,3,FALSE))*VLOOKUP($C14,$A$5:$F$11,6,FALSE),"")
A15: TTS.PC.001.IPE140.23.FQA | B15: Pilastro cuscinetto trave ipe140 x mt. 2,30 con foratura alloggiamento quadro area | C15: IPE 140 | D15: 2.3 | E15: =IF(AND(ISNUMBER($D15),ISNUMBER(VLOOKUP($C15,$A$5:$F$11,4,FALSE))),$D15*VLOOKUP($C15,$A$5:$F$11,4,FALSE),"") -> 29.67 | F15: =IF(AND(ISNUMBER($D15),ISNUMBER(VLOOKUP($C15,$A$5:$F$11,2,FALSE)),ISNUMBER(VLOOKUP($C15,$A$5:$F$11,5,FALSE))),$D15*VLOOKUP($C15,$A$5:$F$11,2,FALSE)*VLOOKUP($C15,$A$5:$F$11,5,FALSE),"") | G15: =IF(AND(ISNUMBER($D15),ISNUMBER(VLOOKUP($C15,$A$5:$F$11,2,FALSE)),ISNUMBER(VLOOKUP($C15,$A$5:$F$11,3,FALSE)),VLOOKUP($C15,$A$5:$F$11,3,FALSE)>0,ISNUMBER(VLOOKUP($C15,$A$5:$F$11,6,FALSE))),$D15*VLOOKUP($C15,$A$5:$F$11,2,FALSE)*(1+VLOOKUP($C15,$A$5:$F$11,3,FALSE))*VLOOKUP($C15,$A$5:$F$11,6,FALSE),"")
A16: TTS.PC.001.IPE140.28 | B16: Pilastro cuscinetto trave IPE 140 mt.2,80 | C16: IPE 140 | D16: 2.8 | E16: =IF(AND(ISNUMBER($D16),ISNUMBER(VLOOKUP($C16,$A$5:$F$11,4,FALSE))),$D16*VLOOKUP($C16,$A$5:$F$11,4,FALSE),"") -> 36.12 | F16: =IF(AND(ISNUMBER($D16),ISNUMBER(VLOOKUP($C16,$A$5:$F$11,2,FALSE)),ISNUMBER(VLOOKUP($C16,$A$5:$F$11,5,FALSE))),$D16*VLOOKUP($C16,$A$5:$F$11,2,FALSE)*VLOOKUP($C16,$A$5:$F$11,5,FALSE),"") | G16: =IF(AND(ISNUMBER($D16),ISNUMBER(VLOOKUP($C16,$A$5:$F$11,2,FALSE)),ISNUMBER(VLOOKUP($C16,$A$5:$F$11,3,FALSE)),VLOOKUP($C16,$A$5:$F$11,3,FALSE)>0,ISNUMBER(VLOOKUP($C16,$A$5:$F$11,6,FALSE))),$D16*VLOOKUP($C16,$A$5:$F$11,2,FALSE)*(1+VLOOKUP($C16,$A$5:$F$11,3,FALSE))*VLOOKUP($C16,$A$5:$F$11,6,FALSE),"")
A17: TTS.PC.001.IPE140.29 | B17: Pilastro cuscinetto trave IPE 140 mt.2,90 | C17: IPE 140 | D17: 2.9 | E17: =IF(AND(ISNUMBER($D17),ISNUMBER(VLOOKUP($C17,$A$5:$F$11,4,FALSE))),$D17*VLOOKUP($C17,$A$5:$F$11,4,FALSE),"") -> 37.41 | F17: =IF(AND(ISNUMBER($D17),ISNUMBER(VLOOKUP($C17,$A$5:$F$11,2,FALSE)),ISNUMBER(VLOOKUP($C17,$A$5:$F$11,5,FALSE))),$D17*VLOOKUP($C17,$A$5:$F$11,2,FALSE)*VLOOKUP($C17,$A$5:$F$11,5,FALSE),"") | G17: =IF(AND(ISNUMBER($D17),ISNUMBER(VLOOKUP($C17,$A$5:$F$11,2,FALSE)),ISNUMBER(VLOOKUP($C17,$A$5:$F$11,3,FALSE)),VLOOKUP($C17,$A$5:$F$11,3,FALSE)>0,ISNUMBER(VLOOKUP($C17,$A$5:$F$11,6,FALSE))),$D17*VLOOKUP($C17,$A$5:$F$11,2,FALSE)*(1+VLOOKUP($C17,$A$5:$F$11,3,FALSE))*VLOOKUP($C17,$A$5:$F$11,6,FALSE),"")
A18: TTS.PC.001.IPE140.30 | B18: Pilastro cuscinetto trave IPE 140 mt.3,00 | C18: IPE 140 | D18: 3 | E18: =IF(AND(ISNUMBER($D18),ISNUMBER(VLOOKUP($C18,$A$5:$F$11,4,FALSE))),$D18*VLOOKUP($C18,$A$5:$F$11,4,FALSE),"") -> 38.7 | F18: =IF(AND(ISNUMBER($D18),ISNUMBER(VLOOKUP($C18,$A$5:$F$11,2,FALSE)),ISNUMBER(VLOOKUP($C18,$A$5:$F$11,5,FALSE))),$D18*VLOOKUP($C18,$A$5:$F$11,2,FALSE)*VLOOKUP($C18,$A$5:$F$11,5,FALSE),"") | G18: =IF(AND(ISNUMBER($D18),ISNUMBER(VLOOKUP($C18,$A$5:$F$11,2,FALSE)),ISNUMBER(VLOOKUP($C18,$A$5:$F$11,3,FALSE)),VLOOKUP($C18,$A$5:$F$11,3,FALSE)>0,ISNUMBER(VLOOKUP($C18,$A$5:$F$11,6,FALSE))),$D18*VLOOKUP($C18,$A$5:$F$11,2,FALSE)*(1+VLOOKUP($C18,$A$5:$F$11,3,FALSE))*VLOOKUP($C18,$A$5:$F$11,6,FALSE),"")
A19: TTS.PC.001.IPE140.31 | B19: Pilastro cuscinetto trave IPE 140 mt.3,10 | C19: IPE 140 | D19: 3.1 | E19: =IF(AND(ISNUMBER($D19),ISNUMBER(VLOOKUP($C19,$A$5:$F$11,4,FALSE))),$D19*VLOOKUP($C19,$A$5:$F$11,4,FALSE),"") -> 39.99 | F19: =IF(AND(ISNUMBER($D19),ISNUMBER(VLOOKUP($C19,$A$5:$F$11,2,FALSE)),ISNUMBER(VLOOKUP($C19,$A$5:$F$11,5,FALSE))),$D19*VLOOKUP($C19,$A$5:$F$11,2,FALSE)*VLOOKUP($C19,$A$5:$F$11,5,FALSE),"") | G19: =IF(AND(ISNUMBER($D19),ISNUMBER(VLOOKUP($C19,$A$5:$F$11,2,FALSE)),ISNUMBER(VLOOKUP($C19,$A$5:$F$11,3,FALSE)),VLOOKUP($C19,$A$5:$F$11,3,FALSE)>0,ISNUMBER(VLOOKUP($C19,$A$5:$F$11,6,FALSE))),$D19*VLOOKUP($C19,$A$5:$F$11,2,FALSE)*(1+VLOOKUP($C19,$A$5:$F$11,3,FALSE))*VLOOKUP($C19,$A$5:$F$11,6,FALSE),"")
A20: TTS.PC.001.IPE140.32 | B20: Pilastro cuscinetto trave IPE 140 mt.3,20 | C20: IPE 140 | D20: 3.2 | E20: =IF(AND(ISNUMBER($D20),ISNUMBER(VLOOKUP($C20,$A$5:$F$11,4,FALSE))),$D20*VLOOKUP($C20,$A$5:$F$11,4,FALSE),"") -> 41.28 | F20: =IF(AND(ISNUMBER($D20),ISNUMBER(VLOOKUP($C20,$A$5:$F$11,2,FALSE)),ISNUMBER(VLOOKUP($C20,$A$5:$F$11,5,FALSE))),$D20*VLOOKUP($C20,$A$5:$F$11,2,FALSE)*VLOOKUP($C20,$A$5:$F$11,5,FALSE),"") | G20: =IF(AND(ISNUMBER($D20),ISNUMBER(VLOOKUP($C20,$A$5:$F$11,2,FALSE)),ISNUMBER(VLOOKUP($C20,$A$5:$F$11,3,FALSE)),VLOOKUP($C20,$A$5:$F$11,3,FALSE)>0,ISNUMBER(VLOOKUP($C20,$A$5:$F$11,6,FALSE))),$D20*VLOOKUP($C20,$A$5:$F$11,2,FALSE)*(1+VLOOKUP($C20,$A$5:$F$11,3,FALSE))*VLOOKUP($C20,$A$5:$F$11,6,FALSE),"")
A21: TTS.PC.001.IPE140.33 | B21: Pilastro cuscinetto trave IPE 140 mt.3,30 | C21: IPE 140 | D21: 3.3 | E21: =IF(AND(ISNUMBER($D21),ISNUMBER(VLOOKUP($C21,$A$5:$F$11,4,FALSE))),$D21*VLOOKUP($C21,$A$5:$F$11,4,FALSE),"") -> 42.57 | F21: =IF(AND(ISNUMBER($D21),ISNUMBER(VLOOKUP($C21,$A$5:$F$11,2,FALSE)),ISNUMBER(VLOOKUP($C21,$A$5:$F$11,5,FALSE))),$D21*VLOOKUP($C21,$A$5:$F$11,2,FALSE)*VLOOKUP($C21,$A$5:$F$11,5,FALSE),"") | G21: =IF(AND(ISNUMBER($D21),ISNUMBER(VLOOKUP($C21,$A$5:$F$11,2,FALSE)),ISNUMBER(VLOOKUP($C21,$A$5:$F$11,3,FALSE)),VLOOKUP($C21,$A$5:$F$11,3,FALSE)>0,ISNUMBER(VLOOKUP($C21,$A$5:$F$11,6,FALSE))),$D21*VLOOKUP($C21,$A$5:$F$11,2,FALSE)*(1+VLOOKUP($C21,$A$5:$F$11,3,FALSE))*VLOOKUP($C21,$A$5:$F$11,6,FALSE),"")
A22: TTS.PC.001.IPE140.34 | B22: Pilastro cuscinetto trave IPE 140 mt.3,40 | C22: IPE 140 | D22: 3.4 | E22: =IF(AND(ISNUMBER($D22),ISNUMBER(VLOOKUP($C22,$A$5:$F$11,4,FALSE))),$D22*VLOOKUP($C22,$A$5:$F$11,4,FALSE),"") -> 43.86 | F22: =IF(AND(ISNUMBER($D22),ISNUMBER(VLOOKUP($C22,$A$5:$F$11,2,FALSE)),ISNUMBER(VLOOKUP($C22,$A$5:$F$11,5,FALSE))),$D22*VLOOKUP($C22,$A$5:$F$11,2,FALSE)*VLOOKUP($C22,$A$5:$F$11,5,FALSE),"") | G22: =IF(AND(ISNUMBER($D22),ISNUMBER(VLOOKUP($C22,$A$5:$F$11,2,FALSE)),ISNUMBER(VLOOKUP($C22,$A$5:$F$11,3,FALSE)),VLOOKUP($C22,$A$5:$F$11,3,FALSE)>0,ISNUMBER(VLOOKUP($C22,$A$5:$F$11,6,FALSE))),$D22*VLOOKUP($C22,$A$5:$F$11,2,FALSE)*(1+VLOOKUP($C22,$A$5:$F$11,3,FALSE))*VLOOKUP($C22,$A$5:$F$11,6,FALSE),"")
A23: TTS.PC.001.IPE140.35 | B23: Pilastro cuscinetto trave IPE 140 mt.3,50 | C23: IPE 140 | D23: 3.5 | E23: =IF(AND(ISNUMBER($D23),ISNUMBER(VLOOKUP($C23,$A$5:$F$11,4,FALSE))),$D23*VLOOKUP($C23,$A$5:$F$11,4,FALSE),"") -> 45.15 | F23: =IF(AND(ISNUMBER($D23),ISNUMBER(VLOOKUP($C23,$A$5:$F$11,2,FALSE)),ISNUMBER(VLOOKUP($C23,$A$5:$F$11,5,FALSE))),$D23*VLOOKUP($C23,$A$5:$F$11,2,FALSE)*VLOOKUP($C23,$A$5:$F$11,5,FALSE),"") | G23: =IF(AND(ISNUMBER($D23),ISNUMBER(VLOOKUP($C23,$A$5:$F$11,2,FALSE)),ISNUMBER(VLOOKUP($C23,$A$5:$F$11,3,FALSE)),VLOOKUP($C23,$A$5:$F$11,3,FALSE)>0,ISNUMBER(VLOOKUP($C23,$A$5:$F$11,6,FALSE))),$D23*VLOOKUP($C23,$A$5:$F$11,2,FALSE)*(1+VLOOKUP($C23,$A$5:$F$11,3,FALSE))*VLOOKUP($C23,$A$5:$F$11,6,FALSE),"")
A24: TTS.PC.001.IPE140.36 | B24: Pilastro cuscinetto trave IPE 140 mt.3,60 | C24: IPE 140 | D24: 3.6 | E24: =IF(AND(ISNUMBER($D24),ISNUMBER(VLOOKUP($C24,$A$5:$F$11,4,FALSE))),$D24*VLOOKUP($C24,$A$5:$F$11,4,FALSE),"") -> 46.44 | F24: =IF(AND(ISNUMBER($D24),ISNUMBER(VLOOKUP($C24,$A$5:$F$11,2,FALSE)),ISNUMBER(VLOOKUP($C24,$A$5:$F$11,5,FALSE))),$D24*VLOOKUP($C24,$A$5:$F$11,2,FALSE)*VLOOKUP($C24,$A$5:$F$11,5,FALSE),"") | G24: =IF(AND(ISNUMBER($D24),ISNUMBER(VLOOKUP($C24,$A$5:$F$11,2,FALSE)),ISNUMBER(VLOOKUP($C24,$A$5:$F$11,3,FALSE)),VLOOKUP($C24,$A$5:$F$11,3,FALSE)>0,ISNUMBER(VLOOKUP($C24,$A$5:$F$11,6,FALSE))),$D24*VLOOKUP($C24,$A$5:$F$11,2,FALSE)*(1+VLOOKUP($C24,$A$5:$F$11,3,FALSE))*VLOOKUP($C24,$A$5:$F$11,6,FALSE),"")
... A138: TTS.AR.004.4800.25 | B138: Asse esterno 120x120x2,5 mm. lunghezza mt.4,800 | C138: ASSE 120x120x2,5 | D138: 4.8 | E138: =IF(AND(ISNUMBER($D138),ISNUMBER(VLOOKUP($C138,$A$5:$F$11,4,FALSE))),$D138*VLOOKUP($C138,$A$5:$F$11,4,FALSE),"") -> 44.16 | F138: =IF(AND(ISNUMBER($D138),ISNUMBER(VLOOKUP($C138,$A$5:$F$11,2,FALSE)),ISNUMBER(VLOOKUP($C138,$A$5:$F$11,5,FALSE))),$D138*VLOOKUP($C138,$A$5:$F$11,2,FALSE)*VLOOKUP($C138,$A$5:$F$11,5,FALSE),"") | G138: =IF(AND(ISNUMBER($D138),ISNUMBER(VLOOKUP($C138,$A$5:$F$11,2,FALSE)),ISNUMBER(VLOOKUP($C138,$A$5:$F$11,3,FALSE)),VLOOKUP($C138,$A$5:$F$11,3,FALSE)>0,ISNUMBER(VLOOKUP($C138,$A$5:$F$11,6,FALSE))),$D138*VLOOKUP($C138,$A$5:$F$11,2,FALSE)*(1+VLOOKUP($C138,$A$5:$F$11,3,FALSE))*VLOOKUP($C138,$A$5:$F$11,6,FALSE),"")
A139: TTS.AR.3011 | B139: Supporto a L superiore omega | E139: 0.8568
A140: TTS.AR.3012 | B140: Supporto a V inferiore omega | E140: 0.4095
A141: TTS.AR.3013 | B141: Gaffa sotto omega | E141: 1.278
A142: TTS.AR.3014 | B142: Omega supporto pannello | C142: OMEGA 2,0 | D142: 1.5 | E142: =IF(AND(ISNUMBER($D142),ISNUMBER(VLOOKUP($C142,$A$5:$F$11,4,FALSE))),$D142*VLOOKUP($C142,$A$5:$F$11,4,FALSE),"") -> 5.85 | F142: =IF(AND(ISNUMBER($D142),ISNUMBER(VLOOKUP($C142,$A$5:$F$11,2,FALSE)),ISNUMBER(VLOOKUP($C142,$A$5:$F$11,5,FALSE))),$D142*VLOOKUP($C142,$A$5:$F$11,2,FALSE)*VLOOKUP($C142,$A$5:$F$11,5,FALSE),"") | G142: =IF(AND(ISNUMBER($D142),ISNUMBER(VLOOKUP($C142,$A$5:$F$11,2,FALSE)),ISNUMBER(VLOOKUP($C142,$A$5:$F$11,3,FALSE)),VLOOKUP($C142,$A$5:$F$11,3,FALSE)>0,ISNUMBER(VLOOKUP($C142,$A$5:$F$11,6,FALSE))),$D142*VLOOKUP($C142,$A$5:$F$11,2,FALSE)*(1+VLOOKUP($C142,$A$5:$F$11,3,FALSE))*VLOOKUP($C142,$A$5:$F$11,6,FALSE),"")
A143: TTS.AR.3014.18 | B143: Omega supporto pannello mm1,8 | C143: OMEGA 1,8 | D143: 1.5 | E143: =IF(AND(ISNUMBER($D143),ISNUMBER(VLOOKUP($C143,$A$5:$F$11,4,FALSE))),$D143*VLOOKUP($C143,$A$5:$F$11,4,FALSE),"") -> 5.265 | F143: =IF(AND(ISNUMBER($D143),ISNUMBER(VLOOKUP($C143,$A$5:$F$11,2,FALSE)),ISNUMBER(VLOOKUP($C143,$A$5:$F$11,5,FALSE))),$D143*VLOOKUP($C143,$A$5:$F$11,2,FALSE)*VLOOKUP($C143,$A$5:$F$11,5,FALSE),"") | G143: =IF(AND(ISNUMBER($D143),ISNUMBER(VLOOKUP($C143,$A$5:$F$11,2,FALSE)),ISNUMBER(VLOOKUP($C143,$A$5:$F$11,3,FALSE)),VLOOKUP($C143,$A$5:$F$11,3,FALSE)>0,ISNUMBER(VLOOKUP($C143,$A$5:$F$11,6,FALSE))),$D143*VLOOKUP($C143,$A$5:$F$11,2,FALSE)*(1+VLOOKUP($C143,$A$5:$F$11,3,FALSE))*VLOOKUP($C143,$A$5:$F$11,6,FALSE),"")

Sheet SCHEDA PEZZI SPECIALI
A1: SCHEDA PEZZI SPECIALI — parametri peso e costo di acquisto/zincatura dei pezzi 'a pezzo' di carpenteria metallica (piastre di giunzione, supporti, angolari, omega, pali MAX, aste sensori)
A2: Un rigo per voce nel blocco 'Parametri'. Compilare Peso pezzo (kg) al netto, % zincatura, €/kg acquisto e €/kg zincatura. Peso elemento (kg) include la maggiorazione zincatura; Costo acquisto (€) = peso al netto × €/kg acquisto (indipendente dalla zincatura); Costo zincatura (€) = peso al netto × (1 + magg. %) × €/kg zincatura, solo se la maggiorazione è presente. La Descrizione si compila qui nei Parametri; nell'Elenco è richiamata automaticamente. Il LISTINO pesca il 'Peso elemento' dal blocco 'Elenco'.
A4: PEZZI SPECIALI — parametri (compilare Descrizione, Peso pezzo, % zincatura e €/kg)
A5: Voce | B5: Descrizione | C5: Peso pezzo (kg) | D5: Magg. zincatura % | E5: Peso finale (kg) | F5: Costo acquisto (€/kg) | G5: Costo zincatura (€/kg)
A6: TTS.PF.002.IPE140 | B6: Piastra giunzione montanti centrali 200x100x4 (8 fori Ø 11) | C6: 0.624 | E6: =IF(ISNUMBER($C6),$C6*(1+IF(ISNUMBER($D6),$D6,0)),"") -> 0.624
A7: TTS.PF.003.IPE140 | B7: Piastra giunzione montanti esterna 240x70x6 (12 fori Ø 11) | C7: 0.7862 | E7: =IF(ISNUMBER($C7),$C7*(1+IF(ISNUMBER($D7),$D7,0)),"") -> 0.7862
A8: TTS.PF.004.IPE140 | B8: Piastra giunzione montanti interna 240x25x6 (6 fori Ø 11) | C8: 0.2808 | E8: =IF(ISNUMBER($C8),$C8*(1+IF(ISNUMBER($D8),$D8,0)),"") -> 0.2808
A9: TTS.AR.2011 | B9: Gaffa giunzione asse | C9: 5.075 | E9: =IF(ISNUMBER($C9),$C9*(1+IF(ISNUMBER($D9),$D9,0)),"") -> 5.075
A10: TTS.AR.4011 | B10: Supporto superiore inclinometro | C10: 0.8424 | E10: =IF(ISNUMBER($C10),$C10*(1+IF(ISNUMBER($D10),$D10,0)),"") -> 0.8424
A11: TTS.AR.4012 | B11: Supporto inferiore inclinometro | C11: 2.9484 | E11: =IF(ISNUMBER($C11),$C11*(1+IF(ISNUMBER($D11),$D11,0)),"") -> 2.9484
A12: TTS.AR.5011 | B12: Piastra ad L supporto fine corsa | C12: 0.2184 | E12: =IF(ISNUMBER($C12),$C12*(1+IF(ISNUMBER($D12),$D12,0)),"") -> 0.2184
A13: TTS.AR.5012 | B13: Leva battente sensore fine corsa | C13: 0.6524 | E13: =IF(ISNUMBER($C13),$C13*(1+IF(ISNUMBER($D13),$D13,0)),"") -> 0.6524
A14: TTS.PC.002.IPE140 | B14: Supporto laterale testa cuscinetto | C14: 2.1528 | E14: =IF(ISNUMBER($C14),$C14*(1+IF(ISNUMBER($D14),$D14,0)),"") -> 2.1528
A15: TTS.PC.003.IPE140 | B15: Supporto testa cuscinetto | C15: 2.7256 | E15: =IF(ISNUMBER($C15),$C15*(1+IF(ISNUMBER($D15),$D15,0)),"") -> 2.7256
A16: TTS.PC.2011.1076 | B16: Angolare 40x40x4 lungo 1076 mm. supporto inferiore | C16: 2.685696 | E16: =IF(ISNUMBER($C16),$C16*(1+IF(ISNUMBER($D16),$D16,0)),"") -> 2.685696
A17: TTS.PC.2012.1076 | B17: Angolare 40x40x4 lungo1076 mm. supporto superiore | C17: 2.685696 | E17: =IF(ISNUMBER($C17),$C17*(1+IF(ISNUMBER($D17),$D17,0)),"") -> 2.685696
... A27: TTS.SM.002 | B27: Piatto 30X3X193 leva sensore temperatura pannello | C27: 0.136355 | E27: =IF(ISNUMBER($C27),$C27*(1+IF(ISNUMBER($D27),$D27,0)),"") -> 0.136355
A28: TTS.SM.003 | B28: Asta supporto anemometro | E28: =IF(ISNUMBER($C28),$C28*(1+IF(ISNUMBER($D28),$D28,0)),"")
A36: PEZZI SPECIALI — elenco (descrizione, peso e costi richiamati dai parametri qui sopra)
A37: Codice | B37: Descrizione | C37: Voce | D37: Peso elemento (kg) | E37: Costo acquisto (€) | F37: Costo zincatura (€)
A38: TTS.PF.002.IPE140 | B38: =IFERROR(VLOOKUP($C38,$A$6:$G$28,2,FALSE),"") -> Piastra giunzione montanti centrali 200x100x4 (8 fori Ø 11) | C38: TTS.PF.002.IPE140 | D38: =IF(ISNUMBER(VLOOKUP($C38,$A$6:$G$28,5,FALSE)),VLOOKUP($C38,$A$6:$G$28,5,FALSE),"") -> 0.624 | E38: =IF(AND(ISNUMBER(VLOOKUP($C38,$A$6:$G$28,3,FALSE)),ISNUMBER(VLOOKUP($C38,$A$6:$G$28,6,FALSE))),VLOOKUP($C38,$A$6:$G$28,3,FALSE)*VLOOKUP($C38,$A$6:$G$28,6,FALSE),"") | F38: =IF(AND(ISNUMBER(VLOOKUP($C38,$A$6:$G$28,3,FALSE)),ISNUMBER(VLOOKUP($C38,$A$6:$G$28,4,FALSE)),VLOOKUP($C38,$A$6:$G$28,4,FALSE)>0,ISNUMBER(VLOOKUP($C38,$A$6:$G$28,7,FALSE))),VLOOKUP($C38,$A$6:$G$28,3,FALSE)*(1+VLOOKUP($C38,$A$6:$G$28,4,FALSE))*VLOOKUP($C38,$A$6:$G$28,7,FALSE),"")
A39: TTS.PF.003.IPE140 | B39: =IFERROR(VLOOKUP($C39,$A$6:$G$28,2,FALSE),"") -> Piastra giunzione montanti esterna 240x70x6 (12 fori Ø 11) | C39: TTS.PF.003.IPE140 | D39: =IF(ISNUMBER(VLOOKUP($C39,$A$6:$G$28,5,FALSE)),VLOOKUP($C39,$A$6:$G$28,5,FALSE),"") -> 0.7862 | E39: =IF(AND(ISNUMBER(VLOOKUP($C39,$A$6:$G$28,3,FALSE)),ISNUMBER(VLOOKUP($C39,$A$6:$G$28,6,FALSE))),VLOOKUP($C39,$A$6:$G$28,3,FALSE)*VLOOKUP($C39,$A$6:$G$28,6,FALSE),"") | F39: =IF(AND(ISNUMBER(VLOOKUP($C39,$A$6:$G$28,3,FALSE)),ISNUMBER(VLOOKUP($C39,$A$6:$G$28,4,FALSE)),VLOOKUP($C39,$A$6:$G$28,4,FALSE)>0,ISNUMBER(VLOOKUP($C39,$A$6:$G$28,7,FALSE))),VLOOKUP($C39,$A$6:$G$28,3,FALSE)*(1+VLOOKUP($C39,$A$6:$G$28,4,FALSE))*VLOOKUP($C39,$A$6:$G$28,7,FALSE),"")
A40: TTS.PF.004.IPE140 | B40: =IFERROR(VLOOKUP($C40,$A$6:$G$28,2,FALSE),"") -> Piastra giunzione montanti interna 240x25x6 (6 fori Ø 11) | C40: TTS.PF.004.IPE140 | D40: =IF(ISNUMBER(VLOOKUP($C40,$A$6:$G$28,5,FALSE)),VLOOKUP($C40,$A$6:$G$28,5,FALSE),"") -> 0.2808 | E40: =IF(AND(ISNUMBER(VLOOKUP($C40,$A$6:$G$28,3,FALSE)),ISNUMBER(VLOOKUP($C40,$A$6:$G$28,6,FALSE))),VLOOKUP($C40,$A$6:$G$28,3,FALSE)*VLOOKUP($C40,$A$6:$G$28,6,FALSE),"") | F40: =IF(AND(ISNUMBER(VLOOKUP($C40,$A$6:$G$28,3,FALSE)),ISNUMBER(VLOOKUP($C40,$A$6:$G$28,4,FALSE)),VLOOKUP($C40,$A$6:$G$28,4,FALSE)>0,ISNUMBER(VLOOKUP($C40,$A$6:$G$28,7,FALSE))),VLOOKUP($C40,$A$6:$G$28,3,FALSE)*(1+VLOOKUP($C40,$A$6:$G$28,4,FALSE))*VLOOKUP($C40,$A$6:$G$28,7,FALSE),"")
A41: TTS.AR.2011 | B41: =IFERROR(VLOOKUP($C41,$A$6:$G$28,2,FALSE),"") -> Gaffa giunzione asse | C41: TTS.AR.2011 | D41: =IF(ISNUMBER(VLOOKUP($C41,$A$6:$G$28,5,FALSE)),VLOOKUP($C41,$A$6:$G$28,5,FALSE),"") -> 5.075 | E41: =IF(AND(ISNUMBER(VLOOKUP($C41,$A$6:$G$28,3,FALSE)),ISNUMBER(VLOOKUP($C41,$A$6:$G$28,6,FALSE))),VLOOKUP($C41,$A$6:$G$28,3,FALSE)*VLOOKUP($C41,$A$6:$G$28,6,FALSE),"") | F41: =IF(AND(ISNUMBER(VLOOKUP($C41,$A$6:$G$28,3,FALSE)),ISNUMBER(VLOOKUP($C41,$A$6:$G$28,4,FALSE)),VLOOKUP($C41,$A$6:$G$28,4,FALSE)>0,ISNUMBER(VLOOKUP($C41,$A$6:$G$28,7,FALSE))),VLOOKUP($C41,$A$6:$G$28,3,FALSE)*(1+VLOOKUP($C41,$A$6:$G$28,4,FALSE))*VLOOKUP($C41,$A$6:$G$28,7,FALSE),"")
A42: TTS.AR.4011 | B42: =IFERROR(VLOOKUP($C42,$A$6:$G$28,2,FALSE),"") -> Supporto superiore inclinometro | C42: TTS.AR.4011 | D42: =IF(ISNUMBER(VLOOKUP($C42,$A$6:$G$28,5,FALSE)),VLOOKUP($C42,$A$6:$G$28,5,FALSE),"") -> 0.8424 | E42: =IF(AND(ISNUMBER(VLOOKUP($C42,$A$6:$G$28,3,FALSE)),ISNUMBER(VLOOKUP($C42,$A$6:$G$28,6,FALSE))),VLOOKUP($C42,$A$6:$G$28,3,FALSE)*VLOOKUP($C42,$A$6:$G$28,6,FALSE),"") | F42: =IF(AND(ISNUMBER(VLOOKUP($C42,$A$6:$G$28,3,FALSE)),ISNUMBER(VLOOKUP($C42,$A$6:$G$28,4,FALSE)),VLOOKUP($C42,$A$6:$G$28,4,FALSE)>0,ISNUMBER(VLOOKUP($C42,$A$6:$G$28,7,FALSE))),VLOOKUP($C42,$A$6:$G$28,3,FALSE)*(1+VLOOKUP($C42,$A$6:$G$28,4,FALSE))*VLOOKUP($C42,$A$6:$G$28,7,FALSE),"")
A43: TTS.AR.4012 | B43: =IFERROR(VLOOKUP($C43,$A$6:$G$28,2,FALSE),"") -> Supporto inferiore inclinometro | C43: TTS.AR.4012 | D43: =IF(ISNUMBER(VLOOKUP($C43,$A$6:$G$28,5,FALSE)),VLOOKUP($C43,$A$6:$G$28,5,FALSE),"") -> 2.9484 | E43: =IF(AND(ISNUMBER(VLOOKUP($C43,$A$6:$G$28,3,FALSE)),ISNUMBER(VLOOKUP($C43,$A$6:$G$28,6,FALSE))),VLOOKUP($C43,$A$6:$G$28,3,FALSE)*VLOOKUP($C43,$A$6:$G$28,6,FALSE),"") | F43: =IF(AND(ISNUMBER(VLOOKUP($C43,$A$6:$G$28,3,FALSE)),ISNUMBER(VLOOKUP($C43,$A$6:$G$28,4,FALSE)),VLOOKUP($C43,$A$6:$G$28,4,FALSE)>0,ISNUMBER(VLOOKUP($C43,$A$6:$G$28,7,FALSE))),VLOOKUP($C43,$A$6:$G$28,3,FALSE)*(1+VLOOKUP($C43,$A$6:$G$28,4,FALSE))*VLOOKUP($C43,$A$6:$G$28,7,FALSE),"")
A44: TTS.AR.5011 | B44: =IFERROR(VLOOKUP($C44,$A$6:$G$28,2,FALSE),"") -> Piastra ad L supporto fine corsa | C44: TTS.AR.5011 | D44: =IF(ISNUMBER(VLOOKUP($C44,$A$6:$G$28,5,FALSE)),VLOOKUP($C44,$A$6:$G$28,5,FALSE),"") -> 0.2184 | E44: =IF(AND(ISNUMBER(VLOOKUP($C44,$A$6:$G$28,3,FALSE)),ISNUMBER(VLOOKUP($C44,$A$6:$G$28,6,FALSE))),VLOOKUP($C44,$A$6:$G$28,3,FALSE)*VLOOKUP($C44,$A$6:$G$28,6,FALSE),"") | F44: =IF(AND(ISNUMBER(VLOOKUP($C44,$A$6:$G$28,3,FALSE)),ISNUMBER(VLOOKUP($C44,$A$6:$G$28,4,FALSE)),VLOOKUP($C44,$A$6:$G$28,4,FALSE)>0,ISNUMBER(VLOOKUP($C44,$A$6:$G$28,7,FALSE))),VLOOKUP($C44,$A$6:$G$28,3,FALSE)*(1+VLOOKUP($C44,$A$6:$G$28,4,FALSE))*VLOOKUP($C44,$A$6:$G$28,7,FALSE),"")
A45: TTS.AR.5012 | B45: =IFERROR(VLOOKUP($C45,$A$6:$G$28,2,FALSE),"") -> Leva battente sensore fine corsa | C45: TTS.AR.5012 | D45: =IF(ISNUMBER(VLOOKUP($C45,$A$6:$G$28,5,FALSE)),VLOOKUP($C45,$A$6:$G$28,5,FALSE),"") -> 0.6524 | E45: =IF(AND(ISNUMBER(VLOOKUP($C45,$A$6:$G$28,3,FALSE)),ISNUMBER(VLOOKUP($C45,$A$6:$G$28,6,FALSE))),VLOOKUP($C45,$A$6:$G$28,3,FALSE)*VLOOKUP($C45,$A$6:$G$28,6,FALSE),"") | F45: =IF(AND(ISNUMBER(VLOOKUP($C45,$A$6:$G$28,3,FALSE)),ISNUMBER(VLOOKUP($C45,$A$6:$G$28,4,FALSE)),VLOOKUP($C45,$A$6:$G$28,4,FALSE)>0,ISNUMBER(VLOOKUP($C45,$A$6:$G$28,7,FALSE))),VLOOKUP($C45,$A$6:$G$28,3,FALSE)*(1+VLOOKUP($C45,$A$6:$G$28,4,FALSE))*VLOOKUP($C45,$A$6:$G$28,7,FALSE),"")
A46: TTS.PC.002.IPE140 | B46: =IFERROR(VLOOKUP($C46,$A$6:$G$28,2,FALSE),"") -> Supporto laterale testa cuscinetto | C46: TTS.PC.002.IPE140 | D46: =IF(ISNUMBER(VLOOKUP($C46,$A$6:$G$28,5,FALSE)),VLOOKUP($C46,$A$6:$G$28,5,FALSE),"") -> 2.1528 | E46: =IF(AND(ISNUMBER(VLOOKUP($C46,$A$6:$G$28,3,FALSE)),ISNUMBER(VLOOKUP($C46,$A$6:$G$28,6,FALSE))),VLOOKUP($C46,$A$6:$G$28,3,FALSE)*VLOOKUP($C46,$A$6:$G$28,6,FALSE),"") | F46: =IF(AND(ISNUMBER(VLOOKUP($C46,$A$6:$G$28,3,FALSE)),ISNUMBER(VLOOKUP($C46,$A$6:$G$28,4,FALSE)),VLOOKUP($C46,$A$6:$G$28,4,FALSE)>0,ISNUMBER(VLOOKUP($C46,$A$6:$G$28,7,FALSE))),VLOOKUP($C46,$A$6:$G$28,3,FALSE)*(1+VLOOKUP($C46,$A$6:$G$28,4,FALSE))*VLOOKUP($C46,$A$6:$G$28,7,FALSE),"")
A47: TTS.PC.003.IPE140 | B47: =IFERROR(VLOOKUP($C47,$A$6:$G$28,2,FALSE),"") -> Supporto testa cuscinetto | C47: TTS.PC.003.IPE140 | D47: =IF(ISNUMBER(VLOOKUP($C47,$A$6:$G$28,5,FALSE)),VLOOKUP($C47,$A$6:$G$28,5,FALSE),"") -> 2.7256 | E47: =IF(AND(ISNUMBER(VLOOKUP($C47,$A$6:$G$28,3,FALSE)),ISNUMBER(VLOOKUP($C47,$A$6:$G$28,6,FALSE))),VLOOKUP($C47,$A$6:$G$28,3,FALSE)*VLOOKUP($C47,$A$6:$G$28,6,FALSE),"") | F47: =IF(AND(ISNUMBER(VLOOKUP($C47,$A$6:$G$28,3,FALSE)),ISNUMBER(VLOOKUP($C47,$A$6:$G$28,4,FALSE)),VLOOKUP($C47,$A$6:$G$28,4,FALSE)>0,ISNUMBER(VLOOKUP($C47,$A$6:$G$28,7,FALSE))),VLOOKUP($C47,$A$6:$G$28,3,FALSE)*(1+VLOOKUP($C47,$A$6:$G$28,4,FALSE))*VLOOKUP($C47,$A$6:$G$28,7,FALSE),"")
A48: TTS.PC.2011.1076 | B48: =IFERROR(VLOOKUP($C48,$A$6:$G$28,2,FALSE),"") -> Angolare 40x40x4 lungo 1076 mm. supporto inferiore | C48: TTS.PC.2011.1076 | D48: =IF(ISNUMBER(VLOOKUP($C48,$A$6:$G$28,5,FALSE)),VLOOKUP($C48,$A$6:$G$28,5,FALSE),"") -> 2.685696 | E48: =IF(AND(ISNUMBER(VLOOKUP($C48,$A$6:$G$28,3,FALSE)),ISNUMBER(VLOOKUP($C48,$A$6:$G$28,6,FALSE))),VLOOKUP($C48,$A$6:$G$28,3,FALSE)*VLOOKUP($C48,$A$6:$G$28,6,FALSE),"") | F48: =IF(AND(ISNUMBER(VLOOKUP($C48,$A$6:$G$28,3,FALSE)),ISNUMBER(VLOOKUP($C48,$A$6:$G$28,4,FALSE)),VLOOKUP($C48,$A$6:$G$28,4,FALSE)>0,ISNUMBER(VLOOKUP($C48,$A$6:$G$28,7,FALSE))),VLOOKUP($C48,$A$6:$G$28,3,FALSE)*(1+VLOOKUP($C48,$A$6:$G$28,4,FALSE))*VLOOKUP($C48,$A$6:$G$28,7,FALSE),"")
A49: TTS.PC.2012.1076 | B49: =IFERROR(VLOOKUP($C49,$A$6:$G$28,2,FALSE),"") -> Angolare 40x40x4 lungo1076 mm. supporto superiore | C49: TTS.PC.2012.1076 | D49: =IF(ISNUMBER(VLOOKUP($C49,$A$6:$G$28,5,FALSE)),VLOOKUP($C49,$A$6:$G$28,5,FALSE),"") -> 2.685696 | E49: =IF(AND(ISNUMBER(VLOOKUP($C49,$A$6:$G$28,3,FALSE)),ISNUMBER(VLOOKUP($C49,$A$6:$G$28,6,FALSE))),VLOOKUP($C49,$A$6:$G$28,3,FALSE)*VLOOKUP($C49,$A$6:$G$28,6,FALSE),"") | F49: =IF(AND(ISNUMBER(VLOOKUP($C49,$A$6:$G$28,3,FALSE)),ISNUMBER(VLOOKUP($C49,$A$6:$G$28,4,FALSE)),VLOOKUP($C49,$A$6:$G$28,4,FALSE)>0,ISNUMBER(VLOOKUP($C49,$A$6:$G$28,7,FALSE))),VLOOKUP($C49,$A$6:$G$28,3,FALSE)*(1+VLOOKUP($C49,$A$6:$G$28,4,FALSE))*VLOOKUP($C49,$A$6:$G$28,7,FALSE),"")
... A60: TTS.SM.003 | B60: =IFERROR(VLOOKUP($C60,$A$6:$G$28,2,FALSE),"") -> Asta supporto anemometro | C60: TTS.SM.003 | D60: =IF(ISNUMBER(VLOOKUP($C60,$A$6:$G$28,5,FALSE)),VLOOKUP($C60,$A$6:$G$28,5,FALSE),"") | E60: =IF(AND(ISNUMBER(VLOOKUP($C60,$A$6:$G$28,3,FALSE)),ISNUMBER(VLOOKUP($C60,$A$6:$G$28,6,FALSE))),VLOOKUP($C60,$A$6:$G$28,3,FALSE)*VLOOKUP($C60,$A$6:$G$28,6,FALSE),"") | F60: =IF(AND(ISNUMBER(VLOOKUP($C60,$A$6:$G$28,3,FALSE)),ISNUMBER(VLOOKUP($C60,$A$6:$G$28,4,FALSE)),VLOOKUP($C60,$A$6:$G$28,4,FALSE)>0,ISNUMBER(VLOOKUP($C60,$A$6:$G$28,7,FALSE))),VLOOKUP($C60,$A$6:$G$28,3,FALSE)*(1+VLOOKUP($C60,$A$6:$G$28,4,FALSE))*VLOOKUP($C60,$A$6:$G$28,7,FALSE),"")

Sheet SCHEDA BULLONERIA
A1: SCHEDA BULLONERIA — peso unitario e costo dei minuteria/bulloneria commerciale (bulloni, dadi, rondelle)
A2: Un rigo per codice nel blocco 'Parametri'. Peso unitario (kg) pre-compilato con valori nominali da tabelle standard (DIN 933/931 bulloni, DIN 985 dadi autobloccanti, DIN 125A rondelle) — da confermare/aggiornare a mano. Compilare il Costo (€/pz). Nel blocco 'Elenco' peso e costo sono richiamati via VLOOKUP; il LISTINO pesca da qui 'Peso elemento (kg)' e 'Prezzo unitario €'.
A4: BULLONERIA — parametri (confermare Peso unitario, compilare Costo €/pz)
A5: Codice | B5: Descrizione | C5: Peso unitario (kg) | D5: Costo (€/pz)
A6: 06TAP120X120 | B6: Tappo profilato 120x120
A7: 10BZ10X30 | B7: Bullone testa esagonale M10X30 | C7: 0.0245
A8: 10BZ10X40 | B8: Bullone testa esagonale zn M10X40 | C8: 0.0305
A9: 10BZ16X140 | B9: Bullone testa esagonale M16x140 mezzo filetto | C9: 0.21
A10: 10BZM10X160 | B10: Bullone testa esagonale zn M10X160 | C10: 0.095
A11: 10BZM10X30 | B11: Bullone testa esagonale zn M10X30 | C11: 0.0245
A12: 10BZM10X40 | B12: Bullone testa esagonale M10X40 | C12: 0.0305
A13: 10BZM16X25 | B13: Bullone testa esagonale zn M16X25 | C13: 0.052
A14: 10BZM16X60 | B14: Bullone testa esagonale M16X60 | C14: 0.11
A15: 10BZM5X20 | B15: Bullone testa esagonale zn M5x20 | C15: 0.0031
A16: 10BZM5X30 | B16: Bullone testa esagonale zn M5x30 | C16: 0.0042
A17: 10BZM6X150 | B17: Bullone testa esagonale zn M6X150 | C17: 0.026
A18: 10BZM6X20 | B18: Bullone testa esagonale zn M6X20 | C18: 0.0054
... A36: M5X30 8.8 ISO1207 | B36: Bullone testa esagonale con intaglio M5x30 | C36: 0.0042
A38: BULLONERIA — elenco (peso e costo richiamati dai parametri qui sopra)
A39: Codice | B39: Descrizione | C39: Peso elemento (kg) | D39: Costo (€)
A40: 06TAP120X120 | B40: =IFERROR(VLOOKUP($A40,$A$6:$D$36,2,FALSE),"") -> Tappo profilato 120x120 | C40: =IF(ISNUMBER(VLOOKUP($A40,$A$6:$D$36,3,FALSE)),VLOOKUP($A40,$A$6:$D$36,3,FALSE),"") | D40: =IF(ISNUMBER(VLOOKUP($A40,$A$6:$D$36,4,FALSE)),VLOOKUP($A40,$A$6:$D$36,4,FALSE),"")
A41: 10BZ10X30 | B41: =IFERROR(VLOOKUP($A41,$A$6:$D$36,2,FALSE),"") -> Bullone testa esagonale M10X30 | C41: =IF(ISNUMBER(VLOOKUP($A41,$A$6:$D$36,3,FALSE)),VLOOKUP($A41,$A$6:$D$36,3,FALSE),"") -> 0.0245 | D41: =IF(ISNUMBER(VLOOKUP($A41,$A$6:$D$36,4,FALSE)),VLOOKUP($A41,$A$6:$D$36,4,FALSE),"")
A42: 10BZ10X40 | B42: =IFERROR(VLOOKUP($A42,$A$6:$D$36,2,FALSE),"") -> Bullone testa esagonale zn M10X40 | C42: =IF(ISNUMBER(VLOOKUP($A42,$A$6:$D$36,3,FALSE)),VLOOKUP($A42,$A$6:$D$36,3,FALSE),"") -> 0.0305 | D42: =IF(ISNUMBER(VLOOKUP($A42,$A$6:$D$36,4,FALSE)),VLOOKUP($A42,$A$6:$D$36,4,FALSE),"")
A43: 10BZ16X140 | B43: =IFERROR(VLOOKUP($A43,$A$6:$D$36,2,FALSE),"") -> Bullone testa esagonale M16x140 mezzo filetto | C43: =IF(ISNUMBER(VLOOKUP($A43,$A$6:$D$36,3,FALSE)),VLOOKUP($A43,$A$6:$D$36,3,FALSE),"") -> 0.21 | D43: =IF(ISNUMBER(VLOOKUP($A43,$A$6:$D$36,4,FALSE)),VLOOKUP($A43,$A$6:$D$36,4,FALSE),"")
A44: 10BZM10X160 | B44: =IFERROR(VLOOKUP($A44,$A$6:$D$36,2,FALSE),"") -> Bullone testa esagonale zn M10X160 | C44: =IF(ISNUMBER(VLOOKUP($A44,$A$6:$D$36,3,FALSE)),VLOOKUP($A44,$A$6:$D$36,3,FALSE),"") -> 0.095 | D44: =IF(ISNUMBER(VLOOKUP($A44,$A$6:$D$36,4,FALSE)),VLOOKUP($A44,$A$6:$D$36,4,FALSE),"")
A45: 10BZM10X30 | B45: =IFERROR(VLOOKUP($A45,$A$6:$D$36,2,FALSE),"") -> Bullone testa esagonale zn M10X30 | C45: =IF(ISNUMBER(VLOOKUP($A45,$A$6:$D$36,3,FALSE)),VLOOKUP($A45,$A$6:$D$36,3,FALSE),"") -> 0.0245 | D45: =IF(ISNUMBER(VLOOKUP($A45,$A$6:$D$36,4,FALSE)),VLOOKUP($A45,$A$6:$D$36,4,FALSE),"")
A46: 10BZM10X40 | B46: =IFERROR(VLOOKUP($A46,$A$6:$D$36,2,FALSE),"") -> Bullone testa esagonale M10X40 | C46: =IF(ISNUMBER(VLOOKUP($A46,$A$6:$D$36,3,FALSE)),VLOOKUP($A46,$A$6:$D$36,3,FALSE),"") -> 0.0305 | D46: =IF(ISNUMBER(VLOOKUP($A46,$A$6:$D$36,4,FALSE)),VLOOKUP($A46,$A$6:$D$36,4,FALSE),"")
A47: 10BZM16X25 | B47: =IFERROR(VLOOKUP($A47,$A$6:$D$36,2,FALSE),"") -> Bullone testa esagonale zn M16X25 | C47: =IF(ISNUMBER(VLOOKUP($A47,$A$6:$D$36,3,FALSE)),VLOOKUP($A47,$A$6:$D$36,3,FALSE),"") -> 0.052 | D47: =IF(ISNUMBER(VLOOKUP($A47,$A$6:$D$36,4,FALSE)),VLOOKUP($A47,$A$6:$D$36,4,FALSE),"")
A48: 10BZM16X60 | B48: =IFERROR(VLOOKUP($A48,$A$6:$D$36,2,FALSE),"") -> Bullone testa esagonale M16X60 | C48: =IF(ISNUMBER(VLOOKUP($A48,$A$6:$D$36,3,FALSE)),VLOOKUP($A48,$A$6:$D$36,3,FALSE),"") -> 0.11 | D48: =IF(ISNUMBER(VLOOKUP($A48,$A$6:$D$36,4,FALSE)),VLOOKUP($A48,$A$6:$D$36,4,FALSE),"")
A49: 10BZM5X20 | B49: =IFERROR(VLOOKUP($A49,$A$6:$D$36,2,FALSE),"") -> Bullone testa esagonale zn M5x20 | C49: =IF(ISNUMBER(VLOOKUP($A49,$A$6:$D$36,3,FALSE)),VLOOKUP($A49,$A$6:$D$36,3,FALSE),"") -> 0.0031 | D49: =IF(ISNUMBER(VLOOKUP($A49,$A$6:$D$36,4,FALSE)),VLOOKUP($A49,$A$6:$D$36,4,FALSE),"")
A50: 10BZM5X30 | B50: =IFERROR(VLOOKUP($A50,$A$6:$D$36,2,FALSE),"") -> Bullone testa esagonale zn M5x30 | C50: =IF(ISNUMBER(VLOOKUP($A50,$A$6:$D$36,3,FALSE)),VLOOKUP($A50,$A$6:$D$36,3,FALSE),"") -> 0.0042 | D50: =IF(ISNUMBER(VLOOKUP($A50,$A$6:$D$36,4,FALSE)),VLOOKUP($A50,$A$6:$D$36,4,FALSE),"")
A51: 10BZM6X150 | B51: =IFERROR(VLOOKUP($A51,$A$6:$D$36,2,FALSE),"") -> Bullone testa esagonale zn M6X150 | C51: =IF(ISNUMBER(VLOOKUP($A51,$A$6:$D$36,3,FALSE)),VLOOKUP($A51,$A$6:$D$36,3,FALSE),"") -> 0.026 | D51: =IF(ISNUMBER(VLOOKUP($A51,$A$6:$D$36,4,FALSE)),VLOOKUP($A51,$A$6:$D$36,4,FALSE),"")
... A70: M5X30 8.8 ISO1207 | B70: =IFERROR(VLOOKUP($A70,$A$6:$D$36,2,FALSE),"") -> Bullone testa esagonale con intaglio M5x30 | C70: =IF(ISNUMBER(VLOOKUP($A70,$A$6:$D$36,3,FALSE)),VLOOKUP($A70,$A$6:$D$36,3,FALSE),"") -> 0.0042 | D70: =IF(ISNUMBER(VLOOKUP($A70,$A$6:$D$36,4,FALSE)),VLOOKUP($A70,$A$6:$D$36,4,FALSE),"")

Sheet SCHEDA ELETTROMECCANICA
A1: SCHEDA ELETTROMECCANICA — peso unitario e costo dei materiali elettromeccanici commerciali
A2: Motoriduttore, cuscinetto asse, quadri/box, sensori e strumentazione. Articoli acquistati completi: compilare a mano 'Peso unitario (kg)' e 'Costo (€/pz)'. Il LISTINO pesca da qui 'Peso elemento (kg)' e 'Prezzo unitario €' per questi codici.
A4: Codice | B4: Descrizione | C4: Peso unitario (kg) | D4: Costo (€/pz)
A5: CHSD7-60-S112-24.15.300-L1.2 | B5: Motoriduttore | C5: 50 | D5: 300
A6: ESQM_2_0_120_1 | B6: Cuscinetto asse di rotazione | C6: 2 | D6: 13
A7: 15T-JUNCTBOXIP65 | B7: Box centralina meteo
A8: B04601 | B8: Quadro in vetroresina Pedro VTR 01
A9: 10S-FC | B9: Sensore fine corsa elettrico
A10: 15T-PIRANOMETRO | B10: Piranometro
A11: 15T-SENSVELVEN | B11: Anemometro
A12: 15T-TERMARIA | B12: Termometro Aria_ mSTA.l
A13: 15T-TERMCONTP10 | B13: Termometro a contatto P100_STC-i
A14: TK1024S | B14: Inclinometro

Sheet LISTINO
A1: LISTINO COMPONENTI — Tracker TTS moduli 1303 (rev. 5)
A2: Elenco unico di tutti i componenti presenti nella distinta materiali. Compilare la colonna 'Prezzo unitario' per ottenere un listino valorizzato.
A4: N° | B4: Codice | C4: Descrizione | D4: Categoria | E4: U.M. | F4: Peso elemento (kg) | G4: Prezzo unitario € | H4: Presente nei kit / assiemi | I4: N° righe distinta
A5: 1 | B5: TTS.AR.001.7200 | C5: Asse lato motore 120x120x3 mm. lunghezza mt.7,20 | D5: Carpenteria metallica | E5: pz | F5: =IFERROR(VLOOKUP($B5,'SCHEDA STRUTTURA'!$A$13:$E$413,5,FALSE),"") -> 84.96 | H5: ASSI DI ROTAZIONE 1303 | I5: 2
A6: 2 | B6: TTS.AR.001.7200.25 | C6: Asse lato motore 120x120x2,5 mm. lunghezza mt.7,20 | D6: Carpenteria metallica | E6: pz | F6: =IFERROR(VLOOKUP($B6,'SCHEDA STRUTTURA'!$A$13:$E$413,5,FALSE),"") -> 66.24 | H6: ASSI DI ROTAZIONE 1303 | I6: 1
A7: 3 | B7: TTS.AR.001.8250 | C7: Asse lato motore 120x120x3 mm. lunghezza mt.8,25 | D7: Carpenteria metallica | E7: pz | F7: =IFERROR(VLOOKUP($B7,'SCHEDA STRUTTURA'!$A$13:$E$413,5,FALSE),"") -> 97.35 | H7: ASSI DI ROTAZIONE 1303 | I7: 1
A8: 4 | B8: TTS.AR.001.8250.25 | C8: Asse lato motore 120x120x2,5 mm. lunghezza mt.8,25 | D8: Carpenteria metallica | E8: pz | F8: =IFERROR(VLOOKUP($B8,'SCHEDA STRUTTURA'!$A$13:$E$413,5,FALSE),"") -> 75.9 | H8: ASSI DI ROTAZIONE 1303 | I8: 1
A9: 5 | B9: TTS.AR.001.8700 | C9: Asse lato motore 120x120x3 mm. lunghezza mt.8,70 | D9: Carpenteria metallica | E9: pz | F9: =IFERROR(VLOOKUP($B9,'SCHEDA STRUTTURA'!$A$13:$E$413,5,FALSE),"") -> 102.66 | H9: ASSI DI ROTAZIONE 1303 | I9: 3
A10: 6 | B10: TTS.AR.001.8700.25 | C10: Asse lato motore 120x120x2,5 mm. lunghezza mt.8,70 | D10: Carpenteria metallica | E10: pz | F10: =IFERROR(VLOOKUP($B10,'SCHEDA STRUTTURA'!$A$13:$E$413,5,FALSE),"") -> 80.04 | H10: ASSI DI ROTAZIONE 1303 | I10: 1
A11: 7 | B11: TTS.AR.002.5000 | C11: Asse esterno 120x120x3 mm. lunghezza mt.5,00 | D11: Carpenteria metallica | E11: pz | F11: =IFERROR(VLOOKUP($B11,'SCHEDA STRUTTURA'!$A$13:$E$413,5,FALSE),"") -> 59 | H11: ASSI DI ROTAZIONE 1303 | I11: 1
A12: 8 | B12: TTS.AR.002.5000.25 | C12: Asse esterno 120x120x2,5 mm. lunghezza mt.5,00 | D12: Carpenteria metallica | E12: pz | F12: =IFERROR(VLOOKUP($B12,'SCHEDA STRUTTURA'!$A$13:$E$413,5,FALSE),"") -> 46 | H12: ASSI DI ROTAZIONE 1303 | I12: 1
A13: 9 | B13: TTS.AR.002.6150 | C13: Asse esterno 120x120x3 mm. lunghezza mt.6,15 | D13: Carpenteria metallica | E13: pz | F13: =IFERROR(VLOOKUP($B13,'SCHEDA STRUTTURA'!$A$13:$E$413,5,FALSE),"") -> 72.57 | H13: ASSI DI ROTAZIONE 1303 | I13: 1
A14: 10 | B14: TTS.AR.002.6150.25 | C14: Asse esterno 120x120x2,5 mm. lunghezza mt.6,15 | D14: Carpenteria metallica | E14: pz | F14: =IFERROR(VLOOKUP($B14,'SCHEDA STRUTTURA'!$A$13:$E$413,5,FALSE),"") -> 56.58 | H14: ASSI DI ROTAZIONE 1303 | I14: 1
A15: 11 | B15: TTS.AR.002.6300 | C15: Asse esterno 120x120x3 mm. lunghezza mt.6,30 | D15: Carpenteria metallica | E15: pz | F15: =IFERROR(VLOOKUP($B15,'SCHEDA STRUTTURA'!$A$13:$E$413,5,FALSE),"") -> 74.34 | H15: ASSI DI ROTAZIONE 1303 | I15: 1
A16: 12 | B16: TTS.AR.002.6300.25 | C16: Asse esterno 120x120x2,5 mm. lunghezza mt.6,30 | D16: Carpenteria metallica | E16: pz | F16: =IFERROR(VLOOKUP($B16,'SCHEDA STRUTTURA'!$A$13:$E$413,5,FALSE),"") -> 57.96 | H16: ASSI DI ROTAZIONE 1303 | I16: 1
... A26: 22 | B26: TTS.AR.004.4800.25 | C26: Asse esterno 120x120x2,5 mm. lunghezza mt.4,800 | D26: Carpenteria metallica | E26: pz | F26: =IFERROR(VLOOKUP($B26,'SCHEDA STRUTTURA'!$A$13:$E$413,5,FALSE),"") -> 44.16 | H26: ASSI DI ROTAZIONE 1303 | I26: 1
A27: 23 | B27: TTS.AR.2011 | C27: Gaffa giunzione asse | D27: Carpenteria metallica | E27: pz | F27: =IFERROR(VLOOKUP($B27,'SCHEDA PEZZI SPECIALI'!$A$38:$F$400,4,FALSE),"") -> 5.075 | H27: ASSI DI ROTAZIONE 1303 | I27: 5
A28: 24 | B28: TTS.AR.3011 | C28: Supporto a L superiore omega | D28: Carpenteria metallica | E28: pz | F28: =IFERROR(VLOOKUP($B28,'SCHEDA STRUTTURA'!$A$13:$E$413,5,FALSE),"") -> 0.8568 | H28: KIT OMEGA+pannelli | I28: 1
A29: 25 | B29: TTS.AR.3012 | C29: Supporto a V inferiore omega | D29: Carpenteria metallica | E29: pz | F29: =IFERROR(VLOOKUP($B29,'SCHEDA STRUTTURA'!$A$13:$E$413,5,FALSE),"") -> 0.4095 | H29: KIT OMEGA+pannelli | I29: 1
A30: 26 | B30: TTS.AR.3013 | C30: Gaffa sotto omega | D30: Carpenteria metallica | E30: pz | F30: =IFERROR(VLOOKUP($B30,'SCHEDA STRUTTURA'!$A$13:$E$413,5,FALSE),"") -> 1.278 | H30: KIT OMEGA+pannelli | I30: 1
A31: 27 | B31: TTS.AR.3014 | C31: Omega supporto pannello | D31: Carpenteria metallica | E31: pz | F31: =IFERROR(VLOOKUP($B31,'SCHEDA STRUTTURA'!$A$13:$E$413,5,FALSE),"") -> 5.85 | H31: KIT OMEGA+pannelli | I31: 1
A32: 28 | B32: TTS.AR.3014.18 | C32: Omega supporto pannello mm1,8 | D32: Carpenteria metallica | E32: pz | F32: =IFERROR(VLOOKUP($B32,'SCHEDA STRUTTURA'!$A$13:$E$413,5,FALSE),"") -> 5.265 | H32: KIT OMEGA+pannelli | I32: 1
A33: 29 | B33: TTS.AR.4011 | C33: Supporto superiore inclinometro | D33: Carpenteria metallica | E33: pz | F33: =IFERROR(VLOOKUP($B33,'SCHEDA PEZZI SPECIALI'!$A$38:$F$400,4,FALSE),"") -> 0.8424 | H33: KIT INCLINOMETRO | I33: 1
A34: 30 | B34: TTS.AR.4012 | C34: Supporto inferiore inclinometro | D34: Carpenteria metallica | E34: pz | F34: =IFERROR(VLOOKUP($B34,'SCHEDA PEZZI SPECIALI'!$A$38:$F$400,4,FALSE),"") -> 2.9484 | H34: KIT INCLINOMETRO | I34: 1
A35: 31 | B35: TTS.AR.5011 | C35: Piastra ad L supporto fine corsa | D35: Carpenteria metallica | E35: pz | F35: =IFERROR(VLOOKUP($B35,'SCHEDA PEZZI SPECIALI'!$A$38:$F$400,4,FALSE),"") -> 0.2184 | H35: KIT FINE CORSA | I35: 1
A36: 32 | B36: TTS.AR.5012 | C36: Leva battente sensore fine corsa | D36: Carpenteria metallica | E36: pz | F36: =IFERROR(VLOOKUP($B36,'SCHEDA PEZZI SPECIALI'!$A$38:$F$400,4,FALSE),"") -> 0.6524 | H36: KIT FINE CORSA | I36: 1
A37: 33 | B37: TTS.PC.001.IPE140.23 | C37: Pilastro cuscinetto trave IPE 140 mt.2,30 | D37: Carpenteria metallica | E37: pz | F37: =IFERROR(VLOOKUP($B37,'SCHEDA STRUTTURA'!$A$13:$E$413,5,FALSE),"") -> 29.67 | H37: PILASTRO CUSCINETTO | I37: 1
A38: 34 | B38: TTS.PC.001.IPEA140.23 | C38: Pilastro cuscinetto trave IPEA 140 mt.2,30 (alleggerita) | D38: Carpenteria metallica | E38: pz | F38: =IFERROR(VLOOKUP($B38,'SCHEDA STRUTTURA'!$A$13:$E$413,5,FALSE),"") -> 25.07 | H38: PILASTRO CUSCINETTO | I38: 1
A39: 35 | B39: TTS.PC.001.IPE140.28 | C39: Pilastro cuscinetto trave IPE 140 mt.2,80 | D39: Carpenteria metallica | E39: pz | F39: =IFERROR(VLOOKUP($B39,'SCHEDA STRUTTURA'!$A$13:$E$413,5,FALSE),"") -> 36.12 | H39: PILASTRO CUSCINETTO | I39: 1
A40: 36 | B40: TTS.PC.001.IPEA140.28 | C40: Pilastro cuscinetto trave IPEA 140 mt.2,80 (alleggerita) | D40: Carpenteria metallica | E40: pz | F40: =IFERROR(VLOOKUP($B40,'SCHEDA STRUTTURA'!$A$13:$E$413,5,FALSE),"") -> 30.52 | H40: PILASTRO CUSCINETTO | I40: 1
A41: 37 | B41: TTS.PC.001.IPE140.29 | C41: Pilastro cuscinetto trave IPE 140 mt.2,90 | D41: Carpenteria metallica | E41: pz | F41: =IFERROR(VLOOKUP($B41,'SCHEDA STRUTTURA'!$A$13:$E$413,5,FALSE),"") -> 37.41 | H41: PILASTRO CUSCINETTO | I41: 1
A42: 38 | B42: TTS.PC.001.IPEA140.29 | C42: Pilastro cuscinetto trave IPEA 140 mt.2,90 (alleggerita) | D42: Carpenteria metallica | E42: pz | F42: =IFERROR(VLOOKUP($B42,'SCHEDA STRUTTURA'!$A$13:$E$413,5,FALSE),"") -> 31.61 | H42: PILASTRO CUSCINETTO | I42: 1
A43: 39 | B43: TTS.PC.001.IPE140.30 | C43: Pilastro cuscinetto trave IPE 140 mt.3,00 | D43: Carpenteria metallica | E43: pz | F43: =IFERROR(VLOOKUP($B43,'SCHEDA STRUTTURA'!$A$13:$E$413,5,FALSE),"") -> 38.7 | H43: PILASTRO CUSCINETTO | I43: 1
A44: 40 | B44: TTS.PC.001.IPEA140.30 | C44: Pilastro cuscinetto trave IPEA 140 mt.3,00 (alleggerita) | D44: Carpenteria metallica | E44: pz | F44: =IFERROR(VLOOKUP($B44,'SCHEDA STRUTTURA'!$A$13:$E$413,5,FALSE),"") -> 32.7 | H44: PILASTRO CUSCINETTO | I44: 1
A45: 41 | B45: TTS.PC.001.IPE140.31 | C45: Pilastro cuscinetto trave IPE 140 mt.3,10 | D45: Carpenteria metallica | E45: pz | F45: =IFERROR(VLOOKUP($B45,'SCHEDA STRUTTURA'!$A$13:$E$413,5,FALSE),"") -> 39.99 | H45: PILASTRO CUSCINETTO | I45: 1
A46: 42 | B46: TTS.PC.001.IPEA140.31 | C46: Pilastro cuscinetto trave IPEA 140 mt.3,10 (alleggerita) | D46: Carpenteria metallica | E46: pz | F46: =IFERROR(VLOOKUP($B46,'SCHEDA STRUTTURA'!$A$13:$E$413,5,FALSE),"") -> 33.79 | H46: PILASTRO CUSCINETTO | I46: 1
A47: 43 | B47: TTS.PC.001.IPE140.32 | C47: Pilastro cuscinetto trave IPE 140 mt.3,20 | D47: Carpenteria metallica | E47: pz | F47: =IFERROR(VLOOKUP($B47,'SCHEDA STRUTTURA'!$A$13:$E$413,5,FALSE),"") -> 41.28 | H47: PILASTRO CUSCINETTO | I47: 1
A48: 44 | B48: TTS.PC.001.IPEA140.32 | C48: Pilastro cuscinetto trave IPEA 140 mt.3,20 (alleggerita) | D48: Carpenteria metallica | E48: pz | F48: =IFERROR(VLOOKUP($B48,'SCHEDA STRUTTURA'!$A$13:$E$413,5,FALSE),"") -> 34.88 | H48: PILASTRO CUSCINETTO | I48: 1
... A78: 74 | B78: TTS.PC.001.IPEA140.23.FQA | C78: Pilastro cuscinetto trave ipea140 x mt. 2,30 con foratura alloggiamento quadro area (alleggerita) | D78: Carpenteria metallica | E78: pz | F78: =IFERROR(VLOOKUP($B78,'SCHEDA STRUTTURA'!$A$13:$E$413,5,FALSE),"") -> 25.07 | H78: kit quadri area | I78: 1
A79: 75 | B79: TTS.PC.002.IPE140 | C79: Supporto laterale testa cuscinetto | D79: Carpenteria metallica | E79: pz | F79: =IFERROR(VLOOKUP($B79,'SCHEDA PEZZI SPECIALI'!$A$38:$F$400,4,FALSE),"") -> 2.1528 | H79: PILASTRO CUSCINETTO | I79: 1
A80: 76 | B80: TTS.PC.003.IPE140 | C80: Supporto testa cuscinetto | D80: Carpenteria metallica | E80: pz | F80: =IFERROR(VLOOKUP($B80,'SCHEDA PEZZI SPECIALI'!$A$38:$F$400,4,FALSE),"") -> 2.7256 | H80: PILASTRO CUSCINETTO | I80: 1
A81: 77 | B81: TTS.PC.2011.1076 | C81: Angolare 40x40x4 lungo 1076 mm. supporto inferiore | D81: Carpenteria metallica | E81: pz | F81: =IFERROR(VLOOKUP($B81,'SCHEDA PEZZI SPECIALI'!$A$38:$F$400,4,FALSE),"") -> 2.685696 | H81: kit quadri inverter | I81: 1
A82: 78 | B82: TTS.PC.2012.1076 | C82: Angolare 40x40x4 lungo1076 mm. supporto superiore | D82: Carpenteria metallica | E82: pz | F82: =IFERROR(VLOOKUP($B82,'SCHEDA PEZZI SPECIALI'!$A$38:$F$400,4,FALSE),"") -> 2.685696 | H82: kit quadri inverter | I82: 1
A83: 79 | B83: TTS.PC.2013 | C83: Palo MAX lungo mt.2,040 | D83: Carpenteria metallica | E83: pz | F83: =IFERROR(VLOOKUP($B83,'SCHEDA PEZZI SPECIALI'!$A$38:$F$400,4,FALSE),"") -> 7.00128 | H83: kit quadri inverter | I83: 1
A84: 80 | B84: TTS.PC.3011 | C84: Angolare 40x40x4 lungo 869 mm. superiore | D84: Carpenteria metallica | E84: pz | F84: =IFERROR(VLOOKUP($B84,'SCHEDA PEZZI SPECIALI'!$A$38:$F$400,4,FALSE),"") -> 2.169 | H84: kit quadri area | I84: 1
A85: 81 | B85: TTS.PC.3012 | C85: Angolare 40x40x4 lungo 869 mm. inferiore | D85: Carpenteria metallica | E85: pz | F85: =IFERROR(VLOOKUP($B85,'SCHEDA PEZZI SPECIALI'!$A$38:$F$400,4,FALSE),"") -> 2.169 | H85: kit quadri area | I85: 1
A86: 82 | B86: TTS.PC.3013 | C86: Palo MAX lungo mt.2,150 | D86: Carpenteria metallica | E86: pz | F86: =IFERROR(VLOOKUP($B86,'SCHEDA PEZZI SPECIALI'!$A$38:$F$400,4,FALSE),"") -> 7.3788 | H86: kit quadri area | I86: 1
A87: 83 | B87: TTS.PF.001.IPE140.30 | C87: Pilastro fondazione trave IPE140 mt.3,00 | D87: Carpenteria metallica | E87: pz | F87: =IFERROR(VLOOKUP($B87,'SCHEDA STRUTTURA'!$A$13:$E$413,5,FALSE),"") -> 38.7 | H87: PILASTRO MOTORE, PILASTRO CUSCINETTO | I87: 2
A88: 84 | B88: TTS.PF.001.IPEA140.30 | C88: Pilastro fondazione trave IPEA140 mt.3,00 (alleggerita) | D88: Carpenteria metallica | E88: pz | F88: =IFERROR(VLOOKUP($B88,'SCHEDA STRUTTURA'!$A$13:$E$413,5,FALSE),"") -> 32.7 | H88: PILASTRO MOTORE | I88: 1
A89: 85 | B89: TTS.PF.001.IPE140.26 | C89: Pilastro fondazione trave IPE140 mt.2,60 | D89: Carpenteria metallica | E89: pz | F89: =IFERROR(VLOOKUP($B89,'SCHEDA STRUTTURA'!$A$13:$E$413,5,FALSE),"") -> 33.54 | H89: PILASTRO MOTORE | I89: 1
A90: 86 | B90: TTS.PF.001.IPEA140.26 | C90: Pilastro fondazione trave IPEA140 mt.2,60 (alleggerita) | D90: Carpenteria metallica | E90: pz | F90: =IFERROR(VLOOKUP($B90,'SCHEDA STRUTTURA'!$A$13:$E$413,5,FALSE),"") -> 28.34 | H90: PILASTRO MOTORE | I90: 1
A91: 87 | B91: TTS.PF.001.IPE140.27 | C91: Pilastro fondazione trave IPE140 mt.2,70 | D91: Carpenteria metallica | E91: pz | F91: =IFERROR(VLOOKUP($B91,'SCHEDA STRUTTURA'!$A$13:$E$413,5,FALSE),"") -> 34.83 | H91: PILASTRO MOTORE | I91: 1
A92: 88 | B92: TTS.PF.001.IPEA140.27 | C92: Pilastro fondazione trave IPEA140 mt.2,70 (alleggerita) | D92: Carpenteria metallica | E92: pz | F92: =IFERROR(VLOOKUP($B92,'SCHEDA STRUTTURA'!$A$13:$E$413,5,FALSE),"") -> 29.43 | H92: PILASTRO MOTORE | I92: 1
A93: 89 | B93: TTS.PF.001.IPE140.28 | C93: Pilastro fondazione trave IPE140 mt.2,80 | D93: Carpenteria metallica | E93: pz | F93: =IFERROR(VLOOKUP($B93,'SCHEDA STRUTTURA'!$A$13:$E$413,5,FALSE),"") -> 36.12 | H93: PILASTRO MOTORE | I93: 1
A94: 90 | B94: TTS.PF.001.IPEA140.28 | C94: Pilastro fondazione trave IPEA140 mt.2,80 (alleggerita) | D94: Carpenteria metallica | E94: pz | F94: =IFERROR(VLOOKUP($B94,'SCHEDA STRUTTURA'!$A$13:$E$413,5,FALSE),"") -> 30.52 | H94: PILASTRO MOTORE | I94: 1
A95: 91 | B95: TTS.PF.001.IPE140.29 | C95: Pilastro fondazione trave IPE140 mt.2,90 | D95: Carpenteria metallica | E95: pz | F95: =IFERROR(VLOOKUP($B95,'SCHEDA STRUTTURA'!$A$13:$E$413,5,FALSE),"") -> 37.41 | H95: PILASTRO MOTORE | I95: 1
A96: 92 | B96: TTS.PF.001.IPEA140.29 | C96: Pilastro fondazione trave IPEA140 mt.2,90 (alleggerita) | D96: Carpenteria metallica | E96: pz | F96: =IFERROR(VLOOKUP($B96,'SCHEDA STRUTTURA'!$A$13:$E$413,5,FALSE),"") -> 31.61 | H96: PILASTRO MOTORE | I96: 1
A97: 93 | B97: TTS.PF.001.IPE140.31 | C97: Pilastro fondazione trave IPE140 mt.3,10 | D97: Carpenteria metallica | E97: pz | F97: =IFERROR(VLOOKUP($B97,'SCHEDA STRUTTURA'!$A$13:$E$413,5,FALSE),"") -> 39.99 | H97: PILASTRO MOTORE | I97: 1
A98: 94 | B98: TTS.PF.001.IPEA140.31 | C98: Pilastro fondazione trave IPEA140 mt.3,10 (alleggerita) | D98: Carpenteria metallica | E98: pz | F98: =IFERROR(VLOOKUP($B98,'SCHEDA STRUTTURA'!$A$13:$E$413,5,FALSE),"") -> 33.79 | H98: PILASTRO MOTORE | I98: 1
... A108: 104 | B108: TTS.PF.001.IPEA140.36 | C108: Pilastro fondazione trave IPEA140 mt.3,60 (alleggerita) | D108: Carpenteria metallica | E108: pz | F108: =IFERROR(VLOOKUP($B108,'SCHEDA STRUTTURA'!$A$13:$E$413,5,FALSE),"") -> 39.24 | H108: PILASTRO MOTORE | I108: 1
A109: 105 | B109: TTS.PF.002.IPE140 | C109: Piastra giunzione montanti centrali 200x100x4 (8 fori Ø 11) | D109: Carpenteria metallica | E109: pz | F109: =IFERROR(VLOOKUP($B109,'SCHEDA PEZZI SPECIALI'!$A$38:$F$400,4,FALSE),"") -> 0.624 | H109: PILASTRO MOTORE, PILASTRO CUSCINETTO | I109: 2
A110: 106 | B110: TTS.PF.003.IPE140 | C110: Piastra giunzione montanti esterna 240x70x6 (12 fori Ø 11) | D110: Carpenteria metallica | E110: pz | F110: =IFERROR(VLOOKUP($B110,'SCHEDA PEZZI SPECIALI'!$A$38:$F$400,4,FALSE),"") -> 0.7862 | H110: PILASTRO MOTORE, PILASTRO CUSCINETTO | I110: 2
A111: 107 | B111: TTS.PF.004.IPE140 | C111: Piastra giunzione montanti interna 240x25x6 (6 fori Ø 11) | D111: Carpenteria metallica | E111: pz | F111: =IFERROR(VLOOKUP($B111,'SCHEDA PEZZI SPECIALI'!$A$38:$F$400,4,FALSE),"") -> 0.2808 | H111: PILASTRO MOTORE, PILASTRO CUSCINETTO | I111: 2
A112: 108 | B112: TTS.PM.001.IPE140.22 | C112: Pilastro motore trave ipe140 x 2220 con foratura alloggiamento quadro motore (standard) | D112: Carpenteria metallica | E112: pz | F112: =IFERROR(VLOOKUP($B112,'SCHEDA STRUTTURA'!$A$13:$E$413,5,FALSE),"") -> 28.638 | H112: PILASTRO MOTORE, kit quadro motore | I112: 2
A113: 109 | B113: TTS.PM.001.IPEA140.22 | C113: Pilastro motore trave ipea140 x 2220 con foratura alloggiamento quadro motore (alleggerita) | D113: Carpenteria metallica | E113: pz | F113: =IFERROR(VLOOKUP($B113,'SCHEDA STRUTTURA'!$A$13:$E$413,5,FALSE),"") -> 24.198 | H113: PILASTRO MOTORE | I113: 1
A114: 110 | B114: TTS.PM.001.IPE140.27 | C114: Pilastro motore trave ipe140 x 2720 con foratura alloggiamento quadro motore (standard) | D114: Carpenteria metallica | E114: pz | F114: =IFERROR(VLOOKUP($B114,'SCHEDA STRUTTURA'!$A$13:$E$413,5,FALSE),"") -> 35.088 | H114: PILASTRO MOTORE | I114: 1
A115: 111 | B115: TTS.PM.001.IPEA140.27 | C115: Pilastro motore trave ipea140 x 2720 con foratura alloggiamento quadro motore (alleggerita) | D115: Carpenteria metallica | E115: pz | F115: =IFERROR(VLOOKUP($B115,'SCHEDA STRUTTURA'!$A$13:$E$413,5,FALSE),"") -> 29.648 | H115: PILASTRO MOTORE | I115: 1
A116: 112 | B116: TTS.PM.001.IPE140.28 | C116: Pilastro motore trave ipe140 x 2820 con foratura alloggiamento quadro motore (standard) | D116: Carpenteria metallica | E116: pz | F116: =IFERROR(VLOOKUP($B116,'SCHEDA STRUTTURA'!$A$13:$E$413,5,FALSE),"") -> 36.378 | H116: PILASTRO MOTORE | I116: 1
A117: 113 | B117: TTS.PM.001.IPEA140.28 | C117: Pilastro motore trave ipea140 x 2820 con foratura alloggiamento quadro motore (alleggerita) | D117: Carpenteria metallica | E117: pz | F117: =IFERROR(VLOOKUP($B117,'SCHEDA STRUTTURA'!$A$13:$E$413,5,FALSE),"") -> 30.738 | H117: PILASTRO MOTORE | I117: 1
A118: 114 | B118: TTS.PM.001.IPE140.29 | C118: Pilastro motore trave ipe140 x 2920 con foratura alloggiamento quadro motore (standard) | D118: Carpenteria metallica | E118: pz | F118: =IFERROR(VLOOKUP($B118,'SCHEDA STRUTTURA'!$A$13:$E$413,5,FALSE),"") -> 37.668 | H118: PILASTRO MOTORE | I118: 1
A119: 115 | B119: TTS.PM.001.IPEA140.29 | C119: Pilastro motore trave ipea140 x 2920 con foratura alloggiamento quadro motore (alleggerita) | D119: Carpenteria metallica | E119: pz | F119: =IFERROR(VLOOKUP($B119,'SCHEDA STRUTTURA'!$A$13:$E$413,5,FALSE),"") -> 31.828 | H119: PILASTRO MOTORE | I119: 1
A120: 116 | B120: TTS.PM.001.IPE140.30 | C120: Pilastro motore trave ipe140 x 3020 con foratura alloggiamento quadro motore (standard) | D120: Carpenteria metallica | E120: pz | F120: =IFERROR(VLOOKUP($B120,'SCHEDA STRUTTURA'!$A$13:$E$413,5,FALSE),"") -> 38.958 | H120: PILASTRO MOTORE | I120: 1
A121: 117 | B121: TTS.PM.001.IPEA140.30 | C121: Pilastro motore trave ipea140 x 3020 con foratura alloggiamento quadro motore (alleggerita) | D121: Carpenteria metallica | E121: pz | F121: =IFERROR(VLOOKUP($B121,'SCHEDA STRUTTURA'!$A$13:$E$413,5,FALSE),"") -> 32.918 | H121: PILASTRO MOTORE | I121: 1
A122: 118 | B122: TTS.PM.001.IPE140.31 | C122: Pilastro motore trave ipe140 x 3120 con foratura alloggiamento quadro motore (standard) | D122: Carpenteria metallica | E122: pz | F122: =IFERROR(VLOOKUP($B122,'SCHEDA STRUTTURA'!$A$13:$E$413,5,FALSE),"") -> 40.248 | H122: PILASTRO MOTORE | I122: 1
A123: 119 | B123: TTS.PM.001.IPEA140.31 | C123: Pilastro motore trave ipea140 x 3120 con foratura alloggiamento quadro motore (alleggerita) | D123: Carpenteria metallica | E123: pz | F123: =IFERROR(VLOOKUP($B123,'SCHEDA STRUTTURA'!$A$13:$E$413,5,FALSE),"") -> 34.008 | H123: PILASTRO MOTORE | I123: 1
... A151: 147 | B151: TTS.PM.001.IPEA140.22.QC | C151: Pilastro motore trave ipea140 x 2220 con foratura alloggiamento quadro motore + quadro centralina meteo + quadro alimentazione centralina meteo (alleggerita) | D151: Carpenteria metallica | E151: pz | F151: =IFERROR(VLOOKUP($B151,'SCHEDA STRUTTURA'!$A$13:$E$413,5,FALSE),"") -> 24.198 | H151: kit quadri centralina meteo | I151: 1
A152: 148 | B152: TTS.PM.002.IPE140 | C152: Supporto laterale testa riduttore | D152: Carpenteria metallica | E152: pz | F152: =IFERROR(VLOOKUP($B152,'SCHEDA PEZZI SPECIALI'!$A$38:$F$400,4,FALSE),"") -> 4.5708 | H152: PILASTRO MOTORE | I152: 1
A153: 149 | B153: TTS.PM.003.IPE140 | C153: Testa riduttore pilastro motore | D153: Carpenteria metallica | E153: pz | F153: =IFERROR(VLOOKUP($B153,'SCHEDA PEZZI SPECIALI'!$A$38:$F$400,4,FALSE),"") -> 2.54 | H153: PILASTRO MOTORE | I153: 1
A154: 150 | B154: TTS.PM.2011 | C154: Angolare 30x30x4 lungo 370 mm. superiore | D154: Carpenteria metallica | E154: pz | F154: =IFERROR(VLOOKUP($B154,'SCHEDA PEZZI SPECIALI'!$A$38:$F$400,4,FALSE),"") -> 0.5195 | H154: kit quadro motore, kit quadri centralina meteo | I154: 2
A155: 151 | B155: TTS.PM.2012 | C155: Angolare 30x30x4 lungo 370 mm. inferiore | D155: Carpenteria metallica | E155: pz | F155: =IFERROR(VLOOKUP($B155,'SCHEDA PEZZI SPECIALI'!$A$38:$F$400,4,FALSE),"") -> 0.5195 | H155: kit quadro motore, kit quadri centralina meteo | I155: 3
A156: 152 | B156: TTS.SM.001 | C156: Piatto 50X5X230 supporto sensori | D156: Carpenteria metallica | E156: pz | F156: =IFERROR(VLOOKUP($B156,'SCHEDA PEZZI SPECIALI'!$A$38:$F$400,4,FALSE),"") -> 0.451375 | H156: sensori meteo | I156: 1
A157: 153 | B157: TTS.SM.002 | C157: Piatto 30X3X193 leva sensore temperatura pannello | D157: Carpenteria metallica | E157: pz | F157: =IFERROR(VLOOKUP($B157,'SCHEDA PEZZI SPECIALI'!$A$38:$F$400,4,FALSE),"") -> 0.136355 | H157: sensori meteo | I157: 1
A158: 154 | B158: TTS.SM.003 | C158: Asta supporto anemometro | D158: Carpenteria metallica | E158: pz | F158: =IFERROR(VLOOKUP($B158,'SCHEDA PEZZI SPECIALI'!$A$38:$F$400,4,FALSE),"") | H158: sensori meteo | I158: 1
A159: 155 | C159: Omega alloggiamento kit sensore termometro a contatto | D159: Carpenteria metallica | E159: pz
A160: 156 | B160: 06TAP120X120 | C160: Tappo profilato 120x120 | D160: Bulloneria e minuteria | E160: pz | F160: =IFERROR(VLOOKUP($B160,'SCHEDA BULLONERIA'!$A$40:$D$400,3,FALSE),"") | G160: =IFERROR(VLOOKUP($B160,'SCHEDA BULLONERIA'!$A$40:$D$400,4,FALSE),"") | H160: sensori meteo | I160: 1
A161: 157 | B161: 10BZ10X30 | C161: Bullone testa esagonale M10X30 | D161: Bulloneria e minuteria | E161: pz | F161: =IFERROR(VLOOKUP($B161,'SCHEDA BULLONERIA'!$A$40:$D$400,3,FALSE),"") -> 0.0245 | G161: =IFERROR(VLOOKUP($B161,'SCHEDA BULLONERIA'!$A$40:$D$400,4,FALSE),"") | H161: PILASTRO CUSCINETTO | I161: 1
A162: 158 | B162: 10BZ10X40 | C162: Bullone testa esagonale zn M10X40 | D162: Bulloneria e minuteria | E162: pz | F162: =IFERROR(VLOOKUP($B162,'SCHEDA BULLONERIA'!$A$40:$D$400,3,FALSE),"") -> 0.0305 | G162: =IFERROR(VLOOKUP($B162,'SCHEDA BULLONERIA'!$A$40:$D$400,4,FALSE),"") | H162: PILASTRO MOTORE, PILASTRO CUSCINETTO | I162: 3
A163: 159 | B163: 10BZ16X140 | C163: Bullone testa esagonale M16x140 mezzo filetto | D163: Bulloneria e minuteria | E163: pz | F163: =IFERROR(VLOOKUP($B163,'SCHEDA BULLONERIA'!$A$40:$D$400,3,FALSE),"") -> 0.21 | G163: =IFERROR(VLOOKUP($B163,'SCHEDA BULLONERIA'!$A$40:$D$400,4,FALSE),"") | H163: PILASTRO CUSCINETTO | I163: 1
A164: 160 | B164: 10BZM10X160 | C164: Bullone testa esagonale zn M10X160 | D164: Bulloneria e minuteria | E164: pz | F164: =IFERROR(VLOOKUP($B164,'SCHEDA BULLONERIA'!$A$40:$D$400,3,FALSE),"") -> 0.095 | G164: =IFERROR(VLOOKUP($B164,'SCHEDA BULLONERIA'!$A$40:$D$400,4,FALSE),"") | H164: KIT OMEGA+pannelli | I164: 1
A165: 161 | B165: 10BZM10X30 | C165: Bullone testa esagonale zn M10X30 | D165: Bulloneria e minuteria | E165: pz | F165: =IFERROR(VLOOKUP($B165,'SCHEDA BULLONERIA'!$A$40:$D$400,3,FALSE),"") -> 0.0245 | G165: =IFERROR(VLOOKUP($B165,'SCHEDA BULLONERIA'!$A$40:$D$400,4,FALSE),"") | H165: ASSI DI ROTAZIONE 1303 | I165: 5
A166: 162 | B166: 10BZM10X40 | C166: Bullone testa esagonale M10X40 | D166: Bulloneria e minuteria | E166: pz | F166: =IFERROR(VLOOKUP($B166,'SCHEDA BULLONERIA'!$A$40:$D$400,3,FALSE),"") -> 0.0305 | G166: =IFERROR(VLOOKUP($B166,'SCHEDA BULLONERIA'!$A$40:$D$400,4,FALSE),"") | H166: PILASTRO MOTORE, PILASTRO CUSCINETTO | I166: 3
A167: 163 | B167: 10BZM16X25 | C167: Bullone testa esagonale zn M16X25 | D167: Bulloneria e minuteria | E167: pz | F167: =IFERROR(VLOOKUP($B167,'SCHEDA BULLONERIA'!$A$40:$D$400,3,FALSE),"") -> 0.052 | G167: =IFERROR(VLOOKUP($B167,'SCHEDA BULLONERIA'!$A$40:$D$400,4,FALSE),"") | H167: KIT FINE CORSA | I167: 1
A168: 164 | B168: 10BZM16X60 | C168: Bullone testa esagonale M16X60 | D168: Bulloneria e minuteria | E168: pz | F168: =IFERROR(VLOOKUP($B168,'SCHEDA BULLONERIA'!$A$40:$D$400,3,FALSE),"") -> 0.11 | G168: =IFERROR(VLOOKUP($B168,'SCHEDA BULLONERIA'!$A$40:$D$400,4,FALSE),"") | H168: PILASTRO MOTORE | I168: 1
A169: 165 | B169: 10BZM5X20 | C169: Bullone testa esagonale zn M5x20 | D169: Bulloneria e minuteria | E169: pz | F169: =IFERROR(VLOOKUP($B169,'SCHEDA BULLONERIA'!$A$40:$D$400,3,FALSE),"") -> 0.0031 | G169: =IFERROR(VLOOKUP($B169,'SCHEDA BULLONERIA'!$A$40:$D$400,4,FALSE),"") | H169: sensori meteo | I169: 3
A170: 166 | B170: 10BZM5X30 | C170: Bullone testa esagonale zn M5x30 | D170: Bulloneria e minuteria | E170: pz | F170: =IFERROR(VLOOKUP($B170,'SCHEDA BULLONERIA'!$A$40:$D$400,3,FALSE),"") -> 0.0042 | G170: =IFERROR(VLOOKUP($B170,'SCHEDA BULLONERIA'!$A$40:$D$400,4,FALSE),"") | H170: KIT FINE CORSA | I170: 1
A171: 167 | B171: 10BZM6X150 | C171: Bullone testa esagonale zn M6X150 | D171: Bulloneria e minuteria | E171: pz | F171: =IFERROR(VLOOKUP($B171,'SCHEDA BULLONERIA'!$A$40:$D$400,3,FALSE),"") -> 0.026 | G171: =IFERROR(VLOOKUP($B171,'SCHEDA BULLONERIA'!$A$40:$D$400,4,FALSE),"") | H171: KIT OMEGA+pannelli | I171: 1
... A190: 186 | B190: M5X30 8.8 ISO1207 | C190: Bullone testa esagonale con intaglio M5x30 | D190: Bulloneria e minuteria | E190: pz | F190: =IFERROR(VLOOKUP($B190,'SCHEDA BULLONERIA'!$A$40:$D$400,3,FALSE),"") -> 0.0042 | G190: =IFERROR(VLOOKUP($B190,'SCHEDA BULLONERIA'!$A$40:$D$400,4,FALSE),"") | H190: KIT INCLINOMETRO | I190: 1
A191: 187 | B191: CHSD7-60-S112-24.15.300-L1.2 | C191: Motoriduttore | D191: Motorizzazione | E191: pz | F191: =IF(ISNUMBER(VLOOKUP($B191,'SCHEDA ELETTROMECCANICA'!$A$5:$D$400,3,FALSE)),VLOOKUP($B191,'SCHEDA ELETTROMECCANICA'!$A$5:$D$400,3,FALSE),"") -> 50 | G191: =IF(ISNUMBER(VLOOKUP($B191,'SCHEDA ELETTROMECCANICA'!$A$5:$D$400,4,FALSE)),VLOOKUP($B191,'SCHEDA ELETTROMECCANICA'!$A$5:$D$400,4,FALSE),"") -> 300 | H191: PILASTRO MOTORE | I191: 1
A192: 188 | B192: ESQM_2_0_120_1 | C192: Cuscinetto asse di rotazione | D192: Cuscinetti | E192: pz | F192: =IF(ISNUMBER(VLOOKUP($B192,'SCHEDA ELETTROMECCANICA'!$A$5:$D$400,3,FALSE)),VLOOKUP($B192,'SCHEDA ELETTROMECCANICA'!$A$5:$D$400,3,FALSE),"") -> 2 | G192: =IF(ISNUMBER(VLOOKUP($B192,'SCHEDA ELETTROMECCANICA'!$A$5:$D$400,4,FALSE)),VLOOKUP($B192,'SCHEDA ELETTROMECCANICA'!$A$5:$D$400,4,FALSE),"") -> 13 | H192: PILASTRO CUSCINETTO | I192: 1
A193: 189 | B193: 15T-JUNCTBOXIP65 | C193: Box centralina meteo | D193: Quadristica ed elettrico | E193: pz | F193: =IF(ISNUMBER(VLOOKUP($B193,'SCHEDA ELETTROMECCANICA'!$A$5:$D$400,3,FALSE)),VLOOKUP($B193,'SCHEDA ELETTROMECCANICA'!$A$5:$D$400,3,FALSE),"") | G193: =IF(ISNUMBER(VLOOKUP($B193,'SCHEDA ELETTROMECCANICA'!$A$5:$D$400,4,FALSE)),VLOOKUP($B193,'SCHEDA ELETTROMECCANICA'!$A$5:$D$400,4,FALSE),"") | H193: kit quadri centralina meteo | I193: 1
...

Sheet DISTINTA COMPLETA
A1: Assieme / Kit | B1: Sezione | C1: Pos. | D1: Codice | E1: Descrizione | F1: Categoria | G1: Q.tà | H1: Q.tà 12 mod | I1: Q.tà 18 mod | J1: Q.tà 20 mod | K1: Q.tà 22 mod | L1: Q.tà 36 mod | M1: Q.tà 40 mod | N1: Già caricato altrove | O1: U.M. | P1: Peso elemento (kg) | Q1: Prezzo unitario € | R1: Importo €
A2: PILASTRO MOTORE | C2: 1 | D2: TTS.PF.001.IPE140.30 | E2: Pilastro fondazione trave IPE140 mt.3,00 | F2: Carpenteria metallica | G2: 1 | O2: pz | Q2: =IFERROR(VLOOKUP($D2,LISTINO!$B:$I,6,FALSE),IFERROR(VLOOKUP($E2,LISTINO!$C:$I,5,FALSE),"")) -> 0 | R2: =IF(AND(ISNUMBER(G2),ISNUMBER(Q2)),G2*Q2,"") -> 0
A3: PILASTRO MOTORE | C3: 1 | D3: TTS.PF.001.IPEA140.30 | E3: Pilastro fondazione trave IPEA140 mt.3,00 (alleggerita) | F3: Carpenteria metallica | G3: 0 | O3: pz | Q3: =IFERROR(VLOOKUP($D3,LISTINO!$B:$I,6,FALSE),IFERROR(VLOOKUP($E3,LISTINO!$C:$I,5,FALSE),"")) -> 0 | R3: =IF(AND(ISNUMBER(G3),ISNUMBER(Q3)),G3*Q3,"") -> 0
A4: PILASTRO MOTORE | C4: 1 | D4: TTS.PF.001.IPE140.26 | E4: Pilastro fondazione trave IPE140 mt.2,60 | F4: Carpenteria metallica | G4: 0 | O4: pz | Q4: =IFERROR(VLOOKUP($D4,LISTINO!$B:$I,6,FALSE),IFERROR(VLOOKUP($E4,LISTINO!$C:$I,5,FALSE),"")) -> 0 | R4: =IF(AND(ISNUMBER(G4),ISNUMBER(Q4)),G4*Q4,"") -> 0
A5: PILASTRO MOTORE | C5: 1 | D5: TTS.PF.001.IPEA140.26 | E5: Pilastro fondazione trave IPEA140 mt.2,60 (alleggerita) | F5: Carpenteria metallica | G5: 0 | O5: pz | Q5: =IFERROR(VLOOKUP($D5,LISTINO!$B:$I,6,FALSE),IFERROR(VLOOKUP($E5,LISTINO!$C:$I,5,FALSE),"")) -> 0 | R5: =IF(AND(ISNUMBER(G5),ISNUMBER(Q5)),G5*Q5,"") -> 0
A6: PILASTRO MOTORE | C6: 1 | D6: TTS.PF.001.IPE140.27 | E6: Pilastro fondazione trave IPE140 mt.2,70 | F6: Carpenteria metallica | G6: 0 | O6: pz | Q6: =IFERROR(VLOOKUP($D6,LISTINO!$B:$I,6,FALSE),IFERROR(VLOOKUP($E6,LISTINO!$C:$I,5,FALSE),"")) -> 0 | R6: =IF(AND(ISNUMBER(G6),ISNUMBER(Q6)),G6*Q6,"") -> 0
A7: PILASTRO MOTORE | C7: 1 | D7: TTS.PF.001.IPEA140.27 | E7: Pilastro fondazione trave IPEA140 mt.2,70 (alleggerita) | F7: Carpenteria metallica | G7: 0 | O7: pz | Q7: =IFERROR(VLOOKUP($D7,LISTINO!$B:$I,6,FALSE),IFERROR(VLOOKUP($E7,LISTINO!$C:$I,5,FALSE),"")) -> 0 | R7: =IF(AND(ISNUMBER(G7),ISNUMBER(Q7)),G7*Q7,"") -> 0
A8: PILASTRO MOTORE | C8: 1 | D8: TTS.PF.001.IPE140.28 | E8: Pilastro fondazione trave IPE140 mt.2,80 | F8: Carpenteria metallica | G8: 0 | O8: pz | Q8: =IFERROR(VLOOKUP($D8,LISTINO!$B:$I,6,FALSE),IFERROR(VLOOKUP($E8,LISTINO!$C:$I,5,FALSE),"")) -> 0 | R8: =IF(AND(ISNUMBER(G8),ISNUMBER(Q8)),G8*Q8,"") -> 0
A9: PILASTRO MOTORE | C9: 1 | D9: TTS.PF.001.IPEA140.28 | E9: Pilastro fondazione trave IPEA140 mt.2,80 (alleggerita) | F9: Carpenteria metallica | G9: 0 | O9: pz | Q9: =IFERROR(VLOOKUP($D9,LISTINO!$B:$I,6,FALSE),IFERROR(VLOOKUP($E9,LISTINO!$C:$I,5,FALSE),"")) -> 0 | R9: =IF(AND(ISNUMBER(G9),ISNUMBER(Q9)),G9*Q9,"") -> 0
A10: PILASTRO MOTORE | C10: 1 | D10: TTS.PF.001.IPE140.29 | E10: Pilastro fondazione trave IPE140 mt.2,90 | F10: Carpenteria metallica | G10: 0 | O10: pz | Q10: =IFERROR(VLOOKUP($D10,LISTINO!$B:$I,6,FALSE),IFERROR(VLOOKUP($E10,LISTINO!$C:$I,5,FALSE),"")) -> 0 | R10: =IF(AND(ISNUMBER(G10),ISNUMBER(Q10)),G10*Q10,"") -> 0
A11: PILASTRO MOTORE | C11: 1 | D11: TTS.PF.001.IPEA140.29 | E11: Pilastro fondazione trave IPEA140 mt.2,90 (alleggerita) | F11: Carpenteria metallica | G11: 0 | O11: pz | Q11: =IFERROR(VLOOKUP($D11,LISTINO!$B:$I,6,FALSE),IFERROR(VLOOKUP($E11,LISTINO!$C:$I,5,FALSE),"")) -> 0 | R11: =IF(AND(ISNUMBER(G11),ISNUMBER(Q11)),G11*Q11,"") -> 0
A12: PILASTRO MOTORE | C12: 1 | D12: TTS.PF.001.IPE140.31 | E12: Pilastro fondazione trave IPE140 mt.3,10 | F12: Carpenteria metallica | G12: 0 | O12: pz | Q12: =IFERROR(VLOOKUP($D12,LISTINO!$B:$I,6,FALSE),IFERROR(VLOOKUP($E12,LISTINO!$C:$I,5,FALSE),"")) -> 0 | R12: =IF(AND(ISNUMBER(G12),ISNUMBER(Q12)),G12*Q12,"") -> 0
A13: PILASTRO MOTORE | C13: 1 | D13: TTS.PF.001.IPEA140.31 | E13: Pilastro fondazione trave IPEA140 mt.3,10 (alleggerita) | F13: Carpenteria metallica | G13: 0 | O13: pz | Q13: =IFERROR(VLOOKUP($D13,LISTINO!$B:$I,6,FALSE),IFERROR(VLOOKUP($E13,LISTINO!$C:$I,5,FALSE),"")) -> 0 | R13: =IF(AND(ISNUMBER(G13),ISNUMBER(Q13)),G13*Q13,"") -> 0
... A82: PILASTRO MOTORE | C82: 6 | D82: 10DAZAM16 | E82: Dado autobloccante M16 | F82: Bulloneria e minuteria | G82: 4 | O82: pz | Q82: =IFERROR(VLOOKUP($D82,LISTINO!$B:$I,6,FALSE),IFERROR(VLOOKUP($E82,LISTINO!$C:$I,5,FALSE),"")) | R82: =IF(AND(ISNUMBER(G82),ISNUMBER(Q82)),G82*Q82,"")
A83: PILASTRO CUSCINETTO | C83: 1 | D83: TTS.PF.001.IPE140.30 | E83: Pilastro fondazione trave IPE140 mt3,00 | F83: Carpenteria metallica | G83: 1 | H83: 2 | I83: 4 | J83: 4 | K83: 4 | L83: 8 | M83: 10 | O83: pz | Q83: =IFERROR(VLOOKUP($D83,LISTINO!$B:$I,6,FALSE),IFERROR(VLOOKUP($E83,LISTINO!$C:$I,5,FALSE),"")) -> 0 | R83: =IF(AND(ISNUMBER(G83),ISNUMBER(Q83)),G83*Q83,"") -> 0
A84: PILASTRO CUSCINETTO | C84: 2 | D84: TTS.PC.001.IPE140.23 | E84: Pilastro cuscinetto trave IPE 140 mt.2,30 | F84: Carpenteria metallica | G84: 1 | H84: 2 | I84: 4 | J84: 4 | K84: 4 | L84: 8 | M84: 10 | O84: pz | Q84: =IFERROR(VLOOKUP($D84,LISTINO!$B:$I,6,FALSE),IFERROR(VLOOKUP($E84,LISTINO!$C:$I,5,FALSE),"")) -> 0 | R84: =IF(AND(ISNUMBER(G84),ISNUMBER(Q84)),G84*Q84,"") -> 0
A85: PILASTRO CUSCINETTO | C85: 2 | D85: TTS.PC.001.IPEA140.23 | E85: Pilastro cuscinetto trave IPEA 140 mt.2,30 (alleggerita) | F85: Carpenteria metallica | G85: 0 | O85: pz | Q85: =IFERROR(VLOOKUP($D85,LISTINO!$B:$I,6,FALSE),IFERROR(VLOOKUP($E85,LISTINO!$C:$I,5,FALSE),"")) -> 0 | R85: =IF(AND(ISNUMBER(G85),ISNUMBER(Q85)),G85*Q85,"") -> 0
A86: PILASTRO CUSCINETTO | C86: 2 | D86: TTS.PC.001.IPE140.28 | E86: Pilastro cuscinetto trave IPE 140 mt.2,80 | F86: Carpenteria metallica | G86: 0 | O86: pz | Q86: =IFERROR(VLOOKUP($D86,LISTINO!$B:$I,6,FALSE),IFERROR(VLOOKUP($E86,LISTINO!$C:$I,5,FALSE),"")) -> 0 | R86: =IF(AND(ISNUMBER(G86),ISNUMBER(Q86)),G86*Q86,"") -> 0
A87: PILASTRO CUSCINETTO | C87: 2 | D87: TTS.PC.001.IPEA140.28 | E87: Pilastro cuscinetto trave IPEA 140 mt.2,80 (alleggerita) | F87: Carpenteria metallica | G87: 0 | O87: pz | Q87: =IFERROR(VLOOKUP($D87,LISTINO!$B:$I,6,FALSE),IFERROR(VLOOKUP($E87,LISTINO!$C:$I,5,FALSE),"")) -> 0 | R87: =IF(AND(ISNUMBER(G87),ISNUMBER(Q87)),G87*Q87,"") -> 0
A88: PILASTRO CUSCINETTO | C88: 2 | D88: TTS.PC.001.IPE140.29 | E88: Pilastro cuscinetto trave IPE 140 mt.2,90 | F88: Carpenteria metallica | G88: 0 | O88: pz | Q88: =IFERROR(VLOOKUP($D88,LISTINO!$B:$I,6,FALSE),IFERROR(VLOOKUP($E88,LISTINO!$C:$I,5,FALSE),"")) -> 0 | R88: =IF(AND(ISNUMBER(G88),ISNUMBER(Q88)),G88*Q88,"") -> 0
A89: PILASTRO CUSCINETTO | C89: 2 | D89: TTS.PC.001.IPEA140.29 | E89: Pilastro cuscinetto trave IPEA 140 mt.2,90 (alleggerita) | F89: Carpenteria metallica | G89: 0 | O89: pz | Q89: =IFERROR(VLOOKUP($D89,LISTINO!$B:$I,6,FALSE),IFERROR(VLOOKUP($E89,LISTINO!$C:$I,5,FALSE),"")) -> 0 | R89: =IF(AND(ISNUMBER(G89),ISNUMBER(Q89)),G89*Q89,"") -> 0
A90: PILASTRO CUSCINETTO | C90: 2 | D90: TTS.PC.001.IPE140.30 | E90: Pilastro cuscinetto trave IPE 140 mt.3,00 | F90: Carpenteria metallica | G90: 0 | O90: pz | Q90: =IFERROR(VLOOKUP($D90,LISTINO!$B:$I,6,FALSE),IFERROR(VLOOKUP($E90,LISTINO!$C:$I,5,FALSE),"")) -> 0 | R90: =IF(AND(ISNUMBER(G90),ISNUMBER(Q90)),G90*Q90,"") -> 0
A91: PILASTRO CUSCINETTO | C91: 2 | D91: TTS.PC.001.IPEA140.30 | E91: Pilastro cuscinetto trave IPEA 140 mt.3,00 (alleggerita) | F91: Carpenteria metallica | G91: 0 | O91: pz | Q91: =IFERROR(VLOOKUP($D91,LISTINO!$B:$I,6,FALSE),IFERROR(VLOOKUP($E91,LISTINO!$C:$I,5,FALSE),"")) -> 0 | R91: =IF(AND(ISNUMBER(G91),ISNUMBER(Q91)),G91*Q91,"") -> 0
A92: PILASTRO CUSCINETTO | C92: 2 | D92: TTS.PC.001.IPE140.31 | E92: Pilastro cuscinetto trave IPE 140 mt.3,10 | F92: Carpenteria metallica | G92: 0 | O92: pz | Q92: =IFERROR(VLOOKUP($D92,LISTINO!$B:$I,6,FALSE),IFERROR(VLOOKUP($E92,LISTINO!$C:$I,5,FALSE),"")) -> 0 | R92: =IF(AND(ISNUMBER(G92),ISNUMBER(Q92)),G92*Q92,"") -> 0
A93: PILASTRO CUSCINETTO | C93: 2 | D93: TTS.PC.001.IPEA140.31 | E93: Pilastro cuscinetto trave IPEA 140 mt.3,10 (alleggerita) | F93: Carpenteria metallica | G93: 0 | O93: pz | Q93: =IFERROR(VLOOKUP($D93,LISTINO!$B:$I,6,FALSE),IFERROR(VLOOKUP($E93,LISTINO!$C:$I,5,FALSE),"")) -> 0 | R93: =IF(AND(ISNUMBER(G93),ISNUMBER(Q93)),G93*Q93,"") -> 0
A94: PILASTRO CUSCINETTO | C94: 2 | D94: TTS.PC.001.IPE140.32 | E94: Pilastro cuscinetto trave IPE 140 mt.3,20 | F94: Carpenteria metallica | G94: 0 | O94: pz | Q94: =IFERROR(VLOOKUP($D94,LISTINO!$B:$I,6,FALSE),IFERROR(VLOOKUP($E94,LISTINO!$C:$I,5,FALSE),"")) -> 0 | R94: =IF(AND(ISNUMBER(G94),ISNUMBER(Q94)),G94*Q94,"") -> 0
A95: PILASTRO CUSCINETTO | C95: 2 | D95: TTS.PC.001.IPEA140.32 | E95: Pilastro cuscinetto trave IPEA 140 mt.3,20 (alleggerita) | F95: Carpenteria metallica | G95: 0 | O95: pz | Q95: =IFERROR(VLOOKUP($D95,LISTINO!$B:$I,6,FALSE),IFERROR(VLOOKUP($E95,LISTINO!$C:$I,5,FALSE),"")) -> 0 | R95: =IF(AND(ISNUMBER(G95),ISNUMBER(Q95)),G95*Q95,"") -> 0
A96: PILASTRO CUSCINETTO | C96: 2 | D96: TTS.PC.001.IPE140.33 | E96: Pilastro cuscinetto trave IPE 140 mt.3,30 | F96: Carpenteria metallica | G96: 0 | O96: pz | Q96: =IFERROR(VLOOKUP($D96,LISTINO!$B:$I,6,FALSE),IFERROR(VLOOKUP($E96,LISTINO!$C:$I,5,FALSE),"")) -> 0 | R96: =IF(AND(ISNUMBER(G96),ISNUMBER(Q96)),G96*Q96,"") -> 0
... A121: PILASTRO CUSCINETTO | C121: 2 | D121: TTS.PC.001.IPEA140.45 | E121: Pilastro cuscinetto trave IPEA 140 mt.4,50 (alleggerita) | F121: Carpenteria metallica | G121: 0 | O121: pz | Q121: =IFERROR(VLOOKUP($D121,LISTINO!$B:$I,6,FALSE),IFERROR(VLOOKUP($E121,LISTINO!$C:$I,5,FALSE),"")) -> 0 | R121: =IF(AND(ISNUMBER(G121),ISNUMBER(Q121)),G121*Q121,"") -> 0
A122: PILASTRO CUSCINETTO | C122: 3 | D122: TTS.PF.002.IPE140 | E122: Piastra giunzione montanti centrale 200x100x4 (8 fori Ø 11) | F122: Carpenteria metallica | G122: 2 | H122: 4 | I122: 8 | J122: 8 | K122: 8 | L122: 16 | M122: 20 | O122: pz | Q122: =IFERROR(VLOOKUP($D122,LISTINO!$B:$I,6,FALSE),IFERROR(VLOOKUP($E122,LISTINO!$C:$I,5,FALSE),"")) -> 0 | R122: =IF(AND(ISNUMBER(G122),ISNUMBER(Q122)),G122*Q122,"") -> 0
A123: PILASTRO CUSCINETTO | C123: 4 | D123: 10BZM10X40 | E123: Bullone testa esagonale M10X40 | F123: Bulloneria e minuteria | G123: 8 | H123: 16 | I123: 32 | J123: 32 | K123: 32 | L123: 64 | M123: 80 | O123: pz | Q123: =IFERROR(VLOOKUP($D123,LISTINO!$B:$I,6,FALSE),IFERROR(VLOOKUP($E123,LISTINO!$C:$I,5,FALSE),"")) | R123: =IF(AND(ISNUMBER(G123),ISNUMBER(Q123)),G123*Q123,"")
A124: PILASTRO CUSCINETTO | C124: 5 | D124: 10ROND10 | E124: Rondella zn da 10 | F124: Bulloneria e minuteria | G124: 8 | H124: 16 | I124: 32 | J124: 32 | K124: 32 | L124: 64 | M124: 80 | O124: pz | Q124: =IFERROR(VLOOKUP($D124,LISTINO!$B:$I,6,FALSE),IFERROR(VLOOKUP($E124,LISTINO!$C:$I,5,FALSE),"")) | R124: =IF(AND(ISNUMBER(G124),ISNUMBER(Q124)),G124*Q124,"")
A125: PILASTRO CUSCINETTO | C125: 6 | D125: 10ROND10 | E125: Rondella zn da 10 | F125: Bulloneria e minuteria | G125: 8 | H125: 16 | I125: 32 | J125: 32 | K125: 32 | L125: 64 | M125: 80 | O125: pz | Q125: =IFERROR(VLOOKUP($D125,LISTINO!$B:$I,6,FALSE),IFERROR(VLOOKUP($E125,LISTINO!$C:$I,5,FALSE),"")) | R125: =IF(AND(ISNUMBER(G125),ISNUMBER(Q125)),G125*Q125,"")
A126: PILASTRO CUSCINETTO | C126: 7 | D126: 10DAZAM10 | E126: Dado autobloccante M10 | F126: Bulloneria e minuteria | G126: 8 | H126: 16 | I126: 32 | J126: 32 | K126: 32 | L126: 64 | M126: 80 | O126: pz | Q126: =IFERROR(VLOOKUP($D126,LISTINO!$B:$I,6,FALSE),IFERROR(VLOOKUP($E126,LISTINO!$C:$I,5,FALSE),"")) | R126: =IF(AND(ISNUMBER(G126),ISNUMBER(Q126)),G126*Q126,"")
A127: PILASTRO CUSCINETTO | C127: 1 | D127: TTS.PF.003.IPE140 | E127: Piastra giunzione montanti esterna 240x70x6 (12 fori Ø 11) | F127: Carpenteria metallica | G127: 2 | H127: 4 | I127: 8 | J127: 8 | K127: 8 | L127: 16 | M127: 20 | O127: pz | Q127: =IFERROR(VLOOKUP($D127,LISTINO!$B:$I,6,FALSE),IFERROR(VLOOKUP($E127,LISTINO!$C:$I,5,FALSE),"")) -> 0 | R127: =IF(AND(ISNUMBER(G127),ISNUMBER(Q127)),G127*Q127,"") -> 0
A128: PILASTRO CUSCINETTO | C128: 2 | D128: TTS.PF.004.IPE140 | E128: Piastra giunzione montanti interna 240x25x6 (6 fori Ø 11) | F128: Carpenteria metallica | G128: 4 | H128: 8 | I128: 16 | J128: 16 | K128: 16 | L128: 32 | M128: 40 | O128: pz | Q128: =IFERROR(VLOOKUP($D128,LISTINO!$B:$I,6,FALSE),IFERROR(VLOOKUP($E128,LISTINO!$C:$I,5,FALSE),"")) -> 0 | R128: =IF(AND(ISNUMBER(G128),ISNUMBER(Q128)),G128*Q128,"") -> 0
A129: PILASTRO CUSCINETTO | C129: 3 | D129: 10BZM10X40 | E129: Bullone testa esagonale M10X40 | F129: Bulloneria e minuteria | G129: 24 | H129: 48 | I129: 96 | J129: 96 | K129: 96 | L129: 192 | M129: 240 | O129: pz | Q129: =IFERROR(VLOOKUP($D129,LISTINO!$B:$I,6,FALSE),IFERROR(VLOOKUP($E129,LISTINO!$C:$I,5,FALSE),"")) | R129: =IF(AND(ISNUMBER(G129),ISNUMBER(Q129)),G129*Q129,"")
A130: PILASTRO CUSCINETTO | C130: 4 | D130: 10ROND10 | E130: Rondella zn da 10 | F130: Bulloneria e minuteria | G130: 24 | H130: 48 | I130: 96 | J130: 96 | K130: 96 | L130: 192 | M130: 240 | O130: pz | Q130: =IFERROR(VLOOKUP($D130,LISTINO!$B:$I,6,FALSE),IFERROR(VLOOKUP($E130,LISTINO!$C:$I,5,FALSE),"")) | R130: =IF(AND(ISNUMBER(G130),ISNUMBER(Q130)),G130*Q130,"")
A131: PILASTRO CUSCINETTO | C131: 5 | D131: 10ROND10 | E131: Rondella zn da 10 | F131: Bulloneria e minuteria | G131: 24 | H131: 48 | I131: 96 | J131: 96 | K131: 96 | L131: 192 | M131: 240 | O131: pz | Q131: =IFERROR(VLOOKUP($D131,LISTINO!$B:$I,6,FALSE),IFERROR(VLOOKUP($E131,LISTINO!$C:$I,5,FALSE),"")) | R131: =IF(AND(ISNUMBER(G131),ISNUMBER(Q131)),G131*Q131,"")
A132: PILASTRO CUSCINETTO | C132: 6 | D132: 10DAZAM10 | E132: Dado autobloccante M10 | F132: Bulloneria e minuteria | G132: 24 | H132: 48 | I132: 96 | J132: 96 | K132: 96 | L132: 192 | M132: 240 | O132: pz | Q132: =IFERROR(VLOOKUP($D132,LISTINO!$B:$I,6,FALSE),IFERROR(VLOOKUP($E132,LISTINO!$C:$I,5,FALSE),"")) | R132: =IF(AND(ISNUMBER(G132),ISNUMBER(Q132)),G132*Q132,"")
A133: PILASTRO CUSCINETTO | C133: 2 | D133: TTS.PC.002.IPE140 | E133: Supporto laterale testa cuscinetto | F133: Carpenteria metallica | G133: 2 | H133: 4 | I133: 8 | J133: 8 | K133: 8 | L133: 16 | M133: 20 | O133: pz | Q133: =IFERROR(VLOOKUP($D133,LISTINO!$B:$I,6,FALSE),IFERROR(VLOOKUP($E133,LISTINO!$C:$I,5,FALSE),"")) -> 0 | R133: =IF(AND(ISNUMBER(G133),ISNUMBER(Q133)),G133*Q133,"") -> 0
... A143: PILASTRO CUSCINETTO | C143: 6 | D143: 10DAZAM16 | E143: Dado autobloccante M16 | F143: Bulloneria e minuteria | G143: 2 | H143: 4 | I143: 8 | J143: 8 | K143: 8 | L143: 16 | M143: 20 | O143: pz | Q143: =IFERROR(VLOOKUP($D143,LISTINO!$B:$I,6,FALSE),IFERROR(VLOOKUP($E143,LISTINO!$C:$I,5,FALSE),"")) | R143: =IF(AND(ISNUMBER(G143),ISNUMBER(Q143)),G143*Q143,"")
A144: ASSI DI ROTAZIONE 1303 | B144: 12 MODULI 1303 | D144: TTS.AR.001.8250 | E144: Asse lato motore 120x120x3 mm. lunghezza mt.8,25 | F144: Carpenteria metallica | G144: 2 | O144: pz | Q144: =IFERROR(VLOOKUP($D144,LISTINO!$B:$I,6,FALSE),IFERROR(VLOOKUP($E144,LISTINO!$C:$I,5,FALSE),"")) -> 0 | R144: =IF(AND(ISNUMBER(G144),ISNUMBER(Q144)),G144*Q144,"") -> 0
A145: ASSI DI ROTAZIONE 1303 | B145: 12 MODULI 1303 | D145: TTS.AR.001.8250.25 | E145: Asse lato motore 120x120x2,5 mm. lunghezza mt.8,25 | F145: Carpenteria metallica | G145: 0 | O145: pz | Q145: =IFERROR(VLOOKUP($D145,LISTINO!$B:$I,6,FALSE),IFERROR(VLOOKUP($E145,LISTINO!$C:$I,5,FALSE),"")) -> 0 | R145: =IF(AND(ISNUMBER(G145),ISNUMBER(Q145)),G145*Q145,"") -> 0
A146: ASSI DI ROTAZIONE 1303 | B146: 18 MODULI 1303 | D146: TTS.AR.001.7200 | E146: Asse lato motore 120x120x3 mm. lunghezza mt.7,20 | F146: Carpenteria metallica | G146: 2 | O146: pz | Q146: =IFERROR(VLOOKUP($D146,LISTINO!$B:$I,6,FALSE),IFERROR(VLOOKUP($E146,LISTINO!$C:$I,5,FALSE),"")) -> 0 | R146: =IF(AND(ISNUMBER(G146),ISNUMBER(Q146)),G146*Q146,"") -> 0
A147: ASSI DI ROTAZIONE 1303 | B147: 18 MODULI 1303 | D147: TTS.AR.001.7200.25 | E147: Asse lato motore 120x120x2,5 mm. lunghezza mt.7,20 | F147: Carpenteria metallica | G147: 0 | O147: pz | Q147: =IFERROR(VLOOKUP($D147,LISTINO!$B:$I,6,FALSE),IFERROR(VLOOKUP($E147,LISTINO!$C:$I,5,FALSE),"")) -> 0 | R147: =IF(AND(ISNUMBER(G147),ISNUMBER(Q147)),G147*Q147,"") -> 0
A148: ASSI DI ROTAZIONE 1303 | B148: 18 MODULI 1303 | D148: TTS.AR.002.5000 | E148: Asse esterno 120x120x3 mm. lunghezza mt.5,00 | F148: Carpenteria metallica | G148: 2 | O148: pz | Q148: =IFERROR(VLOOKUP($D148,LISTINO!$B:$I,6,FALSE),IFERROR(VLOOKUP($E148,LISTINO!$C:$I,5,FALSE),"")) -> 0 | R148: =IF(AND(ISNUMBER(G148),ISNUMBER(Q148)),G148*Q148,"") -> 0
A149: ASSI DI ROTAZIONE 1303 | B149: 18 MODULI 1303 | D149: TTS.AR.002.5000.25 | E149: Asse esterno 120x120x2,5 mm. lunghezza mt.5,00 | F149: Carpenteria metallica | G149: 0 | O149: pz | Q149: =IFERROR(VLOOKUP($D149,LISTINO!$B:$I,6,FALSE),IFERROR(VLOOKUP($E149,LISTINO!$C:$I,5,FALSE),"")) -> 0 | R149: =IF(AND(ISNUMBER(G149),ISNUMBER(Q149)),G149*Q149,"") -> 0
A150: ASSI DI ROTAZIONE 1303 | B150: 18 MODULI 1303 | C150: 1 | D150: TTS.AR.2011 | E150: Gaffa giunzione asse | F150: Carpenteria metallica | G150: 2 | I150: 4 | O150: pz | Q150: =IFERROR(VLOOKUP($D150,LISTINO!$B:$I,6,FALSE),IFERROR(VLOOKUP($E150,LISTINO!$C:$I,5,FALSE),"")) -> 0 | R150: =IF(AND(ISNUMBER(G150),ISNUMBER(Q150)),G150*Q150,"") -> 0
A151: ASSI DI ROTAZIONE 1303 | B151: 18 MODULI 1303 | C151: 2 | D151: 10BZM8X150 | E151: Bullone testa esagonale zn M8X150 | F151: Bulloneria e minuteria | G151: 2 | I151: 4 | O151: pz | Q151: =IFERROR(VLOOKUP($D151,LISTINO!$B:$I,6,FALSE),IFERROR(VLOOKUP($E151,LISTINO!$C:$I,5,FALSE),"")) | R151: =IF(AND(ISNUMBER(G151),ISNUMBER(Q151)),G151*Q151,"")
A152: ASSI DI ROTAZIONE 1303 | B152: 18 MODULI 1303 | C152: 3 | D152: 10ROND8 | E152: Rondella zn 8 | F152: Bulloneria e minuteria | G152: 2 | I152: 4 | O152: pz | Q152: =IFERROR(VLOOKUP($D152,LISTINO!$B:$I,6,FALSE),IFERROR(VLOOKUP($E152,LISTINO!$C:$I,5,FALSE),"")) | R152: =IF(AND(ISNUMBER(G152),ISNUMBER(Q152)),G152*Q152,"")
A153: ASSI DI ROTAZIONE 1303 | B153: 18 MODULI 1303 | C153: 4 | D153: 10ROND8 | E153: Rondella zn 8 | F153: Bulloneria e minuteria | G153: 2 | I153: 4 | O153: pz | Q153: =IFERROR(VLOOKUP($D153,LISTINO!$B:$I,6,FALSE),IFERROR(VLOOKUP($E153,LISTINO!$C:$I,5,FALSE),"")) | R153: =IF(AND(ISNUMBER(G153),ISNUMBER(Q153)),G153*Q153,"")
A154: ASSI DI ROTAZIONE 1303 | B154: 18 MODULI 1303 | C154: 5 | D154: 10DAZAM8 | E154: Dado autobloccante M8 | F154: Bulloneria e minuteria | G154: 2 | I154: 4 | O154: pz | Q154: =IFERROR(VLOOKUP($D154,LISTINO!$B:$I,6,FALSE),IFERROR(VLOOKUP($E154,LISTINO!$C:$I,5,FALSE),"")) | R154: =IF(AND(ISNUMBER(G154),ISNUMBER(Q154)),G154*Q154,"")
A155: ASSI DI ROTAZIONE 1303 | B155: 18 MODULI 1303 | C155: 6 | D155: 10BZM10X30 | E155: Bullone testa esagonale zn M10X30 | F155: Bulloneria e minuteria | G155: 8 | I155: 16 | O155: pz | Q155: =IFERROR(VLOOKUP($D155,LISTINO!$B:$I,6,FALSE),IFERROR(VLOOKUP($E155,LISTINO!$C:$I,5,FALSE),"")) | R155: =IF(AND(ISNUMBER(G155),ISNUMBER(Q155)),G155*Q155,"")
A156: ASSI DI ROTAZIONE 1303 | B156: 18 MODULI 1303 | C156: 7 | D156: 10ROND10 | E156: Rondella zn 10 | F156: Bulloneria e minuteria | G156: 8 | I156: 16 | O156: pz | Q156: =IFERROR(VLOOKUP($D156,LISTINO!$B:$I,6,FALSE),IFERROR(VLOOKUP($E156,LISTINO!$C:$I,5,FALSE),"")) | R156: =IF(AND(ISNUMBER(G156),ISNUMBER(Q156)),G156*Q156,"")
A157: ASSI DI ROTAZIONE 1303 | B157: 18 MODULI 1303 | C157: 8 | D157: 10ROND10 | E157: Rondella zn 10 | F157: Bulloneria e minuteria | G157: 8 | I157: 16 | O157: pz | Q157: =IFERROR(VLOOKUP($D157,LISTINO!$B:$I,6,FALSE),IFERROR(VLOOKUP($E157,LISTINO!$C:$I,5,FALSE),"")) | R157: =IF(AND(ISNUMBER(G157),ISNUMBER(Q157)),G157*Q157,"")
A158: ASSI DI ROTAZIONE 1303 | B158: 18 MODULI 1303 | C158: 9 | D158: 10DAZAM10 | E158: Dado autobloccante M10 | F158: Bulloneria e minuteria | G158: 8 | I158: 16 | O158: pz | Q158: =IFERROR(VLOOKUP($D158,LISTINO!$B:$I,6,FALSE),IFERROR(VLOOKUP($E158,LISTINO!$C:$I,5,FALSE),"")) | R158: =IF(AND(ISNUMBER(G158),ISNUMBER(Q158)),G158*Q158,"")
A159: ASSI DI ROTAZIONE 1303 | B159: 20 MODULI 1303 | D159: TTS.AR.001.7200 | E159: Asse lato motore 120x120x3 mm. lunghezza mt.7,20 | F159: Carpenteria metallica | G159: 2 | O159: pz | Q159: =IFERROR(VLOOKUP($D159,LISTINO!$B:$I,6,FALSE),IFERROR(VLOOKUP($E159,LISTINO!$C:$I,5,FALSE),"")) -> 0 | R159: =IF(AND(ISNUMBER(G159),ISNUMBER(Q159)),G159*Q159,"") -> 0
A160: ASSI DI ROTAZIONE 1303 | B160: 20 MODULI 1303 | D160: TTS.AR.002.6300 | E160: Asse esterno 120x120x3 mm. lunghezza mt.6,30 | F160: Carpenteria metallica | G160: 2 | O160: pz | Q160: =IFERROR(VLOOKUP($D160,LISTINO!$B:$I,6,FALSE),IFERROR(VLOOKUP($E160,LISTINO!$C:$I,5,FALSE),"")) -> 0 | R160: =IF(AND(ISNUMBER(G160),ISNUMBER(Q160)),G160*Q160,"") -> 0
A161: ASSI DI ROTAZIONE 1303 | B161: 20 MODULI 1303 | D161: TTS.AR.002.6300.25 | E161: Asse esterno 120x120x2,5 mm. lunghezza mt.6,30 | F161: Carpenteria metallica | G161: 0 | O161: pz | Q161: =IFERROR(VLOOKUP($D161,LISTINO!$B:$I,6,FALSE),IFERROR(VLOOKUP($E161,LISTINO!$C:$I,5,FALSE),"")) -> 0 | R161: =IF(AND(ISNUMBER(G161),ISNUMBER(Q161)),G161*Q161,"") -> 0
A162: ASSI DI ROTAZIONE 1303 | B162: 20 MODULI 1303 | C162: 1 | D162: TTS.AR.2011 | E162: Gaffa giunzione asse | F162: Carpenteria metallica | G162: 2 | J162: 4 | O162: pz | Q162: =IFERROR(VLOOKUP($D162,LISTINO!$B:$I,6,FALSE),IFERROR(VLOOKUP($E162,LISTINO!$C:$I,5,FALSE),"")) -> 0 | R162: =IF(AND(ISNUMBER(G162),ISNUMBER(Q162)),G162*Q162,"") -> 0
A163: ASSI DI ROTAZIONE 1303 | B163: 20 MODULI 1303 | C163: 2 | D163: 10BZM8X150 | E163: Bullone testa esagonale zn M8X150 | F163: Bulloneria e minuteria | G163: 2 | J163: 4 | O163: pz | Q163: =IFERROR(VLOOKUP($D163,LISTINO!$B:$I,6,FALSE),IFERROR(VLOOKUP($E163,LISTINO!$C:$I,5,FALSE),"")) | R163: =IF(AND(ISNUMBER(G163),ISNUMBER(Q163)),G163*Q163,"")
A164: ASSI DI ROTAZIONE 1303 | B164: 20 MODULI 1303 | C164: 3 | D164: 10ROND8 | E164: Rondella zn 8 | F164: Bulloneria e minuteria | G164: 2 | J164: 4 | O164: pz | Q164: =IFERROR(VLOOKUP($D164,LISTINO!$B:$I,6,FALSE),IFERROR(VLOOKUP($E164,LISTINO!$C:$I,5,FALSE),"")) | R164: =IF(AND(ISNUMBER(G164),ISNUMBER(Q164)),G164*Q164,"")
A165: ASSI DI ROTAZIONE 1303 | B165: 20 MODULI 1303 | C165: 4 | D165: 10ROND8 | E165: Rondella zn 8 | F165: Bulloneria e minuteria | G165: 2 | J165: 4 | O165: pz | Q165: =IFERROR(VLOOKUP($D165,LISTINO!$B:$I,6,FALSE),IFERROR(VLOOKUP($E165,LISTINO!$C:$I,5,FALSE),"")) | R165: =IF(AND(ISNUMBER(G165),ISNUMBER(Q165)),G165*Q165,"")
A166: ASSI DI ROTAZIONE 1303 | B166: 20 MODULI 1303 | C166: 5 | D166: 10DAZAM8 | E166: Dado autobloccante M8 | F166: Bulloneria e minuteria | G166: 2 | J166: 4 | O166: pz | Q166: =IFERROR(VLOOKUP($D166,LISTINO!$B:$I,6,FALSE),IFERROR(VLOOKUP($E166,LISTINO!$C:$I,5,FALSE),"")) | R166: =IF(AND(ISNUMBER(G166),ISNUMBER(Q166)),G166*Q166,"")
A167: ASSI DI ROTAZIONE 1303 | B167: 20 MODULI 1303 | C167: 6 | D167: 10BZM10X30 | E167: Bullone testa esagonale zn M10X30 | F167: Bulloneria e minuteria | G167: 8 | J167: 16 | O167: pz | Q167: =IFERROR(VLOOKUP($D167,LISTINO!$B:$I,6,FALSE),IFERROR(VLOOKUP($E167,LISTINO!$C:$I,5,FALSE),"")) | R167: =IF(AND(ISNUMBER(G167),ISNUMBER(Q167)),G167*Q167,"")
A168: ASSI DI ROTAZIONE 1303 | B168: 20 MODULI 1303 | C168: 7 | D168: 10ROND10 | E168: Rondella zn 10 | F168: Bulloneria e minuteria | G168: 8 | J168: 16 | O168: pz | Q168: =IFERROR(VLOOKUP($D168,LISTINO!$B:$I,6,FALSE),IFERROR(VLOOKUP($E168,LISTINO!$C:$I,5,FALSE),"")) | R168: =IF(AND(ISNUMBER(G168),ISNUMBER(Q168)),G168*Q168,"")
A169: ASSI DI ROTAZIONE 1303 | B169: 20 MODULI 1303 | C169: 8 | D169: 10ROND10 | E169: Rondella zn 10 | F169: Bulloneria e minuteria | G169: 8 | J169: 16 | O169: pz | Q169: =IFERROR(VLOOKUP($D169,LISTINO!$B:$I,6,FALSE),IFERROR(VLOOKUP($E169,LISTINO!$C:$I,5,FALSE),"")) | R169: =IF(AND(ISNUMBER(G169),ISNUMBER(Q169)),G169*Q169,"")
A170: ASSI DI ROTAZIONE 1303 | B170: 20 MODULI 1303 | C170: 9 | D170: 10DAZAM10 | E170: Dado autobloccante M10 | F170: Bulloneria e minuteria | G170: 8 | J170: 16 | O170: pz | Q170: =IFERROR(VLOOKUP($D170,LISTINO!$B:$I,6,FALSE),IFERROR(VLOOKUP($E170,LISTINO!$C:$I,5,FALSE),"")) | R170: =IF(AND(ISNUMBER(G170),ISNUMBER(Q170)),G170*Q170,"")
A171: ASSI DI ROTAZIONE 1303 | B171: 22 MODULI 1303 | D171: TTS.AR.001.8700 | E171: Asse lato motore 120x120x3 mm. lunghezza mt.8,70 | F171: Carpenteria metallica | G171: 2 | O171: pz | Q171: =IFERROR(VLOOKUP($D171,LISTINO!$B:$I,6,FALSE),IFERROR(VLOOKUP($E171,LISTINO!$C:$I,5,FALSE),"")) -> 0 | R171: =IF(AND(ISNUMBER(G171),ISNUMBER(Q171)),G171*Q171,"") -> 0
A172: ASSI DI ROTAZIONE 1303 | B172: 22 MODULI 1303 | D172: TTS.AR.001.8700.25 | E172: Asse lato motore 120x120x2,5 mm. lunghezza mt.8,70 | F172: Carpenteria metallica | G172: 0 | O172: pz | Q172: =IFERROR(VLOOKUP($D172,LISTINO!$B:$I,6,FALSE),IFERROR(VLOOKUP($E172,LISTINO!$C:$I,5,FALSE),"")) -> 0 | R172: =IF(AND(ISNUMBER(G172),ISNUMBER(Q172)),G172*Q172,"") -> 0
A173: ASSI DI ROTAZIONE 1303 | B173: 22 MODULI 1303 | D173: TTS.AR.002.6150 | E173: Asse esterno 120x120x3 mm. lunghezza mt.6,15 | F173: Carpenteria metallica | G173: 2 | O173: pz | Q173: =IFERROR(VLOOKUP($D173,LISTINO!$B:$I,6,FALSE),IFERROR(VLOOKUP($E173,LISTINO!$C:$I,5,FALSE),"")) -> 0 | R173: =IF(AND(ISNUMBER(G173),ISNUMBER(Q173)),G173*Q173,"") -> 0
A174: ASSI DI ROTAZIONE 1303 | B174: 22 MODULI 1303 | D174: TTS.AR.002.6150.25 | E174: Asse esterno 120x120x2,5 mm. lunghezza mt.6,15 | F174: Carpenteria metallica | G174: 0 | O174: pz | Q174: =IFERROR(VLOOKUP($D174,LISTINO!$B:$I,6,FALSE),IFERROR(VLOOKUP($E174,LISTINO!$C:$I,5,FALSE),"")) -> 0 | R174: =IF(AND(ISNUMBER(G174),ISNUMBER(Q174)),G174*Q174,"") -> 0
A175: ASSI DI ROTAZIONE 1303 | B175: 22 MODULI 1303 | C175: 1 | D175: TTS.AR.2011 | E175: Gaffa giunzione asse | F175: Carpenteria metallica | G175: 2 | K175: 4 | O175: pz | Q175: =IFERROR(VLOOKUP($D175,LISTINO!$B:$I,6,FALSE),IFERROR(VLOOKUP($E175,LISTINO!$C:$I,5,FALSE),"")) -> 0 | R175: =IF(AND(ISNUMBER(G175),ISNUMBER(Q175)),G175*Q175,"") -> 0
A176: ASSI DI ROTAZIONE 1303 | B176: 22 MODULI 1303 | C176: 2 | D176: 10BZM8X150 | E176: Bullone testa esagonale zn M8X150 | F176: Bulloneria e minuteria | G176: 2 | K176: 4 | O176: pz | Q176: =IFERROR(VLOOKUP($D176,LISTINO!$B:$I,6,FALSE),IFERROR(VLOOKUP($E176,LISTINO!$C:$I,5,FALSE),"")) | R176: =IF(AND(ISNUMBER(G176),ISNUMBER(Q176)),G176*Q176,"")
A177: ASSI DI ROTAZIONE 1303 | B177: 22 MODULI 1303 | C177: 3 | D177: 10ROND8 | E177: Rondella zn 8 | F177: Bulloneria e minuteria | G177: 2 | K177: 4 | O177: pz | Q177: =IFERROR(VLOOKUP($D177,LISTINO!$B:$I,6,FALSE),IFERROR(VLOOKUP($E177,LISTINO!$C:$I,5,FALSE),"")) | R177: =IF(AND(ISNUMBER(G177),ISNUMBER(Q177)),G177*Q177,"")
A178: ASSI DI ROTAZIONE 1303 | B178: 22 MODULI 1303 | C178: 4 | D178: 10ROND8 | E178: Rondella zn 8 | F178: Bulloneria e minuteria | G178: 2 | K178: 4 | O178: pz | Q178: =IFERROR(VLOOKUP($D178,LISTINO!$B:$I,6,FALSE),IFERROR(VLOOKUP($E178,LISTINO!$C:$I,5,FALSE),"")) | R178: =IF(AND(ISNUMBER(G178),ISNUMBER(Q178)),G178*Q178,"")
A179: ASSI DI ROTAZIONE 1303 | B179: 22 MODULI 1303 | C179: 5 | D179: 10DAZAM8 | E179: Dado autobloccante M8 | F179: Bulloneria e minuteria | G179: 2 | K179: 4 | O179: pz | Q179: =IFERROR(VLOOKUP($D179,LISTINO!$B:$I,6,FALSE),IFERROR(VLOOKUP($E179,LISTINO!$C:$I,5,FALSE),"")) | R179: =IF(AND(ISNUMBER(G179),ISNUMBER(Q179)),G179*Q179,"")
A180: ASSI DI ROTAZIONE 1303 | B180: 22 MODULI 1303 | C180: 6 | D180: 10BZM10X30 | E180: Bullone testa esagonale zn M10X30 | F180: Bulloneria e minuteria | G180: 8 | K180: 16 | O180: pz | Q180: =IFERROR(VLOOKUP($D180,LISTINO!$B:$I,6,FALSE),IFERROR(VLOOKUP($E180,LISTINO!$C:$I,5,FALSE),"")) | R180: =IF(AND(ISNUMBER(G180),ISNUMBER(Q180)),G180*Q180,"")
A181: ASSI DI ROTAZIONE 1303 | B181: 22 MODULI 1303 | C181: 7 | D181: 10ROND10 | E181: Rondella zn 10 | F181: Bulloneria e minuteria | G181: 8 | K181: 16 | O181: pz | Q181: =IFERROR(VLOOKUP($D181,LISTINO!$B:$I,6,FALSE),IFERROR(VLOOKUP($E181,LISTINO!$C:$I,5,FALSE),"")) | R181: =IF(AND(ISNUMBER(G181),ISNUMBER(Q181)),G181*Q181,"")
A182: ASSI DI ROTAZIONE 1303 | B182: 22 MODULI 1303 | C182: 8 | D182: 10ROND10 | E182: Rondella zn 10 | F182: Bulloneria e minuteria | G182: 8 | K182: 16 | O182: pz | Q182: =IFERROR(VLOOKUP($D182,LISTINO!$B:$I,6,FALSE),IFERROR(VLOOKUP($E182,LISTINO!$C:$I,5,FALSE),"")) | R182: =IF(AND(ISNUMBER(G182),ISNUMBER(Q182)),G182*Q182,"")
A183: ASSI DI ROTAZIONE 1303 | B183: 22 MODULI 1303 | C183: 9 | D183: 10DAZAM10 | E183: Dado autobloccante M10 | F183: Bulloneria e minuteria | G183: 8 | K183: 16 | O183: pz | Q183: =IFERROR(VLOOKUP($D183,LISTINO!$B:$I,6,FALSE),IFERROR(VLOOKUP($E183,LISTINO!$C:$I,5,FALSE),"")) | R183: =IF(AND(ISNUMBER(G183),ISNUMBER(Q183)),G183*Q183,"")
A184: ASSI DI ROTAZIONE 1303 | B184: 36 MODULI 1303 | D184: TTS.AR.001.8700 | E184: Asse lato motore 120x120x3 mm. lunghezza mt.8,70 | F184: Carpenteria metallica | G184: 2 | O184: pz | Q184: =IFERROR(VLOOKUP($D184,LISTINO!$B:$I,6,FALSE),IFERROR(VLOOKUP($E184,LISTINO!$C:$I,5,FALSE),"")) -> 0 | R184: =IF(AND(ISNUMBER(G184),ISNUMBER(Q184)),G184*Q184,"") -> 0
A185: ASSI DI ROTAZIONE 1303 | B185: 36 MODULI 1303 | D185: TTS.AR.002.6756 | E185: Asse esterno 120x120x3 mm. lunghezza mt.6,756 | F185: Carpenteria metallica | G185: 2 | O185: pz | Q185: =IFERROR(VLOOKUP($D185,LISTINO!$B:$I,6,FALSE),IFERROR(VLOOKUP($E185,LISTINO!$C:$I,5,FALSE),"")) -> 0 | R185: =IF(AND(ISNUMBER(G185),ISNUMBER(Q185)),G185*Q185,"") -> 0
A186: ASSI DI ROTAZIONE 1303 | B186: 36 MODULI 1303 | D186: TTS.AR.002.6756.25 | E186: Asse esterno 120x120x2,5 mm. lunghezza mt.6,756 | F186: Carpenteria metallica | G186: 0 | O186: pz | Q186: =IFERROR(VLOOKUP($D186,LISTINO!$B:$I,6,FALSE),IFERROR(VLOOKUP($E186,LISTINO!$C:$I,5,FALSE),"")) -> 0 | R186: =IF(AND(ISNUMBER(G186),ISNUMBER(Q186)),G186*Q186,"") -> 0
A187: ASSI DI ROTAZIONE 1303 | B187: 36 MODULI 1303 | D187: TTS.AR.002.8645 | E187: Asse esterno 120x120x3 mm. lunghezza mt.8,645 | F187: Carpenteria metallica | G187: 2 | O187: pz | Q187: =IFERROR(VLOOKUP($D187,LISTINO!$B:$I,6,FALSE),IFERROR(VLOOKUP($E187,LISTINO!$C:$I,5,FALSE),"")) -> 0 | R187: =IF(AND(ISNUMBER(G187),ISNUMBER(Q187)),G187*Q187,"") -> 0
A188: ASSI DI ROTAZIONE 1303 | B188: 36 MODULI 1303 | D188: TTS.AR.002.8645.25 | E188: Asse esterno 120x120x2,5 mm. lunghezza mt.8,645 | F188: Carpenteria metallica | G188: 0 | O188: pz | Q188: =IFERROR(VLOOKUP($D188,LISTINO!$B:$I,6,FALSE),IFERROR(VLOOKUP($E188,LISTINO!$C:$I,5,FALSE),"")) -> 0 | R188: =IF(AND(ISNUMBER(G188),ISNUMBER(Q188)),G188*Q188,"") -> 0
A189: ASSI DI ROTAZIONE 1303 | B189: 36 MODULI 1303 | C189: 1 | D189: TTS.AR.2011 | E189: Gaffa giunzione asse | F189: Carpenteria metallica | G189: 2 | L189: 8 | O189: pz | Q189: =IFERROR(VLOOKUP($D189,LISTINO!$B:$I,6,FALSE),IFERROR(VLOOKUP($E189,LISTINO!$C:$I,5,FALSE),"")) -> 0 | R189: =IF(AND(ISNUMBER(G189),ISNUMBER(Q189)),G189*Q189,"") -> 0
A190: ASSI DI ROTAZIONE 1303 | B190: 36 MODULI 1303 | C190: 2 | D190: 10BZM8X150 | E190: Bullone testa esagonale zn M8X150 | F190: Bulloneria e minuteria | G190: 2 | L190: 8 | O190: pz | Q190: =IFERROR(VLOOKUP($D190,LISTINO!$B:$I,6,FALSE),IFERROR(VLOOKUP($E190,LISTINO!$C:$I,5,FALSE),"")) | R190: =IF(AND(ISNUMBER(G190),ISNUMBER(Q190)),G190*Q190,"")
A191: ASSI DI ROTAZIONE 1303 | B191: 36 MODULI 1303 | C191: 3 | D191: 10ROND8 | E191: Rondella zn 8 | F191: Bulloneria e minuteria | G191: 2 | L191: 8 | O191: pz | Q191: =IFERROR(VLOOKUP($D191,LISTINO!$B:$I,6,FALSE),IFERROR(VLOOKUP($E191,LISTINO!$C:$I,5,FALSE),"")) | R191: =IF(AND(ISNUMBER(G191),ISNUMBER(Q191)),G191*Q191,"")
A192: ASSI DI ROTAZIONE 1303 | B192: 36 MODULI 1303 | C192: 4 | D192: 10ROND8 | E192: Rondella zn 8 | F192: Bulloneria e minuteria | G192: 2 | L192: 8 | O192: pz | Q192: =IFERROR(VLOOKUP($D192,LISTINO!$B:$I,6,FALSE),IFERROR(VLOOKUP($E192,LISTINO!$C:$I,5,FALSE),"")) | R192: =IF(AND(ISNUMBER(G192),ISNUMBER(Q192)),G192*Q192,"")
A193: ASSI DI ROTAZIONE 1303 | B193: 36 MODULI 1303 | C193: 5 | D193: 10DAZAM8 | E193: Dado autobloccante M8 | F193: Bulloneria e minuteria | G193: 2 | L193: 8 | O193: pz | Q193: =IFERROR(VLOOKUP($D193,LISTINO!$B:$I,6,FALSE),IFERROR(VLOOKUP($E193,LISTINO!$C:$I,5,FALSE),"")) | R193: =IF(AND(ISNUMBER(G193),ISNUMBER(Q193)),G193*Q193,"")
A194: ASSI DI ROTAZIONE 1303 | B194: 36 MODULI 1303 | C194: 6 | D194: 10BZM10X30 | E194: Bullone testa esagonale zn M10X30 | F194: Bulloneria e minuteria | G194: 8 | L194: 32 | O194: pz | Q194: =IFERROR(VLOOKUP($D194,LISTINO!$B:$I,6,FALSE),IFERROR(VLOOKUP($E194,LISTINO!$C:$I,5,FALSE),"")) | R194: =IF(AND(ISNUMBER(G194),ISNUMBER(Q194)),G194*Q194,"")
A195: ASSI DI ROTAZIONE 1303 | B195: 36 MODULI 1303 | C195: 7 | D195: 10ROND10 | E195: Rondella zn 10 | F195: Bulloneria e minuteria | G195: 8 | L195: 32 | O195: pz | Q195: =IFERROR(VLOOKUP($D195,LISTINO!$B:$I,6,FALSE),IFERROR(VLOOKUP($E195,LISTINO!$C:$I,5,FALSE),"")) | R195: =IF(AND(ISNUMBER(G195),ISNUMBER(Q195)),G195*Q195,"")
A196: ASSI DI ROTAZIONE 1303 | B196: 36 MODULI 1303 | C196: 8 | D196: 10ROND10 | E196: Rondella zn 10 | F196: Bulloneria e minuteria | G196: 8 | L196: 32 | O196: pz | Q196: =IFERROR(VLOOKUP($D196,LISTINO!$B:$I,6,FALSE),IFERROR(VLOOKUP($E196,LISTINO!$C:$I,5,FALSE),"")) | R196: =IF(AND(ISNUMBER(G196),ISNUMBER(Q196)),G196*Q196,"")
A197: ASSI DI ROTAZIONE 1303 | B197: 36 MODULI 1303 | C197: 9 | D197: 10DAZAM10 | E197: Dado autobloccante M10 | F197: Bulloneria e minuteria | G197: 8 | L197: 32 | O197: pz | Q197: =IFERROR(VLOOKUP($D197,LISTINO!$B:$I,6,FALSE),IFERROR(VLOOKUP($E197,LISTINO!$C:$I,5,FALSE),"")) | R197: =IF(AND(ISNUMBER(G197),ISNUMBER(Q197)),G197*Q197,"")
A198: ASSI DI ROTAZIONE 1303 | B198: 40 MODULI 1303 | D198: TTS.AR.001.8700 | E198: Asse lato motore 120x120x3 mm. lunghezza mt.8,70 | F198: Carpenteria metallica | G198: 2 | O198: pz | Q198: =IFERROR(VLOOKUP($D198,LISTINO!$B:$I,6,FALSE),IFERROR(VLOOKUP($E198,LISTINO!$C:$I,5,FALSE),"")) -> 0 | R198: =IF(AND(ISNUMBER(G198),ISNUMBER(Q198)),G198*Q198,"") -> 0
A199: ASSI DI ROTAZIONE 1303 | B199: 40 MODULI 1303 | D199: TTS.AR.002.8250 | E199: Primo asse centrale 120x120x3 mm. lunghezza mt.8,25 | F199: Carpenteria metallica | G199: 2 | O199: pz | Q199: =IFERROR(VLOOKUP($D199,LISTINO!$B:$I,6,FALSE),IFERROR(VLOOKUP($E199,LISTINO!$C:$I,5,FALSE),"")) -> 0 | R199: =IF(AND(ISNUMBER(G199),ISNUMBER(Q199)),G199*Q199,"") -> 0
A200: ASSI DI ROTAZIONE 1303 | B200: 40 MODULI 1303 | D200: TTS.AR.002.8250.25 | E200: Primo asse centrale 120x120x2,5 mm. lunghezza mt.8,25 | F200: Carpenteria metallica | G200: 0 | O200: pz | Q200: =IFERROR(VLOOKUP($D200,LISTINO!$B:$I,6,FALSE),IFERROR(VLOOKUP($E200,LISTINO!$C:$I,5,FALSE),"")) -> 0 | R200: =IF(AND(ISNUMBER(G200),ISNUMBER(Q200)),G200*Q200,"") -> 0
A201: ASSI DI ROTAZIONE 1303 | B201: 40 MODULI 1303 | D201: TTS.AR.003.5000 | E201: Secondo asse centrale 120x120x3 mm. lunghezza mt.5,000 | F201: Carpenteria metallica | G201: 2 | O201: pz | Q201: =IFERROR(VLOOKUP($D201,LISTINO!$B:$I,6,FALSE),IFERROR(VLOOKUP($E201,LISTINO!$C:$I,5,FALSE),"")) -> 0 | R201: =IF(AND(ISNUMBER(G201),ISNUMBER(Q201)),G201*Q201,"") -> 0
...

Sheet RIEPILOGO
A1: RIEPILOGO LISTINO
A3: Componenti unici a listino | B3: 198
A4: Righe di distinta totali (tutti i kit) | B4: 343
A6: Componenti unici per categoria
A7: Carpenteria metallica | B7: 155
A8: Bulloneria e minuteria | B8: 31
A9: Motorizzazione | B9: 1
A10: Cuscinetti | B10: 1
A11: Quadristica ed elettrico | B11: 2
A12: Sensoristica e strumentazione | B12: 6
A13: Moduli fotovoltaici | B13: 2
A15: Legenda
A16: • LISTINO: un record per ogni componente; 'Prezzo unitario' da compilare a cura ufficio acquisti.
A17: • DISTINTA COMPLETA: tutte le righe di tutti i fogli della distinta originale (vista integrale).
A18: • Colonne 'Q.tà NN mod': quantità previste per le sei configurazioni di tracker (dove indicate in origine).
A19: • 'Già caricato altrove' = X: articolo evidenziato in rosso nella distinta originale (non riconteggiare).
A20: • 'Importo €' e 'TOTALE' si calcolano automaticamente dopo aver compilato i prezzi nel foglio LISTINO.
A21: • 'Peso elemento (kg)' (LISTINO e DISTINTA): colonna da compilare a mano, un valore per riga.
A22: • Righe DISTINTA con Q.tà = 0: referenze alternative (varianti di spessore o lunghezza) create al rev.5, poste sotto l'articolo base; impostare la Q.tà quando la variante viene scelta in configurazione.
A23: • Referenze 'IPEA' (codice ...IPEA140...): travi alleggerite, duplicato di ogni pilastro/supporto IPE 140; in DISTINTA sono righe con Q.tà = 0 sotto la versione IPE.
A24: • Foglio 'SCHEDA STRUTTURA': riferimento per la carpenteria strutturale a barra. Blocco 'Profili' = travi IPE/IPEA e assi di rotazione (kg/m); per ogni codice il 'Peso elemento (kg)' = lunghezza × kg/m finale. Costo acquisto (€) = peso al netto × €/kg acquisto; Costo zincatura (€) = peso al netto × (1 + magg. %) × €/kg zincatura, solo se la maggiorazione è presente.
A25: • Foglio 'SCHEDA PEZZI SPECIALI': pezzi 'a pezzo' di carpenteria metallica (piastre di giunzione montanti, supporti testa cuscinetto/riduttore, angolari, omega, pali MAX, aste sensori). Blocco 'Parametri' = una voce per pezzo con Peso pezzo (kg), % zincatura, €/kg acquisto e €/kg zincatura; blocco 'Elenco' = peso e costi calcolati via VLOOKUP. Nel LISTINO il 'Peso elemento' di travi, assi e pezzi speciali arriva da questi due fogli; gli altri pesi restano manuali. Escluso il pezzo senza codice 'Omega alloggiamento kit sensore termometro a contatto' (LISTINO riga 165).
A26: • Foglio 'SCHEDA BULLONERIA': bulloneria e minuteria commerciale (bulloni, dadi autobloccanti, rondelle). Blocco 'Parametri' = Peso unitario (kg) [valori nominali DIN, da confermare] e Costo (€/pz); blocco 'Elenco' = peso e costo via VLOOKUP. Nel LISTINO 'Peso elemento' e 'Prezzo unitario €' dei 31 codici di questa categoria arrivano da qui.
A27: • Foglio 'SCHEDA ELETTROMECCANICA': tabella unica dei materiali elettromeccanici commerciali (motoriduttore, cuscinetto, quadri/box, sensori). Peso unitario (kg) e Costo (€/pz) da compilare a mano; nel LISTINO 'Peso elemento' e 'Prezzo unitario €' di questi codici arrivano da qui.
