Workbook

Sheet SCHEDA STRUTTURA
A1: SCHEDA STRUTTURA — parametri peso e costo di acquisto/zincatura (compilare kg/m, % zincatura, €/kg acquisto e €/kg zincatura)
A2: Per ogni profilo: peso teorico al metro, maggiorazione peso per zincatura (%), costo di acquisto al kg e costo di zincatura al kg. Il peso finale include la maggiorazione. Nell'elenco: Costo acquisto (€) = Peso elemento × €/kg acquisto; Costo zincatura (€) = Peso elemento × magg. zincatura % × €/kg zincatura, solo se la maggiorazione è presente.
A4: Profilo | B4: Peso teorico (kg/m) | C4: Magg. zincatura % | D4: Peso finale (kg/m) | E4: Costo acquisto (€/kg) | F4: Costo zincatura (€/kg)
A5: IPE 140 | D5: =IF(ISNUMBER($B5),$B5*(1+IF(ISNUMBER($C5),$C5,0)),"")
A6: IPEA 140 | D6: =IF(ISNUMBER($B6),$B6*(1+IF(ISNUMBER($C6),$C6,0)),"")
A7: ASSE 120x120x3 | B7: 11.8 | D7: =IF(ISNUMBER($B7),$B7*(1+IF(ISNUMBER($C7),$C7,0)),"")
A8: ASSE 120x120x2,5 | B8: 9.2 | D8: =IF(ISNUMBER($B8),$B8*(1+IF(ISNUMBER($C8),$C8,0)),"")
A12: Codice | B12: Descrizione | C12: Profilo | D12: Lunghezza (m) | E12: Peso elemento (kg) | F12: Costo acquisto (€) | G12: Costo zincatura (€)
A13: TTS.PC.001.IPE140.23 | B13: Pilastro cuscinetto trave IPE 140 mt.2,30 | C13: IPE 140 | D13: 2.3 | E13: =IF(AND(ISNUMBER($D13),ISNUMBER(VLOOKUP($C13,$A$5:$F$11,4,FALSE))),$D13*VLOOKUP($C13,$A$5:$F$11,4,FALSE),"") | F13: =IF(AND(ISNUMBER($E13),ISNUMBER(VLOOKUP($C13,$A$5:$F$11,5,FALSE))),$E13*VLOOKUP($C13,$A$5:$F$11,5,FALSE),"") | G13: =IF(AND(ISNUMBER($E13),ISNUMBER(VLOOKUP($C13,$A$5:$F$11,3,FALSE)),VLOOKUP($C13,$A$5:$F$11,3,FALSE)>0,ISNUMBER(VLOOKUP($C13,$A$5:$F$11,6,FALSE))),$E13*VLOOKUP($C13,$A$5:$F$11,3,FALSE)*VLOOKUP($C13,$A$5:$F$11,6,FALSE),"")
A14: TTS.PC.001.IPE140.23.FI | B14: Pilastro cuscinetto trave ipe140 x mt. 2,30 con foratura alloggiamento inverter | C14: IPE 140 | D14: 2.3 | E14: =IF(AND(ISNUMBER($D14),ISNUMBER(VLOOKUP($C14,$A$5:$F$11,4,FALSE))),$D14*VLOOKUP($C14,$A$5:$F$11,4,FALSE),"") | F14: =IF(AND(ISNUMBER($E14),ISNUMBER(VLOOKUP($C14,$A$5:$F$11,5,FALSE))),$E14*VLOOKUP($C14,$A$5:$F$11,5,FALSE),"") | G14: =IF(AND(ISNUMBER($E14),ISNUMBER(VLOOKUP($C14,$A$5:$F$11,3,FALSE)),VLOOKUP($C14,$A$5:$F$11,3,FALSE)>0,ISNUMBER(VLOOKUP($C14,$A$5:$F$11,6,FALSE))),$E14*VLOOKUP($C14,$A$5:$F$11,3,FALSE)*VLOOKUP($C14,$A$5:$F$11,6,FALSE),"")
A15: TTS.PC.001.IPE140.23.FQA | B15: Pilastro cuscinetto trave ipe140 x mt. 2,30 con foratura alloggiamento quadro area | C15: IPE 140 | D15: 2.3 | E15: =IF(AND(ISNUMBER($D15),ISNUMBER(VLOOKUP($C15,$A$5:$F$11,4,FALSE))),$D15*VLOOKUP($C15,$A$5:$F$11,4,FALSE),"") | F15: =IF(AND(ISNUMBER($E15),ISNUMBER(VLOOKUP($C15,$A$5:$F$11,5,FALSE))),$E15*VLOOKUP($C15,$A$5:$F$11,5,FALSE),"") | G15: =IF(AND(ISNUMBER($E15),ISNUMBER(VLOOKUP($C15,$A$5:$F$11,3,FALSE)),VLOOKUP($C15,$A$5:$F$11,3,FALSE)>0,ISNUMBER(VLOOKUP($C15,$A$5:$F$11,6,FALSE))),$E15*VLOOKUP($C15,$A$5:$F$11,3,FALSE)*VLOOKUP($C15,$A$5:$F$11,6,FALSE),"")
A16: TTS.PC.001.IPE140.28 | B16: Pilastro cuscinetto trave IPE 140 mt.2,80 | C16: IPE 140 | D16: 2.8 | E16: =IF(AND(ISNUMBER($D16),ISNUMBER(VLOOKUP($C16,$A$5:$F$11,4,FALSE))),$D16*VLOOKUP($C16,$A$5:$F$11,4,FALSE),"") | F16: =IF(AND(ISNUMBER($E16),ISNUMBER(VLOOKUP($C16,$A$5:$F$11,5,FALSE))),$E16*VLOOKUP($C16,$A$5:$F$11,5,FALSE),"") | G16: =IF(AND(ISNUMBER($E16),ISNUMBER(VLOOKUP($C16,$A$5:$F$11,3,FALSE)),VLOOKUP($C16,$A$5:$F$11,3,FALSE)>0,ISNUMBER(VLOOKUP($C16,$A$5:$F$11,6,FALSE))),$E16*VLOOKUP($C16,$A$5:$F$11,3,FALSE)*VLOOKUP($C16,$A$5:$F$11,6,FALSE),"")
A17: TTS.PC.001.IPE140.29 | B17: Pilastro cuscinetto trave IPE 140 mt.2,90 | C17: IPE 140 | D17: 2.9 | E17: =IF(AND(ISNUMBER($D17),ISNUMBER(VLOOKUP($C17,$A$5:$F$11,4,FALSE))),$D17*VLOOKUP($C17,$A$5:$F$11,4,FALSE),"") | F17: =IF(AND(ISNUMBER($E17),ISNUMBER(VLOOKUP($C17,$A$5:$F$11,5,FALSE))),$E17*VLOOKUP($C17,$A$5:$F$11,5,FALSE),"") | G17: =IF(AND(ISNUMBER($E17),ISNUMBER(VLOOKUP($C17,$A$5:$F$11,3,FALSE)),VLOOKUP($C17,$A$5:$F$11,3,FALSE)>0,ISNUMBER(VLOOKUP($C17,$A$5:$F$11,6,FALSE))),$E17*VLOOKUP($C17,$A$5:$F$11,3,FALSE)*VLOOKUP($C17,$A$5:$F$11,6,FALSE),"")
A18: TTS.PC.001.IPE140.30 | B18: Pilastro cuscinetto trave IPE 140 mt.3,00 | C18: IPE 140 | D18: 3 | E18: =IF(AND(ISNUMBER($D18),ISNUMBER(VLOOKUP($C18,$A$5:$F$11,4,FALSE))),$D18*VLOOKUP($C18,$A$5:$F$11,4,FALSE),"") | F18: =IF(AND(ISNUMBER($E18),ISNUMBER(VLOOKUP($C18,$A$5:$F$11,5,FALSE))),$E18*VLOOKUP($C18,$A$5:$F$11,5,FALSE),"") | G18: =IF(AND(ISNUMBER($E18),ISNUMBER(VLOOKUP($C18,$A$5:$F$11,3,FALSE)),VLOOKUP($C18,$A$5:$F$11,3,FALSE)>0,ISNUMBER(VLOOKUP($C18,$A$5:$F$11,6,FALSE))),$E18*VLOOKUP($C18,$A$5:$F$11,3,FALSE)*VLOOKUP($C18,$A$5:$F$11,6,FALSE),"")
A19: TTS.PC.001.IPE140.31 | B19: Pilastro cuscinetto trave IPE 140 mt.3,10 | C19: IPE 140 | D19: 3.1 | E19: =IF(AND(ISNUMBER($D19),ISNUMBER(VLOOKUP($C19,$A$5:$F$11,4,FALSE))),$D19*VLOOKUP($C19,$A$5:$F$11,4,FALSE),"") | F19: =IF(AND(ISNUMBER($E19),ISNUMBER(VLOOKUP($C19,$A$5:$F$11,5,FALSE))),$E19*VLOOKUP($C19,$A$5:$F$11,5,FALSE),"") | G19: =IF(AND(ISNUMBER($E19),ISNUMBER(VLOOKUP($C19,$A$5:$F$11,3,FALSE)),VLOOKUP($C19,$A$5:$F$11,3,FALSE)>0,ISNUMBER(VLOOKUP($C19,$A$5:$F$11,6,FALSE))),$E19*VLOOKUP($C19,$A$5:$F$11,3,FALSE)*VLOOKUP($C19,$A$5:$F$11,6,FALSE),"")
A20: TTS.PC.001.IPE140.32 | B20: Pilastro cuscinetto trave IPE 140 mt.3,20 | C20: IPE 140 | D20: 3.2 | E20: =IF(AND(ISNUMBER($D20),ISNUMBER(VLOOKUP($C20,$A$5:$F$11,4,FALSE))),$D20*VLOOKUP($C20,$A$5:$F$11,4,FALSE),"") | F20: =IF(AND(ISNUMBER($E20),ISNUMBER(VLOOKUP($C20,$A$5:$F$11,5,FALSE))),$E20*VLOOKUP($C20,$A$5:$F$11,5,FALSE),"") | G20: =IF(AND(ISNUMBER($E20),ISNUMBER(VLOOKUP($C20,$A$5:$F$11,3,FALSE)),VLOOKUP($C20,$A$5:$F$11,3,FALSE)>0,ISNUMBER(VLOOKUP($C20,$A$5:$F$11,6,FALSE))),$E20*VLOOKUP($C20,$A$5:$F$11,3,FALSE)*VLOOKUP($C20,$A$5:$F$11,6,FALSE),"")
A21: TTS.PC.001.IPE140.33 | B21: Pilastro cuscinetto trave IPE 140 mt.3,30 | C21: IPE 140 | D21: 3.3 | E21: =IF(AND(ISNUMBER($D21),ISNUMBER(VLOOKUP($C21,$A$5:$F$11,4,FALSE))),$D21*VLOOKUP($C21,$A$5:$F$11,4,FALSE),"") | F21: =IF(AND(ISNUMBER($E21),ISNUMBER(VLOOKUP($C21,$A$5:$F$11,5,FALSE))),$E21*VLOOKUP($C21,$A$5:$F$11,5,FALSE),"") | G21: =IF(AND(ISNUMBER($E21),ISNUMBER(VLOOKUP($C21,$A$5:$F$11,3,FALSE)),VLOOKUP($C21,$A$5:$F$11,3,FALSE)>0,ISNUMBER(VLOOKUP($C21,$A$5:$F$11,6,FALSE))),$E21*VLOOKUP($C21,$A$5:$F$11,3,FALSE)*VLOOKUP($C21,$A$5:$F$11,6,FALSE),"")
A22: TTS.PC.001.IPE140.34 | B22: Pilastro cuscinetto trave IPE 140 mt.3,40 | C22: IPE 140 | D22: 3.4 | E22: =IF(AND(ISNUMBER($D22),ISNUMBER(VLOOKUP($C22,$A$5:$F$11,4,FALSE))),$D22*VLOOKUP($C22,$A$5:$F$11,4,FALSE),"") | F22: =IF(AND(ISNUMBER($E22),ISNUMBER(VLOOKUP($C22,$A$5:$F$11,5,FALSE))),$E22*VLOOKUP($C22,$A$5:$F$11,5,FALSE),"") | G22: =IF(AND(ISNUMBER($E22),ISNUMBER(VLOOKUP($C22,$A$5:$F$11,3,FALSE)),VLOOKUP($C22,$A$5:$F$11,3,FALSE)>0,ISNUMBER(VLOOKUP($C22,$A$5:$F$11,6,FALSE))),$E22*VLOOKUP($C22,$A$5:$F$11,3,FALSE)*VLOOKUP($C22,$A$5:$F$11,6,FALSE),"")
A23: TTS.PC.001.IPE140.35 | B23: Pilastro cuscinetto trave IPE 140 mt.3,50 | C23: IPE 140 | D23: 3.5 | E23: =IF(AND(ISNUMBER($D23),ISNUMBER(VLOOKUP($C23,$A$5:$F$11,4,FALSE))),$D23*VLOOKUP($C23,$A$5:$F$11,4,FALSE),"") | F23: =IF(AND(ISNUMBER($E23),ISNUMBER(VLOOKUP($C23,$A$5:$F$11,5,FALSE))),$E23*VLOOKUP($C23,$A$5:$F$11,5,FALSE),"") | G23: =IF(AND(ISNUMBER($E23),ISNUMBER(VLOOKUP($C23,$A$5:$F$11,3,FALSE)),VLOOKUP($C23,$A$5:$F$11,3,FALSE)>0,ISNUMBER(VLOOKUP($C23,$A$5:$F$11,6,FALSE))),$E23*VLOOKUP($C23,$A$5:$F$11,3,FALSE)*VLOOKUP($C23,$A$5:$F$11,6,FALSE),"")
A24: TTS.PC.001.IPE140.36 | B24: Pilastro cuscinetto trave IPE 140 mt.3,60 | C24: IPE 140 | D24: 3.6 | E24: =IF(AND(ISNUMBER($D24),ISNUMBER(VLOOKUP($C24,$A$5:$F$11,4,FALSE))),$D24*VLOOKUP($C24,$A$5:$F$11,4,FALSE),"") | F24: =IF(AND(ISNUMBER($E24),ISNUMBER(VLOOKUP($C24,$A$5:$F$11,5,FALSE))),$E24*VLOOKUP($C24,$A$5:$F$11,5,FALSE),"") | G24: =IF(AND(ISNUMBER($E24),ISNUMBER(VLOOKUP($C24,$A$5:$F$11,3,FALSE)),VLOOKUP($C24,$A$5:$F$11,3,FALSE)>0,ISNUMBER(VLOOKUP($C24,$A$5:$F$11,6,FALSE))),$E24*VLOOKUP($C24,$A$5:$F$11,3,FALSE)*VLOOKUP($C24,$A$5:$F$11,6,FALSE),"")
... A138: TTS.AR.004.4800.25 | B138: Asse esterno 120x120x2,5 mm. lunghezza mt.4,800 | C138: ASSE 120x120x2,5 | D138: 4.8 | E138: =IF(AND(ISNUMBER($D138),ISNUMBER(VLOOKUP($C138,$A$5:$F$11,4,FALSE))),$D138*VLOOKUP($C138,$A$5:$F$11,4,FALSE),"") | F138: =IF(AND(ISNUMBER($E138),ISNUMBER(VLOOKUP($C138,$A$5:$F$11,5,FALSE))),$E138*VLOOKUP($C138,$A$5:$F$11,5,FALSE),"") | G138: =IF(AND(ISNUMBER($E138),ISNUMBER(VLOOKUP($C138,$A$5:$F$11,3,FALSE)),VLOOKUP($C138,$A$5:$F$11,3,FALSE)>0,ISNUMBER(VLOOKUP($C138,$A$5:$F$11,6,FALSE))),$E138*VLOOKUP($C138,$A$5:$F$11,3,FALSE)*VLOOKUP($C138,$A$5:$F$11,6,FALSE),"")

Sheet LISTINO
A1: LISTINO COMPONENTI — Tracker TTS moduli 1303 (rev. 5)
A2: Elenco unico di tutti i componenti presenti nella distinta materiali. Compilare la colonna 'Prezzo unitario' per ottenere un listino valorizzato.
A4: N° | B4: Codice | C4: Descrizione | D4: Categoria | E4: U.M. | F4: Peso elemento (kg) | G4: Prezzo unitario € | H4: Presente nei kit / assiemi | I4: N° righe distinta
A5: 1 | B5: TTS.AR.001.7200 | C5: Asse lato motore 120x120x3 mm. lunghezza mt.7,20 | D5: Carpenteria metallica | E5: pz | F5: =IFERROR(VLOOKUP($B5,'SCHEDA STRUTTURA'!$A$13:$E$413,5,FALSE),"") | H5: ASSI DI ROTAZIONE 1303 | I5: 2
A6: 2 | B6: TTS.AR.001.7200.25 | C6: Asse lato motore 120x120x2,5 mm. lunghezza mt.7,20 | D6: Carpenteria metallica | E6: pz | F6: =IFERROR(VLOOKUP($B6,'SCHEDA STRUTTURA'!$A$13:$E$413,5,FALSE),"") | H6: ASSI DI ROTAZIONE 1303 | I6: 1
A7: 3 | B7: TTS.AR.001.8250 | C7: Asse lato motore 120x120x3 mm. lunghezza mt.8,25 | D7: Carpenteria metallica | E7: pz | F7: =IFERROR(VLOOKUP($B7,'SCHEDA STRUTTURA'!$A$13:$E$413,5,FALSE),"") | H7: ASSI DI ROTAZIONE 1303 | I7: 1
A8: 4 | B8: TTS.AR.001.8250.25 | C8: Asse lato motore 120x120x2,5 mm. lunghezza mt.8,25 | D8: Carpenteria metallica | E8: pz | F8: =IFERROR(VLOOKUP($B8,'SCHEDA STRUTTURA'!$A$13:$E$413,5,FALSE),"") | H8: ASSI DI ROTAZIONE 1303 | I8: 1
A9: 5 | B9: TTS.AR.001.8700 | C9: Asse lato motore 120x120x3 mm. lunghezza mt.8,70 | D9: Carpenteria metallica | E9: pz | F9: =IFERROR(VLOOKUP($B9,'SCHEDA STRUTTURA'!$A$13:$E$413,5,FALSE),"") | H9: ASSI DI ROTAZIONE 1303 | I9: 3
A10: 6 | B10: TTS.AR.001.8700.25 | C10: Asse lato motore 120x120x2,5 mm. lunghezza mt.8,70 | D10: Carpenteria metallica | E10: pz | F10: =IFERROR(VLOOKUP($B10,'SCHEDA STRUTTURA'!$A$13:$E$413,5,FALSE),"") | H10: ASSI DI ROTAZIONE 1303 | I10: 1
A11: 7 | B11: TTS.AR.002.5000 | C11: Asse esterno 120x120x3 mm. lunghezza mt.5,00 | D11: Carpenteria metallica | E11: pz | F11: =IFERROR(VLOOKUP($B11,'SCHEDA STRUTTURA'!$A$13:$E$413,5,FALSE),"") | H11: ASSI DI ROTAZIONE 1303 | I11: 1
A12: 8 | B12: TTS.AR.002.5000.25 | C12: Asse esterno 120x120x2,5 mm. lunghezza mt.5,00 | D12: Carpenteria metallica | E12: pz | F12: =IFERROR(VLOOKUP($B12,'SCHEDA STRUTTURA'!$A$13:$E$413,5,FALSE),"") | H12: ASSI DI ROTAZIONE 1303 | I12: 1
A13: 9 | B13: TTS.AR.002.6150 | C13: Asse esterno 120x120x3 mm. lunghezza mt.6,15 | D13: Carpenteria metallica | E13: pz | F13: =IFERROR(VLOOKUP($B13,'SCHEDA STRUTTURA'!$A$13:$E$413,5,FALSE),"") | H13: ASSI DI ROTAZIONE 1303 | I13: 1
A14: 10 | B14: TTS.AR.002.6150.25 | C14: Asse esterno 120x120x2,5 mm. lunghezza mt.6,15 | D14: Carpenteria metallica | E14: pz | F14: =IFERROR(VLOOKUP($B14,'SCHEDA STRUTTURA'!$A$13:$E$413,5,FALSE),"") | H14: ASSI DI ROTAZIONE 1303 | I14: 1
A15: 11 | B15: TTS.AR.002.6300 | C15: Asse esterno 120x120x3 mm. lunghezza mt.6,30 | D15: Carpenteria metallica | E15: pz | F15: =IFERROR(VLOOKUP($B15,'SCHEDA STRUTTURA'!$A$13:$E$413,5,FALSE),"") | H15: ASSI DI ROTAZIONE 1303 | I15: 1
A16: 12 | B16: TTS.AR.002.6300.25 | C16: Asse esterno 120x120x2,5 mm. lunghezza mt.6,30 | D16: Carpenteria metallica | E16: pz | F16: =IFERROR(VLOOKUP($B16,'SCHEDA STRUTTURA'!$A$13:$E$413,5,FALSE),"") | H16: ASSI DI ROTAZIONE 1303 | I16: 1
... A26: 22 | B26: TTS.AR.004.4800.25 | C26: Asse esterno 120x120x2,5 mm. lunghezza mt.4,800 | D26: Carpenteria metallica | E26: pz | F26: =IFERROR(VLOOKUP($B26,'SCHEDA STRUTTURA'!$A$13:$E$413,5,FALSE),"") | H26: ASSI DI ROTAZIONE 1303 | I26: 1
A27: 23 | B27: TTS.AR.201 | C27: Kit giunzione asse di collegamento | D27: Carpenteria metallica | E27: pz | H27: ASSI DI ROTAZIONE 1303 | I27: 5
A28: 24 | B28: TTS.AR.2011 | C28: Gaffa giunzione asse | D28: Carpenteria metallica | E28: pz | H28: ASSI DI ROTAZIONE 1303 | I28: 5
A29: 25 | B29: TTS.AR.3011 | C29: Supporto a L superiore omega | D29: Carpenteria metallica | E29: pz | H29: KIT OMEGA+pannelli | I29: 1
A30: 26 | B30: TTS.AR.3012 | C30: Supporto a V inferiore omega | D30: Carpenteria metallica | E30: pz | H30: KIT OMEGA+pannelli | I30: 1
A31: 27 | B31: TTS.AR.3013 | C31: Gaffa sotto omega | D31: Carpenteria metallica | E31: pz | H31: KIT OMEGA+pannelli | I31: 1
A32: 28 | B32: TTS.AR.3014 | C32: Omega supporto pannello | D32: Carpenteria metallica | E32: pz | H32: KIT OMEGA+pannelli | I32: 1
A33: 29 | B33: TTS.AR.3014.18 | C33: Omega supporto pannello mm1,8 | D33: Carpenteria metallica | E33: pz | H33: KIT OMEGA+pannelli | I33: 1
A34: 30 | B34: TTS.AR.4011 | C34: Supporto superiore inclinometro | D34: Carpenteria metallica | E34: pz | H34: KIT INCLINOMETRO | I34: 1
A35: 31 | B35: TTS.AR.4012 | C35: Supporto inferiore inclinometro | D35: Carpenteria metallica | E35: pz | H35: KIT INCLINOMETRO | I35: 1
A36: 32 | B36: TTS.AR.5011 | C36: Piastra ad L supporto fine corsa | D36: Carpenteria metallica | E36: pz | H36: KIT FINE CORSA | I36: 1
A37: 33 | B37: TTS.AR.5012 | C37: Leva battente sensore fine corsa | D37: Carpenteria metallica | E37: pz | H37: KIT FINE CORSA | I37: 1
A38: 34 | B38: TTS.PC.001.IPE140.23 | C38: Pilastro cuscinetto trave IPE 140 mt.2,30 | D38: Carpenteria metallica | E38: pz | F38: =IFERROR(VLOOKUP($B38,'SCHEDA STRUTTURA'!$A$13:$E$413,5,FALSE),"") | H38: PILASTRO CUSCINETTO | I38: 1
A39: 35 | B39: TTS.PC.001.IPEA140.23 | C39: Pilastro cuscinetto trave IPEA 140 mt.2,30 (alleggerita) | D39: Carpenteria metallica | E39: pz | F39: =IFERROR(VLOOKUP($B39,'SCHEDA STRUTTURA'!$A$13:$E$413,5,FALSE),"") | H39: PILASTRO CUSCINETTO | I39: 1
A40: 36 | B40: TTS.PC.001.IPE140.28 | C40: Pilastro cuscinetto trave IPE 140 mt.2,80 | D40: Carpenteria metallica | E40: pz | F40: =IFERROR(VLOOKUP($B40,'SCHEDA STRUTTURA'!$A$13:$E$413,5,FALSE),"") | H40: PILASTRO CUSCINETTO | I40: 1
A41: 37 | B41: TTS.PC.001.IPEA140.28 | C41: Pilastro cuscinetto trave IPEA 140 mt.2,80 (alleggerita) | D41: Carpenteria metallica | E41: pz | F41: =IFERROR(VLOOKUP($B41,'SCHEDA STRUTTURA'!$A$13:$E$413,5,FALSE),"") | H41: PILASTRO CUSCINETTO | I41: 1
A42: 38 | B42: TTS.PC.001.IPE140.29 | C42: Pilastro cuscinetto trave IPE 140 mt.2,90 | D42: Carpenteria metallica | E42: pz | F42: =IFERROR(VLOOKUP($B42,'SCHEDA STRUTTURA'!$A$13:$E$413,5,FALSE),"") | H42: PILASTRO CUSCINETTO | I42: 1
A43: 39 | B43: TTS.PC.001.IPEA140.29 | C43: Pilastro cuscinetto trave IPEA 140 mt.2,90 (alleggerita) | D43: Carpenteria metallica | E43: pz | F43: =IFERROR(VLOOKUP($B43,'SCHEDA STRUTTURA'!$A$13:$E$413,5,FALSE),"") | H43: PILASTRO CUSCINETTO | I43: 1
A44: 40 | B44: TTS.PC.001.IPE140.30 | C44: Pilastro cuscinetto trave IPE 140 mt.3,00 | D44: Carpenteria metallica | E44: pz | F44: =IFERROR(VLOOKUP($B44,'SCHEDA STRUTTURA'!$A$13:$E$413,5,FALSE),"") | H44: PILASTRO CUSCINETTO | I44: 1
A45: 41 | B45: TTS.PC.001.IPEA140.30 | C45: Pilastro cuscinetto trave IPEA 140 mt.3,00 (alleggerita) | D45: Carpenteria metallica | E45: pz | F45: =IFERROR(VLOOKUP($B45,'SCHEDA STRUTTURA'!$A$13:$E$413,5,FALSE),"") | H45: PILASTRO CUSCINETTO | I45: 1
A46: 42 | B46: TTS.PC.001.IPE140.31 | C46: Pilastro cuscinetto trave IPE 140 mt.3,10 | D46: Carpenteria metallica | E46: pz | F46: =IFERROR(VLOOKUP($B46,'SCHEDA STRUTTURA'!$A$13:$E$413,5,FALSE),"") | H46: PILASTRO CUSCINETTO | I46: 1
A47: 43 | B47: TTS.PC.001.IPEA140.31 | C47: Pilastro cuscinetto trave IPEA 140 mt.3,10 (alleggerita) | D47: Carpenteria metallica | E47: pz | F47: =IFERROR(VLOOKUP($B47,'SCHEDA STRUTTURA'!$A$13:$E$413,5,FALSE),"") | H47: PILASTRO CUSCINETTO | I47: 1
A48: 44 | B48: TTS.PC.001.IPE140.32 | C48: Pilastro cuscinetto trave IPE 140 mt.3,20 | D48: Carpenteria metallica | E48: pz | F48: =IFERROR(VLOOKUP($B48,'SCHEDA STRUTTURA'!$A$13:$E$413,5,FALSE),"") | H48: PILASTRO CUSCINETTO | I48: 1
A49: 45 | B49: TTS.PC.001.IPEA140.32 | C49: Pilastro cuscinetto trave IPEA 140 mt.3,20 (alleggerita) | D49: Carpenteria metallica | E49: pz | F49: =IFERROR(VLOOKUP($B49,'SCHEDA STRUTTURA'!$A$13:$E$413,5,FALSE),"") | H49: PILASTRO CUSCINETTO | I49: 1
... A79: 75 | B79: TTS.PC.001.IPEA140.23.FQA | C79: Pilastro cuscinetto trave ipea140 x mt. 2,30 con foratura alloggiamento quadro area (alleggerita) | D79: Carpenteria metallica | E79: pz | F79: =IFERROR(VLOOKUP($B79,'SCHEDA STRUTTURA'!$A$13:$E$413,5,FALSE),"") | H79: kit quadri area | I79: 1
A80: 76 | B80: TTS.PC.002 | C80: Supporto laterale pilastro cuscinetto | D80: Carpenteria metallica | E80: pz | H80: PILASTRO CUSCINETTO | I80: 1
A81: 77 | B81: TTS.PC.002.IPE140 | C81: Supporto laterale testa cuscinetto | D81: Carpenteria metallica | E81: pz | H81: PILASTRO CUSCINETTO | I81: 1
A82: 78 | B82: TTS.PC.002.IPEA140 | C82: Supporto laterale testa cuscinetto (alleggerita) | D82: Carpenteria metallica | E82: pz | H82: PILASTRO CUSCINETTO | I82: 1
A83: 79 | B83: TTS.PC.003.IPE140 | C83: Supporto testa cuscinetto | D83: Carpenteria metallica | E83: pz | H83: PILASTRO CUSCINETTO | I83: 1
A84: 80 | B84: TTS.PC.003.IPEA140 | C84: Supporto testa cuscinetto (alleggerita) | D84: Carpenteria metallica | E84: pz | H84: PILASTRO CUSCINETTO | I84: 1
A85: 81 | B85: TTS.PC.2011.1076 | C85: Angolare 40x40x4 lungo 1076 mm. supporto inferiore | D85: Carpenteria metallica | E85: pz | H85: kit quadri inverter | I85: 1
A86: 82 | B86: TTS.PC.2012.1076 | C86: Angolare 40x40x4 lungo1076 mm. supporto superiore | D86: Carpenteria metallica | E86: pz | H86: kit quadri inverter | I86: 1
A87: 83 | B87: TTS.PC.2013 | C87: Palo MAX lungo mt.2,040 | D87: Carpenteria metallica | E87: pz | H87: kit quadri inverter | I87: 1
A88: 84 | B88: TTS.PC.3011 | C88: Angolare 40x40x4 lungo 869 mm. superiore | D88: Carpenteria metallica | E88: pz | H88: kit quadri area | I88: 1
A89: 85 | B89: TTS.PC.3012 | C89: Angolare 40x40x4 lungo 869 mm. inferiore | D89: Carpenteria metallica | E89: pz | H89: kit quadri area | I89: 1
A90: 86 | B90: TTS.PC.3013 | C90: Palo MAX lungo mt.2,150 | D90: Carpenteria metallica | E90: pz | H90: kit quadri area | I90: 1
A91: 87 | B91: TTS.PF.001.IPE140.30 | C91: Pilastro fondazione trave IPE140 mt.3,00 | D91: Carpenteria metallica | E91: pz | F91: =IFERROR(VLOOKUP($B91,'SCHEDA STRUTTURA'!$A$13:$E$413,5,FALSE),"") | H91: PILASTRO MOTORE, PILASTRO CUSCINETTO | I91: 2
A92: 88 | B92: TTS.PF.001.IPEA140.30 | C92: Pilastro fondazione trave IPEA140 mt.3,00 (alleggerita) | D92: Carpenteria metallica | E92: pz | F92: =IFERROR(VLOOKUP($B92,'SCHEDA STRUTTURA'!$A$13:$E$413,5,FALSE),"") | H92: PILASTRO MOTORE | I92: 1
A93: 89 | B93: TTS.PF.001.IPE140.26 | C93: Pilastro fondazione trave IPE140 mt.2,60 | D93: Carpenteria metallica | E93: pz | F93: =IFERROR(VLOOKUP($B93,'SCHEDA STRUTTURA'!$A$13:$E$413,5,FALSE),"") | H93: PILASTRO MOTORE | I93: 1
A94: 90 | B94: TTS.PF.001.IPEA140.26 | C94: Pilastro fondazione trave IPEA140 mt.2,60 (alleggerita) | D94: Carpenteria metallica | E94: pz | F94: =IFERROR(VLOOKUP($B94,'SCHEDA STRUTTURA'!$A$13:$E$413,5,FALSE),"") | H94: PILASTRO MOTORE | I94: 1
A95: 91 | B95: TTS.PF.001.IPE140.27 | C95: Pilastro fondazione trave IPE140 mt.2,70 | D95: Carpenteria metallica | E95: pz | F95: =IFERROR(VLOOKUP($B95,'SCHEDA STRUTTURA'!$A$13:$E$413,5,FALSE),"") | H95: PILASTRO MOTORE | I95: 1
A96: 92 | B96: TTS.PF.001.IPEA140.27 | C96: Pilastro fondazione trave IPEA140 mt.2,70 (alleggerita) | D96: Carpenteria metallica | E96: pz | F96: =IFERROR(VLOOKUP($B96,'SCHEDA STRUTTURA'!$A$13:$E$413,5,FALSE),"") | H96: PILASTRO MOTORE | I96: 1
A97: 93 | B97: TTS.PF.001.IPE140.28 | C97: Pilastro fondazione trave IPE140 mt.2,80 | D97: Carpenteria metallica | E97: pz | F97: =IFERROR(VLOOKUP($B97,'SCHEDA STRUTTURA'!$A$13:$E$413,5,FALSE),"") | H97: PILASTRO MOTORE | I97: 1
A98: 94 | B98: TTS.PF.001.IPEA140.28 | C98: Pilastro fondazione trave IPEA140 mt.2,80 (alleggerita) | D98: Carpenteria metallica | E98: pz | F98: =IFERROR(VLOOKUP($B98,'SCHEDA STRUTTURA'!$A$13:$E$413,5,FALSE),"") | H98: PILASTRO MOTORE | I98: 1
A99: 95 | B99: TTS.PF.001.IPE140.29 | C99: Pilastro fondazione trave IPE140 mt.2,90 | D99: Carpenteria metallica | E99: pz | F99: =IFERROR(VLOOKUP($B99,'SCHEDA STRUTTURA'!$A$13:$E$413,5,FALSE),"") | H99: PILASTRO MOTORE | I99: 1
A100: 96 | B100: TTS.PF.001.IPEA140.29 | C100: Pilastro fondazione trave IPEA140 mt.2,90 (alleggerita) | D100: Carpenteria metallica | E100: pz | F100: =IFERROR(VLOOKUP($B100,'SCHEDA STRUTTURA'!$A$13:$E$413,5,FALSE),"") | H100: PILASTRO MOTORE | I100: 1
A101: 97 | B101: TTS.PF.001.IPE140.31 | C101: Pilastro fondazione trave IPE140 mt.3,10 | D101: Carpenteria metallica | E101: pz | F101: =IFERROR(VLOOKUP($B101,'SCHEDA STRUTTURA'!$A$13:$E$413,5,FALSE),"") | H101: PILASTRO MOTORE | I101: 1
A102: 98 | B102: TTS.PF.001.IPEA140.31 | C102: Pilastro fondazione trave IPEA140 mt.3,10 (alleggerita) | D102: Carpenteria metallica | E102: pz | F102: =IFERROR(VLOOKUP($B102,'SCHEDA STRUTTURA'!$A$13:$E$413,5,FALSE),"") | H102: PILASTRO MOTORE | I102: 1
... A112: 108 | B112: TTS.PF.001.IPEA140.36 | C112: Pilastro fondazione trave IPEA140 mt.3,60 (alleggerita) | D112: Carpenteria metallica | E112: pz | F112: =IFERROR(VLOOKUP($B112,'SCHEDA STRUTTURA'!$A$13:$E$413,5,FALSE),"") | H112: PILASTRO MOTORE | I112: 1
A113: 109 | B113: TTS.PF.002.IPE140 | C113: Piastra giunzione montanti centrali 200x100x4 (8 fori Ø 11) | D113: Carpenteria metallica | E113: pz | H113: PILASTRO MOTORE, PILASTRO CUSCINETTO | I113: 2
A114: 110 | B114: TTS.PF.003.IPE140 | C114: Piastra giunzione montanti esterna 240x70x6 (12 fori Ø 11) | D114: Carpenteria metallica | E114: pz | H114: PILASTRO MOTORE, PILASTRO CUSCINETTO | I114: 2
A115: 111 | B115: TTS.PF.004.IPE140 | C115: Piastra giunzione montanti interna 240x25x6 (6 fori Ø 11) | D115: Carpenteria metallica | E115: pz | H115: PILASTRO MOTORE, PILASTRO CUSCINETTO | I115: 2
A116: 112 | B116: TTS.PM.001.IPE140.22 | C116: Pilastro motore trave ipe140 x 2220 con foratura alloggiamento quadro motore (standard) | D116: Carpenteria metallica | E116: pz | F116: =IFERROR(VLOOKUP($B116,'SCHEDA STRUTTURA'!$A$13:$E$413,5,FALSE),"") | H116: PILASTRO MOTORE, kit quadro motore | I116: 2
A117: 113 | B117: TTS.PM.001.IPEA140.22 | C117: Pilastro motore trave ipea140 x 2220 con foratura alloggiamento quadro motore (alleggerita) | D117: Carpenteria metallica | E117: pz | F117: =IFERROR(VLOOKUP($B117,'SCHEDA STRUTTURA'!$A$13:$E$413,5,FALSE),"") | H117: PILASTRO MOTORE | I117: 1
A118: 114 | B118: TTS.PM.001.IPE140.27 | C118: Pilastro motore trave ipe140 x 2720 con foratura alloggiamento quadro motore (standard) | D118: Carpenteria metallica | E118: pz | F118: =IFERROR(VLOOKUP($B118,'SCHEDA STRUTTURA'!$A$13:$E$413,5,FALSE),"") | H118: PILASTRO MOTORE | I118: 1
A119: 115 | B119: TTS.PM.001.IPEA140.27 | C119: Pilastro motore trave ipea140 x 2720 con foratura alloggiamento quadro motore (alleggerita) | D119: Carpenteria metallica | E119: pz | F119: =IFERROR(VLOOKUP($B119,'SCHEDA STRUTTURA'!$A$13:$E$413,5,FALSE),"") | H119: PILASTRO MOTORE | I119: 1
A120: 116 | B120: TTS.PM.001.IPE140.28 | C120: Pilastro motore trave ipe140 x 2820 con foratura alloggiamento quadro motore (standard) | D120: Carpenteria metallica | E120: pz | F120: =IFERROR(VLOOKUP($B120,'SCHEDA STRUTTURA'!$A$13:$E$413,5,FALSE),"") | H120: PILASTRO MOTORE | I120: 1
A121: 117 | B121: TTS.PM.001.IPEA140.28 | C121: Pilastro motore trave ipea140 x 2820 con foratura alloggiamento quadro motore (alleggerita) | D121: Carpenteria metallica | E121: pz | F121: =IFERROR(VLOOKUP($B121,'SCHEDA STRUTTURA'!$A$13:$E$413,5,FALSE),"") | H121: PILASTRO MOTORE | I121: 1
A122: 118 | B122: TTS.PM.001.IPE140.29 | C122: Pilastro motore trave ipe140 x 2920 con foratura alloggiamento quadro motore (standard) | D122: Carpenteria metallica | E122: pz | F122: =IFERROR(VLOOKUP($B122,'SCHEDA STRUTTURA'!$A$13:$E$413,5,FALSE),"") | H122: PILASTRO MOTORE | I122: 1
A123: 119 | B123: TTS.PM.001.IPEA140.29 | C123: Pilastro motore trave ipea140 x 2920 con foratura alloggiamento quadro motore (alleggerita) | D123: Carpenteria metallica | E123: pz | F123: =IFERROR(VLOOKUP($B123,'SCHEDA STRUTTURA'!$A$13:$E$413,5,FALSE),"") | H123: PILASTRO MOTORE | I123: 1
A124: 120 | B124: TTS.PM.001.IPE140.30 | C124: Pilastro motore trave ipe140 x 3020 con foratura alloggiamento quadro motore (standard) | D124: Carpenteria metallica | E124: pz | F124: =IFERROR(VLOOKUP($B124,'SCHEDA STRUTTURA'!$A$13:$E$413,5,FALSE),"") | H124: PILASTRO MOTORE | I124: 1
A125: 121 | B125: TTS.PM.001.IPEA140.30 | C125: Pilastro motore trave ipea140 x 3020 con foratura alloggiamento quadro motore (alleggerita) | D125: Carpenteria metallica | E125: pz | F125: =IFERROR(VLOOKUP($B125,'SCHEDA STRUTTURA'!$A$13:$E$413,5,FALSE),"") | H125: PILASTRO MOTORE | I125: 1
A126: 122 | B126: TTS.PM.001.IPE140.31 | C126: Pilastro motore trave ipe140 x 3120 con foratura alloggiamento quadro motore (standard) | D126: Carpenteria metallica | E126: pz | F126: =IFERROR(VLOOKUP($B126,'SCHEDA STRUTTURA'!$A$13:$E$413,5,FALSE),"") | H126: PILASTRO MOTORE | I126: 1
A127: 123 | B127: TTS.PM.001.IPEA140.31 | C127: Pilastro motore trave ipea140 x 3120 con foratura alloggiamento quadro motore (alleggerita) | D127: Carpenteria metallica | E127: pz | F127: =IFERROR(VLOOKUP($B127,'SCHEDA STRUTTURA'!$A$13:$E$413,5,FALSE),"") | H127: PILASTRO MOTORE | I127: 1
... A155: 151 | B155: TTS.PM.001.IPEA140.22.QC | C155: Pilastro motore trave ipea140 x 2220 con foratura alloggiamento quadro motore + quadro centralina meteo + quadro alimentazione centralina meteo (alleggerita) | D155: Carpenteria metallica | E155: pz | F155: =IFERROR(VLOOKUP($B155,'SCHEDA STRUTTURA'!$A$13:$E$413,5,FALSE),"") | H155: kit quadri centralina meteo | I155: 1
A156: 152 | B156: TTS.PM.002.IPE140 | C156: Supporto laterale testa riduttore | D156: Carpenteria metallica | E156: pz | H156: PILASTRO MOTORE | I156: 1
A157: 153 | B157: TTS.PM.002.IPEA140 | C157: Supporto laterale testa riduttore (alleggerita) | D157: Carpenteria metallica | E157: pz | H157: PILASTRO MOTORE | I157: 1
A158: 154 | B158: TTS.PM.003.IPE140 | C158: Testa riduttore pilastro motore | D158: Carpenteria metallica | E158: pz | H158: PILASTRO MOTORE | I158: 1
A159: 155 | B159: TTS.PM.003.IPEA140 | C159: Testa riduttore pilastro motore (alleggerita) | D159: Carpenteria metallica | E159: pz | H159: PILASTRO MOTORE | I159: 1
A160: 156 | B160: TTS.PM.2011 | C160: Angolare 30x30x4 lungo 370 mm. superiore | D160: Carpenteria metallica | E160: pz | H160: kit quadro motore, kit quadri centralina meteo | I160: 2
A161: 157 | B161: TTS.PM.2012 | C161: Angolare 30x30x4 lungo 370 mm. inferiore | D161: Carpenteria metallica | E161: pz | H161: kit quadro motore, kit quadri centralina meteo | I161: 3
A162: 158 | B162: TTS.SM.001 | C162: Piatto 50X5X230 supporto sensori | D162: Carpenteria metallica | E162: pz | H162: sensori meteo | I162: 1
A163: 159 | B163: TTS.SM.002 | C163: Piatto 30X3X193 leva sensore temperatura pannello | D163: Carpenteria metallica | E163: pz | H163: sensori meteo | I163: 1
A164: 160 | B164: TTS.SM.003 | C164: Asta supporto anemometro | D164: Carpenteria metallica | E164: pz | H164: sensori meteo | I164: 1
A165: 161 | C165: Omega alloggiamento kit sensore termometro a contatto | D165: Carpenteria metallica | E165: pz
A166: 162 | B166: 06TAP120X120 | C166: Tappo profilato 120x120 | D166: Bulloneria e minuteria | E166: pz | H166: sensori meteo | I166: 1
A167: 163 | B167: 10BZ10X30 | C167: Bullone testa esagonale M10X30 | D167: Bulloneria e minuteria | E167: pz | H167: PILASTRO CUSCINETTO | I167: 1
A168: 164 | B168: 10BZ10X40 | C168: Bullone testa esagonale zn M10X40 | D168: Bulloneria e minuteria | E168: pz | H168: PILASTRO MOTORE, PILASTRO CUSCINETTO | I168: 3
A169: 165 | B169: 10BZ16X140 | C169: Bullone testa esagonale M16x140 mezzo filetto | D169: Bulloneria e minuteria | E169: pz | H169: PILASTRO CUSCINETTO | I169: 1
A170: 166 | B170: 10BZM10X160 | C170: Bullone testa esagonale zn M10X160 | D170: Bulloneria e minuteria | E170: pz | H170: KIT OMEGA+pannelli | I170: 1
A171: 167 | B171: 10BZM10X30 | C171: Bullone testa esagonale zn M10X30 | D171: Bulloneria e minuteria | E171: pz | H171: ASSI DI ROTAZIONE 1303 | I171: 5
A172: 168 | B172: 10BZM10X40 | C172: Bullone testa esagonale M10X40 | D172: Bulloneria e minuteria | E172: pz | H172: PILASTRO MOTORE, PILASTRO CUSCINETTO | I172: 3
A173: 169 | B173: 10BZM16X25 | C173: Bullone testa esagonale zn M16X25 | D173: Bulloneria e minuteria | E173: pz | H173: KIT FINE CORSA | I173: 1
A174: 170 | B174: 10BZM16X60 | C174: Bullone testa esagonale M16X60 | D174: Bulloneria e minuteria | E174: pz | H174: PILASTRO MOTORE | I174: 1
A175: 171 | B175: 10BZM5X20 | C175: Bullone testa esagonale zn M5x20 | D175: Bulloneria e minuteria | E175: pz | H175: sensori meteo | I175: 3
...

Sheet DISTINTA COMPLETA
A1: Assieme / Kit | B1: Sezione | C1: Pos. | D1: Codice | E1: Descrizione | F1: Categoria | G1: Q.tà | H1: Q.tà 12 mod | I1: Q.tà 18 mod | J1: Q.tà 20 mod | K1: Q.tà 22 mod | L1: Q.tà 36 mod | M1: Q.tà 40 mod | N1: Già caricato altrove | O1: U.M. | P1: Peso elemento (kg) | Q1: Prezzo unitario € | R1: Importo €
A2: PILASTRO MOTORE | C2: 1 | D2: TTS.PF.001.IPE140.30 | E2: Pilastro fondazione trave IPE140 mt.3,00 | F2: Carpenteria metallica | G2: 1 | O2: pz | Q2: =IFERROR(VLOOKUP($D2,LISTINO!$B:$I,6,FALSE),IFERROR(VLOOKUP($E2,LISTINO!$C:$I,5,FALSE),"")) | R2: =IF(AND(ISNUMBER(G2),ISNUMBER(Q2)),G2*Q2,"")
A3: PILASTRO MOTORE | C3: 1 | D3: TTS.PF.001.IPEA140.30 | E3: Pilastro fondazione trave IPEA140 mt.3,00 (alleggerita) | F3: Carpenteria metallica | G3: 0 | O3: pz | Q3: =IFERROR(VLOOKUP($D3,LISTINO!$B:$I,6,FALSE),IFERROR(VLOOKUP($E3,LISTINO!$C:$I,5,FALSE),"")) | R3: =IF(AND(ISNUMBER(G3),ISNUMBER(Q3)),G3*Q3,"")
A4: PILASTRO MOTORE | C4: 1 | D4: TTS.PF.001.IPE140.26 | E4: Pilastro fondazione trave IPE140 mt.2,60 | F4: Carpenteria metallica | G4: 0 | O4: pz | Q4: =IFERROR(VLOOKUP($D4,LISTINO!$B:$I,6,FALSE),IFERROR(VLOOKUP($E4,LISTINO!$C:$I,5,FALSE),"")) | R4: =IF(AND(ISNUMBER(G4),ISNUMBER(Q4)),G4*Q4,"")
A5: PILASTRO MOTORE | C5: 1 | D5: TTS.PF.001.IPEA140.26 | E5: Pilastro fondazione trave IPEA140 mt.2,60 (alleggerita) | F5: Carpenteria metallica | G5: 0 | O5: pz | Q5: =IFERROR(VLOOKUP($D5,LISTINO!$B:$I,6,FALSE),IFERROR(VLOOKUP($E5,LISTINO!$C:$I,5,FALSE),"")) | R5: =IF(AND(ISNUMBER(G5),ISNUMBER(Q5)),G5*Q5,"")
A6: PILASTRO MOTORE | C6: 1 | D6: TTS.PF.001.IPE140.27 | E6: Pilastro fondazione trave IPE140 mt.2,70 | F6: Carpenteria metallica | G6: 0 | O6: pz | Q6: =IFERROR(VLOOKUP($D6,LISTINO!$B:$I,6,FALSE),IFERROR(VLOOKUP($E6,LISTINO!$C:$I,5,FALSE),"")) | R6: =IF(AND(ISNUMBER(G6),ISNUMBER(Q6)),G6*Q6,"")
A7: PILASTRO MOTORE | C7: 1 | D7: TTS.PF.001.IPEA140.27 | E7: Pilastro fondazione trave IPEA140 mt.2,70 (alleggerita) | F7: Carpenteria metallica | G7: 0 | O7: pz | Q7: =IFERROR(VLOOKUP($D7,LISTINO!$B:$I,6,FALSE),IFERROR(VLOOKUP($E7,LISTINO!$C:$I,5,FALSE),"")) | R7: =IF(AND(ISNUMBER(G7),ISNUMBER(Q7)),G7*Q7,"")
A8: PILASTRO MOTORE | C8: 1 | D8: TTS.PF.001.IPE140.28 | E8: Pilastro fondazione trave IPE140 mt.2,80 | F8: Carpenteria metallica | G8: 0 | O8: pz | Q8: =IFERROR(VLOOKUP($D8,LISTINO!$B:$I,6,FALSE),IFERROR(VLOOKUP($E8,LISTINO!$C:$I,5,FALSE),"")) | R8: =IF(AND(ISNUMBER(G8),ISNUMBER(Q8)),G8*Q8,"")
A9: PILASTRO MOTORE | C9: 1 | D9: TTS.PF.001.IPEA140.28 | E9: Pilastro fondazione trave IPEA140 mt.2,80 (alleggerita) | F9: Carpenteria metallica | G9: 0 | O9: pz | Q9: =IFERROR(VLOOKUP($D9,LISTINO!$B:$I,6,FALSE),IFERROR(VLOOKUP($E9,LISTINO!$C:$I,5,FALSE),"")) | R9: =IF(AND(ISNUMBER(G9),ISNUMBER(Q9)),G9*Q9,"")
A10: PILASTRO MOTORE | C10: 1 | D10: TTS.PF.001.IPE140.29 | E10: Pilastro fondazione trave IPE140 mt.2,90 | F10: Carpenteria metallica | G10: 0 | O10: pz | Q10: =IFERROR(VLOOKUP($D10,LISTINO!$B:$I,6,FALSE),IFERROR(VLOOKUP($E10,LISTINO!$C:$I,5,FALSE),"")) | R10: =IF(AND(ISNUMBER(G10),ISNUMBER(Q10)),G10*Q10,"")
A11: PILASTRO MOTORE | C11: 1 | D11: TTS.PF.001.IPEA140.29 | E11: Pilastro fondazione trave IPEA140 mt.2,90 (alleggerita) | F11: Carpenteria metallica | G11: 0 | O11: pz | Q11: =IFERROR(VLOOKUP($D11,LISTINO!$B:$I,6,FALSE),IFERROR(VLOOKUP($E11,LISTINO!$C:$I,5,FALSE),"")) | R11: =IF(AND(ISNUMBER(G11),ISNUMBER(Q11)),G11*Q11,"")
A12: PILASTRO MOTORE | C12: 1 | D12: TTS.PF.001.IPE140.31 | E12: Pilastro fondazione trave IPE140 mt.3,10 | F12: Carpenteria metallica | G12: 0 | O12: pz | Q12: =IFERROR(VLOOKUP($D12,LISTINO!$B:$I,6,FALSE),IFERROR(VLOOKUP($E12,LISTINO!$C:$I,5,FALSE),"")) | R12: =IF(AND(ISNUMBER(G12),ISNUMBER(Q12)),G12*Q12,"")
A13: PILASTRO MOTORE | C13: 1 | D13: TTS.PF.001.IPEA140.31 | E13: Pilastro fondazione trave IPEA140 mt.3,10 (alleggerita) | F13: Carpenteria metallica | G13: 0 | O13: pz | Q13: =IFERROR(VLOOKUP($D13,LISTINO!$B:$I,6,FALSE),IFERROR(VLOOKUP($E13,LISTINO!$C:$I,5,FALSE),"")) | R13: =IF(AND(ISNUMBER(G13),ISNUMBER(Q13)),G13*Q13,"")
... A84: PILASTRO MOTORE | C84: 6 | D84: 10DAZAM16 | E84: Dado autobloccante M16 | F84: Bulloneria e minuteria | G84: 4 | O84: pz | Q84: =IFERROR(VLOOKUP($D84,LISTINO!$B:$I,6,FALSE),IFERROR(VLOOKUP($E84,LISTINO!$C:$I,5,FALSE),"")) | R84: =IF(AND(ISNUMBER(G84),ISNUMBER(Q84)),G84*Q84,"")
A85: PILASTRO CUSCINETTO | C85: 1 | D85: TTS.PF.001.IPE140.30 | E85: Pilastro fondazione trave IPE140 mt3,00 | F85: Carpenteria metallica | G85: 1 | H85: 2 | I85: 4 | J85: 4 | K85: 4 | L85: 8 | M85: 10 | O85: pz | Q85: =IFERROR(VLOOKUP($D85,LISTINO!$B:$I,6,FALSE),IFERROR(VLOOKUP($E85,LISTINO!$C:$I,5,FALSE),"")) | R85: =IF(AND(ISNUMBER(G85),ISNUMBER(Q85)),G85*Q85,"")
A86: PILASTRO CUSCINETTO | C86: 2 | D86: TTS.PC.001.IPE140.23 | E86: Pilastro cuscinetto trave IPE 140 mt.2,30 | F86: Carpenteria metallica | G86: 1 | H86: 2 | I86: 4 | J86: 4 | K86: 4 | L86: 8 | M86: 10 | O86: pz | Q86: =IFERROR(VLOOKUP($D86,LISTINO!$B:$I,6,FALSE),IFERROR(VLOOKUP($E86,LISTINO!$C:$I,5,FALSE),"")) | R86: =IF(AND(ISNUMBER(G86),ISNUMBER(Q86)),G86*Q86,"")
A87: PILASTRO CUSCINETTO | C87: 2 | D87: TTS.PC.001.IPEA140.23 | E87: Pilastro cuscinetto trave IPEA 140 mt.2,30 (alleggerita) | F87: Carpenteria metallica | G87: 0 | O87: pz | Q87: =IFERROR(VLOOKUP($D87,LISTINO!$B:$I,6,FALSE),IFERROR(VLOOKUP($E87,LISTINO!$C:$I,5,FALSE),"")) | R87: =IF(AND(ISNUMBER(G87),ISNUMBER(Q87)),G87*Q87,"")
A88: PILASTRO CUSCINETTO | C88: 2 | D88: TTS.PC.001.IPE140.28 | E88: Pilastro cuscinetto trave IPE 140 mt.2,80 | F88: Carpenteria metallica | G88: 0 | O88: pz | Q88: =IFERROR(VLOOKUP($D88,LISTINO!$B:$I,6,FALSE),IFERROR(VLOOKUP($E88,LISTINO!$C:$I,5,FALSE),"")) | R88: =IF(AND(ISNUMBER(G88),ISNUMBER(Q88)),G88*Q88,"")
A89: PILASTRO CUSCINETTO | C89: 2 | D89: TTS.PC.001.IPEA140.28 | E89: Pilastro cuscinetto trave IPEA 140 mt.2,80 (alleggerita) | F89: Carpenteria metallica | G89: 0 | O89: pz | Q89: =IFERROR(VLOOKUP($D89,LISTINO!$B:$I,6,FALSE),IFERROR(VLOOKUP($E89,LISTINO!$C:$I,5,FALSE),"")) | R89: =IF(AND(ISNUMBER(G89),ISNUMBER(Q89)),G89*Q89,"")
A90: PILASTRO CUSCINETTO | C90: 2 | D90: TTS.PC.001.IPE140.29 | E90: Pilastro cuscinetto trave IPE 140 mt.2,90 | F90: Carpenteria metallica | G90: 0 | O90: pz | Q90: =IFERROR(VLOOKUP($D90,LISTINO!$B:$I,6,FALSE),IFERROR(VLOOKUP($E90,LISTINO!$C:$I,5,FALSE),"")) | R90: =IF(AND(ISNUMBER(G90),ISNUMBER(Q90)),G90*Q90,"")
A91: PILASTRO CUSCINETTO | C91: 2 | D91: TTS.PC.001.IPEA140.29 | E91: Pilastro cuscinetto trave IPEA 140 mt.2,90 (alleggerita) | F91: Carpenteria metallica | G91: 0 | O91: pz | Q91: =IFERROR(VLOOKUP($D91,LISTINO!$B:$I,6,FALSE),IFERROR(VLOOKUP($E91,LISTINO!$C:$I,5,FALSE),"")) | R91: =IF(AND(ISNUMBER(G91),ISNUMBER(Q91)),G91*Q91,"")
A92: PILASTRO CUSCINETTO | C92: 2 | D92: TTS.PC.001.IPE140.30 | E92: Pilastro cuscinetto trave IPE 140 mt.3,00 | F92: Carpenteria metallica | G92: 0 | O92: pz | Q92: =IFERROR(VLOOKUP($D92,LISTINO!$B:$I,6,FALSE),IFERROR(VLOOKUP($E92,LISTINO!$C:$I,5,FALSE),"")) | R92: =IF(AND(ISNUMBER(G92),ISNUMBER(Q92)),G92*Q92,"")
A93: PILASTRO CUSCINETTO | C93: 2 | D93: TTS.PC.001.IPEA140.30 | E93: Pilastro cuscinetto trave IPEA 140 mt.3,00 (alleggerita) | F93: Carpenteria metallica | G93: 0 | O93: pz | Q93: =IFERROR(VLOOKUP($D93,LISTINO!$B:$I,6,FALSE),IFERROR(VLOOKUP($E93,LISTINO!$C:$I,5,FALSE),"")) | R93: =IF(AND(ISNUMBER(G93),ISNUMBER(Q93)),G93*Q93,"")
A94: PILASTRO CUSCINETTO | C94: 2 | D94: TTS.PC.001.IPE140.31 | E94: Pilastro cuscinetto trave IPE 140 mt.3,10 | F94: Carpenteria metallica | G94: 0 | O94: pz | Q94: =IFERROR(VLOOKUP($D94,LISTINO!$B:$I,6,FALSE),IFERROR(VLOOKUP($E94,LISTINO!$C:$I,5,FALSE),"")) | R94: =IF(AND(ISNUMBER(G94),ISNUMBER(Q94)),G94*Q94,"")
A95: PILASTRO CUSCINETTO | C95: 2 | D95: TTS.PC.001.IPEA140.31 | E95: Pilastro cuscinetto trave IPEA 140 mt.3,10 (alleggerita) | F95: Carpenteria metallica | G95: 0 | O95: pz | Q95: =IFERROR(VLOOKUP($D95,LISTINO!$B:$I,6,FALSE),IFERROR(VLOOKUP($E95,LISTINO!$C:$I,5,FALSE),"")) | R95: =IF(AND(ISNUMBER(G95),ISNUMBER(Q95)),G95*Q95,"")
A96: PILASTRO CUSCINETTO | C96: 2 | D96: TTS.PC.001.IPE140.32 | E96: Pilastro cuscinetto trave IPE 140 mt.3,20 | F96: Carpenteria metallica | G96: 0 | O96: pz | Q96: =IFERROR(VLOOKUP($D96,LISTINO!$B:$I,6,FALSE),IFERROR(VLOOKUP($E96,LISTINO!$C:$I,5,FALSE),"")) | R96: =IF(AND(ISNUMBER(G96),ISNUMBER(Q96)),G96*Q96,"")
A97: PILASTRO CUSCINETTO | C97: 2 | D97: TTS.PC.001.IPEA140.32 | E97: Pilastro cuscinetto trave IPEA 140 mt.3,20 (alleggerita) | F97: Carpenteria metallica | G97: 0 | O97: pz | Q97: =IFERROR(VLOOKUP($D97,LISTINO!$B:$I,6,FALSE),IFERROR(VLOOKUP($E97,LISTINO!$C:$I,5,FALSE),"")) | R97: =IF(AND(ISNUMBER(G97),ISNUMBER(Q97)),G97*Q97,"")
A98: PILASTRO CUSCINETTO | C98: 2 | D98: TTS.PC.001.IPE140.33 | E98: Pilastro cuscinetto trave IPE 140 mt.3,30 | F98: Carpenteria metallica | G98: 0 | O98: pz | Q98: =IFERROR(VLOOKUP($D98,LISTINO!$B:$I,6,FALSE),IFERROR(VLOOKUP($E98,LISTINO!$C:$I,5,FALSE),"")) | R98: =IF(AND(ISNUMBER(G98),ISNUMBER(Q98)),G98*Q98,"")
... A123: PILASTRO CUSCINETTO | C123: 2 | D123: TTS.PC.001.IPEA140.45 | E123: Pilastro cuscinetto trave IPEA 140 mt.4,50 (alleggerita) | F123: Carpenteria metallica | G123: 0 | O123: pz | Q123: =IFERROR(VLOOKUP($D123,LISTINO!$B:$I,6,FALSE),IFERROR(VLOOKUP($E123,LISTINO!$C:$I,5,FALSE),"")) | R123: =IF(AND(ISNUMBER(G123),ISNUMBER(Q123)),G123*Q123,"")
A124: PILASTRO CUSCINETTO | C124: 3 | D124: TTS.PF.002.IPE140 | E124: Piastra giunzione montanti centrale 200x100x4 (8 fori Ø 11) | F124: Carpenteria metallica | G124: 2 | H124: 4 | I124: 8 | J124: 8 | K124: 8 | L124: 16 | M124: 20 | O124: pz | Q124: =IFERROR(VLOOKUP($D124,LISTINO!$B:$I,6,FALSE),IFERROR(VLOOKUP($E124,LISTINO!$C:$I,5,FALSE),"")) | R124: =IF(AND(ISNUMBER(G124),ISNUMBER(Q124)),G124*Q124,"")
A125: PILASTRO CUSCINETTO | C125: 4 | D125: 10BZM10X40 | E125: Bullone testa esagonale M10X40 | F125: Bulloneria e minuteria | G125: 8 | H125: 16 | I125: 32 | J125: 32 | K125: 32 | L125: 64 | M125: 80 | O125: pz | Q125: =IFERROR(VLOOKUP($D125,LISTINO!$B:$I,6,FALSE),IFERROR(VLOOKUP($E125,LISTINO!$C:$I,5,FALSE),"")) | R125: =IF(AND(ISNUMBER(G125),ISNUMBER(Q125)),G125*Q125,"")
A126: PILASTRO CUSCINETTO | C126: 5 | D126: 10ROND10 | E126: Rondella zn da 10 | F126: Bulloneria e minuteria | G126: 8 | H126: 16 | I126: 32 | J126: 32 | K126: 32 | L126: 64 | M126: 80 | O126: pz | Q126: =IFERROR(VLOOKUP($D126,LISTINO!$B:$I,6,FALSE),IFERROR(VLOOKUP($E126,LISTINO!$C:$I,5,FALSE),"")) | R126: =IF(AND(ISNUMBER(G126),ISNUMBER(Q126)),G126*Q126,"")
A127: PILASTRO CUSCINETTO | C127: 6 | D127: 10ROND10 | E127: Rondella zn da 10 | F127: Bulloneria e minuteria | G127: 8 | H127: 16 | I127: 32 | J127: 32 | K127: 32 | L127: 64 | M127: 80 | O127: pz | Q127: =IFERROR(VLOOKUP($D127,LISTINO!$B:$I,6,FALSE),IFERROR(VLOOKUP($E127,LISTINO!$C:$I,5,FALSE),"")) | R127: =IF(AND(ISNUMBER(G127),ISNUMBER(Q127)),G127*Q127,"")
A128: PILASTRO CUSCINETTO | C128: 7 | D128: 10DAZAM10 | E128: Dado autobloccante M10 | F128: Bulloneria e minuteria | G128: 8 | H128: 16 | I128: 32 | J128: 32 | K128: 32 | L128: 64 | M128: 80 | O128: pz | Q128: =IFERROR(VLOOKUP($D128,LISTINO!$B:$I,6,FALSE),IFERROR(VLOOKUP($E128,LISTINO!$C:$I,5,FALSE),"")) | R128: =IF(AND(ISNUMBER(G128),ISNUMBER(Q128)),G128*Q128,"")
A129: PILASTRO CUSCINETTO | C129: 1 | D129: TTS.PF.003.IPE140 | E129: Piastra giunzione montanti esterna 240x70x6 (12 fori Ø 11) | F129: Carpenteria metallica | G129: 2 | H129: 4 | I129: 8 | J129: 8 | K129: 8 | L129: 16 | M129: 20 | O129: pz | Q129: =IFERROR(VLOOKUP($D129,LISTINO!$B:$I,6,FALSE),IFERROR(VLOOKUP($E129,LISTINO!$C:$I,5,FALSE),"")) | R129: =IF(AND(ISNUMBER(G129),ISNUMBER(Q129)),G129*Q129,"")
A130: PILASTRO CUSCINETTO | C130: 2 | D130: TTS.PF.004.IPE140 | E130: Piastra giunzione montanti interna 240x25x6 (6 fori Ø 11) | F130: Carpenteria metallica | G130: 4 | H130: 8 | I130: 16 | J130: 16 | K130: 16 | L130: 32 | M130: 40 | O130: pz | Q130: =IFERROR(VLOOKUP($D130,LISTINO!$B:$I,6,FALSE),IFERROR(VLOOKUP($E130,LISTINO!$C:$I,5,FALSE),"")) | R130: =IF(AND(ISNUMBER(G130),ISNUMBER(Q130)),G130*Q130,"")
A131: PILASTRO CUSCINETTO | C131: 3 | D131: 10BZM10X40 | E131: Bullone testa esagonale M10X40 | F131: Bulloneria e minuteria | G131: 24 | H131: 48 | I131: 96 | J131: 96 | K131: 96 | L131: 192 | M131: 240 | O131: pz | Q131: =IFERROR(VLOOKUP($D131,LISTINO!$B:$I,6,FALSE),IFERROR(VLOOKUP($E131,LISTINO!$C:$I,5,FALSE),"")) | R131: =IF(AND(ISNUMBER(G131),ISNUMBER(Q131)),G131*Q131,"")
A132: PILASTRO CUSCINETTO | C132: 4 | D132: 10ROND10 | E132: Rondella zn da 10 | F132: Bulloneria e minuteria | G132: 24 | H132: 48 | I132: 96 | J132: 96 | K132: 96 | L132: 192 | M132: 240 | O132: pz | Q132: =IFERROR(VLOOKUP($D132,LISTINO!$B:$I,6,FALSE),IFERROR(VLOOKUP($E132,LISTINO!$C:$I,5,FALSE),"")) | R132: =IF(AND(ISNUMBER(G132),ISNUMBER(Q132)),G132*Q132,"")
A133: PILASTRO CUSCINETTO | C133: 5 | D133: 10ROND10 | E133: Rondella zn da 10 | F133: Bulloneria e minuteria | G133: 24 | H133: 48 | I133: 96 | J133: 96 | K133: 96 | L133: 192 | M133: 240 | O133: pz | Q133: =IFERROR(VLOOKUP($D133,LISTINO!$B:$I,6,FALSE),IFERROR(VLOOKUP($E133,LISTINO!$C:$I,5,FALSE),"")) | R133: =IF(AND(ISNUMBER(G133),ISNUMBER(Q133)),G133*Q133,"")
A134: PILASTRO CUSCINETTO | C134: 6 | D134: 10DAZAM10 | E134: Dado autobloccante M10 | F134: Bulloneria e minuteria | G134: 24 | H134: 48 | I134: 96 | J134: 96 | K134: 96 | L134: 192 | M134: 240 | O134: pz | Q134: =IFERROR(VLOOKUP($D134,LISTINO!$B:$I,6,FALSE),IFERROR(VLOOKUP($E134,LISTINO!$C:$I,5,FALSE),"")) | R134: =IF(AND(ISNUMBER(G134),ISNUMBER(Q134)),G134*Q134,"")
A135: PILASTRO CUSCINETTO | C135: 2 | D135: TTS.PC.002 | E135: Supporto laterale pilastro cuscinetto | F135: Carpenteria metallica | G135: 2 | H135: 4 | I135: 8 | J135: 8 | K135: 8 | L135: 16 | M135: 20 | O135: pz | Q135: =IFERROR(VLOOKUP($D135,LISTINO!$B:$I,6,FALSE),IFERROR(VLOOKUP($E135,LISTINO!$C:$I,5,FALSE),"")) | R135: =IF(AND(ISNUMBER(G135),ISNUMBER(Q135)),G135*Q135,"")
... A140: PILASTRO CUSCINETTO | C140: 2 | D140: TTS.PC.002.IPE140 | E140: Supporto laterale testa cuscinetto | F140: Carpenteria metallica | G140: 2 | H140: 4 | I140: 8 | J140: 8 | K140: 8 | L140: 16 | M140: 20 | O140: pz | Q140: =IFERROR(VLOOKUP($D140,LISTINO!$B:$I,6,FALSE),IFERROR(VLOOKUP($E140,LISTINO!$C:$I,5,FALSE),"")) | R140: =IF(AND(ISNUMBER(G140),ISNUMBER(Q140)),G140*Q140,"")
A141: PILASTRO CUSCINETTO | C141: 2 | D141: TTS.PC.002.IPEA140 | E141: Supporto laterale testa cuscinetto (alleggerita) | F141: Carpenteria metallica | G141: 0 | O141: pz | Q141: =IFERROR(VLOOKUP($D141,LISTINO!$B:$I,6,FALSE),IFERROR(VLOOKUP($E141,LISTINO!$C:$I,5,FALSE),"")) | R141: =IF(AND(ISNUMBER(G141),ISNUMBER(Q141)),G141*Q141,"")
A142: PILASTRO CUSCINETTO | C142: 3 | D142: TTS.PC.003.IPE140 | E142: Supporto testa cuscinetto | F142: Carpenteria metallica | G142: 1 | H142: 2 | I142: 4 | J142: 4 | K142: 4 | L142: 8 | M142: 10 | O142: pz | Q142: =IFERROR(VLOOKUP($D142,LISTINO!$B:$I,6,FALSE),IFERROR(VLOOKUP($E142,LISTINO!$C:$I,5,FALSE),"")) | R142: =IF(AND(ISNUMBER(G142),ISNUMBER(Q142)),G142*Q142,"")
A143: PILASTRO CUSCINETTO | C143: 3 | D143: TTS.PC.003.IPEA140 | E143: Supporto testa cuscinetto (alleggerita) | F143: Carpenteria metallica | G143: 0 | O143: pz | Q143: =IFERROR(VLOOKUP($D143,LISTINO!$B:$I,6,FALSE),IFERROR(VLOOKUP($E143,LISTINO!$C:$I,5,FALSE),"")) | R143: =IF(AND(ISNUMBER(G143),ISNUMBER(Q143)),G143*Q143,"")
A144: PILASTRO CUSCINETTO | C144: 4 | D144: 10BZ10X30 | E144: Bullone testa esagonale M10X30 | F144: Bulloneria e minuteria | G144: 4 | H144: 8 | I144: 16 | J144: 16 | K144: 16 | L144: 32 | M144: 40 | O144: pz | Q144: =IFERROR(VLOOKUP($D144,LISTINO!$B:$I,6,FALSE),IFERROR(VLOOKUP($E144,LISTINO!$C:$I,5,FALSE),"")) | R144: =IF(AND(ISNUMBER(G144),ISNUMBER(Q144)),G144*Q144,"")
A145: PILASTRO CUSCINETTO | C145: 5 | D145: 10ROND10 | E145: Rondella zn da 10 | F145: Bulloneria e minuteria | G145: 4 | H145: 8 | I145: 16 | J145: 16 | K145: 16 | L145: 32 | M145: 40 | O145: pz | Q145: =IFERROR(VLOOKUP($D145,LISTINO!$B:$I,6,FALSE),IFERROR(VLOOKUP($E145,LISTINO!$C:$I,5,FALSE),"")) | R145: =IF(AND(ISNUMBER(G145),ISNUMBER(Q145)),G145*Q145,"")
A146: PILASTRO CUSCINETTO | C146: 6 | D146: 10ROND10 | E146: Rondella zn da 10 | F146: Bulloneria e minuteria | G146: 4 | H146: 8 | I146: 16 | J146: 16 | K146: 16 | L146: 32 | M146: 40 | O146: pz | Q146: =IFERROR(VLOOKUP($D146,LISTINO!$B:$I,6,FALSE),IFERROR(VLOOKUP($E146,LISTINO!$C:$I,5,FALSE),"")) | R146: =IF(AND(ISNUMBER(G146),ISNUMBER(Q146)),G146*Q146,"")
A147: PILASTRO CUSCINETTO | C147: 7 | D147: 10DAZAM10 | E147: Dado autobloccante M10 | F147: Bulloneria e minuteria | G147: 4 | H147: 8 | I147: 16 | J147: 16 | K147: 16 | L147: 32 | M147: 40 | O147: pz | Q147: =IFERROR(VLOOKUP($D147,LISTINO!$B:$I,6,FALSE),IFERROR(VLOOKUP($E147,LISTINO!$C:$I,5,FALSE),"")) | R147: =IF(AND(ISNUMBER(G147),ISNUMBER(Q147)),G147*Q147,"")
A148: PILASTRO CUSCINETTO | C148: 2 | D148: ESQM_2_0_120_1 | E148: Cuscinetto asse di rotazione | F148: Cuscinetti | G148: 1 | H148: 2 | I148: 4 | J148: 4 | K148: 4 | L148: 8 | M148: 10 | O148: pz | Q148: =IFERROR(VLOOKUP($D148,LISTINO!$B:$I,6,FALSE),IFERROR(VLOOKUP($E148,LISTINO!$C:$I,5,FALSE),"")) | R148: =IF(AND(ISNUMBER(G148),ISNUMBER(Q148)),G148*Q148,"")
A149: PILASTRO CUSCINETTO | C149: 3 | D149: 10BZ16X140 | E149: Bullone testa esagonale M16x140 mezzo filetto | F149: Bulloneria e minuteria | G149: 2 | H149: 4 | I149: 8 | J149: 8 | K149: 8 | L149: 16 | M149: 20 | O149: pz | Q149: =IFERROR(VLOOKUP($D149,LISTINO!$B:$I,6,FALSE),IFERROR(VLOOKUP($E149,LISTINO!$C:$I,5,FALSE),"")) | R149: =IF(AND(ISNUMBER(G149),ISNUMBER(Q149)),G149*Q149,"")
A150: PILASTRO CUSCINETTO | C150: 4 | D150: 10ROND16 | E150: Rondella zn da 16 | F150: Bulloneria e minuteria | G150: 2 | H150: 4 | I150: 8 | J150: 8 | K150: 8 | L150: 16 | M150: 20 | O150: pz | Q150: =IFERROR(VLOOKUP($D150,LISTINO!$B:$I,6,FALSE),IFERROR(VLOOKUP($E150,LISTINO!$C:$I,5,FALSE),"")) | R150: =IF(AND(ISNUMBER(G150),ISNUMBER(Q150)),G150*Q150,"")
A151: PILASTRO CUSCINETTO | C151: 5 | D151: 10ROND16 | E151: Rondella zn da 16 | F151: Bulloneria e minuteria | G151: 2 | H151: 4 | I151: 8 | J151: 8 | K151: 8 | L151: 16 | M151: 20 | O151: pz | Q151: =IFERROR(VLOOKUP($D151,LISTINO!$B:$I,6,FALSE),IFERROR(VLOOKUP($E151,LISTINO!$C:$I,5,FALSE),"")) | R151: =IF(AND(ISNUMBER(G151),ISNUMBER(Q151)),G151*Q151,"")
A152: PILASTRO CUSCINETTO | C152: 6 | D152: 10DAZAM16 | E152: Dado autobloccante M16 | F152: Bulloneria e minuteria | G152: 2 | H152: 4 | I152: 8 | J152: 8 | K152: 8 | L152: 16 | M152: 20 | O152: pz | Q152: =IFERROR(VLOOKUP($D152,LISTINO!$B:$I,6,FALSE),IFERROR(VLOOKUP($E152,LISTINO!$C:$I,5,FALSE),"")) | R152: =IF(AND(ISNUMBER(G152),ISNUMBER(Q152)),G152*Q152,"")
A153: ASSI DI ROTAZIONE 1303 | B153: 12 MODULI 1303 | D153: TTS.AR.001.8250 | E153: Asse lato motore 120x120x3 mm. lunghezza mt.8,25 | F153: Carpenteria metallica | G153: 2 | O153: pz | Q153: =IFERROR(VLOOKUP($D153,LISTINO!$B:$I,6,FALSE),IFERROR(VLOOKUP($E153,LISTINO!$C:$I,5,FALSE),"")) | R153: =IF(AND(ISNUMBER(G153),ISNUMBER(Q153)),G153*Q153,"")
A154: ASSI DI ROTAZIONE 1303 | B154: 12 MODULI 1303 | D154: TTS.AR.001.8250.25 | E154: Asse lato motore 120x120x2,5 mm. lunghezza mt.8,25 | F154: Carpenteria metallica | G154: 0 | O154: pz | Q154: =IFERROR(VLOOKUP($D154,LISTINO!$B:$I,6,FALSE),IFERROR(VLOOKUP($E154,LISTINO!$C:$I,5,FALSE),"")) | R154: =IF(AND(ISNUMBER(G154),ISNUMBER(Q154)),G154*Q154,"")
A155: ASSI DI ROTAZIONE 1303 | B155: 18 MODULI 1303 | D155: TTS.AR.001.7200 | E155: Asse lato motore 120x120x3 mm. lunghezza mt.7,20 | F155: Carpenteria metallica | G155: 2 | O155: pz | Q155: =IFERROR(VLOOKUP($D155,LISTINO!$B:$I,6,FALSE),IFERROR(VLOOKUP($E155,LISTINO!$C:$I,5,FALSE),"")) | R155: =IF(AND(ISNUMBER(G155),ISNUMBER(Q155)),G155*Q155,"")
A156: ASSI DI ROTAZIONE 1303 | B156: 18 MODULI 1303 | D156: TTS.AR.001.7200.25 | E156: Asse lato motore 120x120x2,5 mm. lunghezza mt.7,20 | F156: Carpenteria metallica | G156: 0 | O156: pz | Q156: =IFERROR(VLOOKUP($D156,LISTINO!$B:$I,6,FALSE),IFERROR(VLOOKUP($E156,LISTINO!$C:$I,5,FALSE),"")) | R156: =IF(AND(ISNUMBER(G156),ISNUMBER(Q156)),G156*Q156,"")
A157: ASSI DI ROTAZIONE 1303 | B157: 18 MODULI 1303 | D157: TTS.AR.002.5000 | E157: Asse esterno 120x120x3 mm. lunghezza mt.5,00 | F157: Carpenteria metallica | G157: 2 | O157: pz | Q157: =IFERROR(VLOOKUP($D157,LISTINO!$B:$I,6,FALSE),IFERROR(VLOOKUP($E157,LISTINO!$C:$I,5,FALSE),"")) | R157: =IF(AND(ISNUMBER(G157),ISNUMBER(Q157)),G157*Q157,"")
A158: ASSI DI ROTAZIONE 1303 | B158: 18 MODULI 1303 | D158: TTS.AR.002.5000.25 | E158: Asse esterno 120x120x2,5 mm. lunghezza mt.5,00 | F158: Carpenteria metallica | G158: 0 | O158: pz | Q158: =IFERROR(VLOOKUP($D158,LISTINO!$B:$I,6,FALSE),IFERROR(VLOOKUP($E158,LISTINO!$C:$I,5,FALSE),"")) | R158: =IF(AND(ISNUMBER(G158),ISNUMBER(Q158)),G158*Q158,"")
A159: ASSI DI ROTAZIONE 1303 | B159: 18 MODULI 1303 | D159: TTS.AR.201 | E159: Kit giunzione asse di collegamento | F159: Carpenteria metallica | G159: 2 | O159: pz | Q159: =IFERROR(VLOOKUP($D159,LISTINO!$B:$I,6,FALSE),IFERROR(VLOOKUP($E159,LISTINO!$C:$I,5,FALSE),"")) | R159: =IF(AND(ISNUMBER(G159),ISNUMBER(Q159)),G159*Q159,"")
A160: ASSI DI ROTAZIONE 1303 | B160: 18 MODULI 1303 | C160: 1 | D160: TTS.AR.2011 | E160: Gaffa giunzione asse | F160: Carpenteria metallica | G160: 2 | I160: 4 | O160: pz | Q160: =IFERROR(VLOOKUP($D160,LISTINO!$B:$I,6,FALSE),IFERROR(VLOOKUP($E160,LISTINO!$C:$I,5,FALSE),"")) | R160: =IF(AND(ISNUMBER(G160),ISNUMBER(Q160)),G160*Q160,"")
A161: ASSI DI ROTAZIONE 1303 | B161: 18 MODULI 1303 | C161: 2 | D161: 10BZM8X150 | E161: Bullone testa esagonale zn M8X150 | F161: Bulloneria e minuteria | G161: 2 | I161: 4 | O161: pz | Q161: =IFERROR(VLOOKUP($D161,LISTINO!$B:$I,6,FALSE),IFERROR(VLOOKUP($E161,LISTINO!$C:$I,5,FALSE),"")) | R161: =IF(AND(ISNUMBER(G161),ISNUMBER(Q161)),G161*Q161,"")
A162: ASSI DI ROTAZIONE 1303 | B162: 18 MODULI 1303 | C162: 3 | D162: 10ROND8 | E162: Rondella zn 8 | F162: Bulloneria e minuteria | G162: 2 | I162: 4 | O162: pz | Q162: =IFERROR(VLOOKUP($D162,LISTINO!$B:$I,6,FALSE),IFERROR(VLOOKUP($E162,LISTINO!$C:$I,5,FALSE),"")) | R162: =IF(AND(ISNUMBER(G162),ISNUMBER(Q162)),G162*Q162,"")
A163: ASSI DI ROTAZIONE 1303 | B163: 18 MODULI 1303 | C163: 4 | D163: 10ROND8 | E163: Rondella zn 8 | F163: Bulloneria e minuteria | G163: 2 | I163: 4 | O163: pz | Q163: =IFERROR(VLOOKUP($D163,LISTINO!$B:$I,6,FALSE),IFERROR(VLOOKUP($E163,LISTINO!$C:$I,5,FALSE),"")) | R163: =IF(AND(ISNUMBER(G163),ISNUMBER(Q163)),G163*Q163,"")
A164: ASSI DI ROTAZIONE 1303 | B164: 18 MODULI 1303 | C164: 5 | D164: 10DAZAM8 | E164: Dado autobloccante M8 | F164: Bulloneria e minuteria | G164: 2 | I164: 4 | O164: pz | Q164: =IFERROR(VLOOKUP($D164,LISTINO!$B:$I,6,FALSE),IFERROR(VLOOKUP($E164,LISTINO!$C:$I,5,FALSE),"")) | R164: =IF(AND(ISNUMBER(G164),ISNUMBER(Q164)),G164*Q164,"")
A165: ASSI DI ROTAZIONE 1303 | B165: 18 MODULI 1303 | C165: 6 | D165: 10BZM10X30 | E165: Bullone testa esagonale zn M10X30 | F165: Bulloneria e minuteria | G165: 8 | I165: 16 | O165: pz | Q165: =IFERROR(VLOOKUP($D165,LISTINO!$B:$I,6,FALSE),IFERROR(VLOOKUP($E165,LISTINO!$C:$I,5,FALSE),"")) | R165: =IF(AND(ISNUMBER(G165),ISNUMBER(Q165)),G165*Q165,"")
A166: ASSI DI ROTAZIONE 1303 | B166: 18 MODULI 1303 | C166: 7 | D166: 10ROND10 | E166: Rondella zn 10 | F166: Bulloneria e minuteria | G166: 8 | I166: 16 | O166: pz | Q166: =IFERROR(VLOOKUP($D166,LISTINO!$B:$I,6,FALSE),IFERROR(VLOOKUP($E166,LISTINO!$C:$I,5,FALSE),"")) | R166: =IF(AND(ISNUMBER(G166),ISNUMBER(Q166)),G166*Q166,"")
A167: ASSI DI ROTAZIONE 1303 | B167: 18 MODULI 1303 | C167: 8 | D167: 10ROND10 | E167: Rondella zn 10 | F167: Bulloneria e minuteria | G167: 8 | I167: 16 | O167: pz | Q167: =IFERROR(VLOOKUP($D167,LISTINO!$B:$I,6,FALSE),IFERROR(VLOOKUP($E167,LISTINO!$C:$I,5,FALSE),"")) | R167: =IF(AND(ISNUMBER(G167),ISNUMBER(Q167)),G167*Q167,"")
A168: ASSI DI ROTAZIONE 1303 | B168: 18 MODULI 1303 | C168: 9 | D168: 10DAZAM10 | E168: Dado autobloccante M10 | F168: Bulloneria e minuteria | G168: 8 | I168: 16 | O168: pz | Q168: =IFERROR(VLOOKUP($D168,LISTINO!$B:$I,6,FALSE),IFERROR(VLOOKUP($E168,LISTINO!$C:$I,5,FALSE),"")) | R168: =IF(AND(ISNUMBER(G168),ISNUMBER(Q168)),G168*Q168,"")
A169: ASSI DI ROTAZIONE 1303 | B169: 20 MODULI 1303 | D169: TTS.AR.001.7200 | E169: Asse lato motore 120x120x3 mm. lunghezza mt.7,20 | F169: Carpenteria metallica | G169: 2 | O169: pz | Q169: =IFERROR(VLOOKUP($D169,LISTINO!$B:$I,6,FALSE),IFERROR(VLOOKUP($E169,LISTINO!$C:$I,5,FALSE),"")) | R169: =IF(AND(ISNUMBER(G169),ISNUMBER(Q169)),G169*Q169,"")
A170: ASSI DI ROTAZIONE 1303 | B170: 20 MODULI 1303 | D170: TTS.AR.002.6300 | E170: Asse esterno 120x120x3 mm. lunghezza mt.6,30 | F170: Carpenteria metallica | G170: 2 | O170: pz | Q170: =IFERROR(VLOOKUP($D170,LISTINO!$B:$I,6,FALSE),IFERROR(VLOOKUP($E170,LISTINO!$C:$I,5,FALSE),"")) | R170: =IF(AND(ISNUMBER(G170),ISNUMBER(Q170)),G170*Q170,"")
A171: ASSI DI ROTAZIONE 1303 | B171: 20 MODULI 1303 | D171: TTS.AR.002.6300.25 | E171: Asse esterno 120x120x2,5 mm. lunghezza mt.6,30 | F171: Carpenteria metallica | G171: 0 | O171: pz | Q171: =IFERROR(VLOOKUP($D171,LISTINO!$B:$I,6,FALSE),IFERROR(VLOOKUP($E171,LISTINO!$C:$I,5,FALSE),"")) | R171: =IF(AND(ISNUMBER(G171),ISNUMBER(Q171)),G171*Q171,"")
A172: ASSI DI ROTAZIONE 1303 | B172: 20 MODULI 1303 | D172: TTS.AR.201 | E172: Kit giunzione asse di collegamento | F172: Carpenteria metallica | G172: 2 | O172: pz | Q172: =IFERROR(VLOOKUP($D172,LISTINO!$B:$I,6,FALSE),IFERROR(VLOOKUP($E172,LISTINO!$C:$I,5,FALSE),"")) | R172: =IF(AND(ISNUMBER(G172),ISNUMBER(Q172)),G172*Q172,"")
A173: ASSI DI ROTAZIONE 1303 | B173: 20 MODULI 1303 | C173: 1 | D173: TTS.AR.2011 | E173: Gaffa giunzione asse | F173: Carpenteria metallica | G173: 2 | J173: 4 | O173: pz | Q173: =IFERROR(VLOOKUP($D173,LISTINO!$B:$I,6,FALSE),IFERROR(VLOOKUP($E173,LISTINO!$C:$I,5,FALSE),"")) | R173: =IF(AND(ISNUMBER(G173),ISNUMBER(Q173)),G173*Q173,"")
A174: ASSI DI ROTAZIONE 1303 | B174: 20 MODULI 1303 | C174: 2 | D174: 10BZM8X150 | E174: Bullone testa esagonale zn M8X150 | F174: Bulloneria e minuteria | G174: 2 | J174: 4 | O174: pz | Q174: =IFERROR(VLOOKUP($D174,LISTINO!$B:$I,6,FALSE),IFERROR(VLOOKUP($E174,LISTINO!$C:$I,5,FALSE),"")) | R174: =IF(AND(ISNUMBER(G174),ISNUMBER(Q174)),G174*Q174,"")
A175: ASSI DI ROTAZIONE 1303 | B175: 20 MODULI 1303 | C175: 3 | D175: 10ROND8 | E175: Rondella zn 8 | F175: Bulloneria e minuteria | G175: 2 | J175: 4 | O175: pz | Q175: =IFERROR(VLOOKUP($D175,LISTINO!$B:$I,6,FALSE),IFERROR(VLOOKUP($E175,LISTINO!$C:$I,5,FALSE),"")) | R175: =IF(AND(ISNUMBER(G175),ISNUMBER(Q175)),G175*Q175,"")
A176: ASSI DI ROTAZIONE 1303 | B176: 20 MODULI 1303 | C176: 4 | D176: 10ROND8 | E176: Rondella zn 8 | F176: Bulloneria e minuteria | G176: 2 | J176: 4 | O176: pz | Q176: =IFERROR(VLOOKUP($D176,LISTINO!$B:$I,6,FALSE),IFERROR(VLOOKUP($E176,LISTINO!$C:$I,5,FALSE),"")) | R176: =IF(AND(ISNUMBER(G176),ISNUMBER(Q176)),G176*Q176,"")
A177: ASSI DI ROTAZIONE 1303 | B177: 20 MODULI 1303 | C177: 5 | D177: 10DAZAM8 | E177: Dado autobloccante M8 | F177: Bulloneria e minuteria | G177: 2 | J177: 4 | O177: pz | Q177: =IFERROR(VLOOKUP($D177,LISTINO!$B:$I,6,FALSE),IFERROR(VLOOKUP($E177,LISTINO!$C:$I,5,FALSE),"")) | R177: =IF(AND(ISNUMBER(G177),ISNUMBER(Q177)),G177*Q177,"")
A178: ASSI DI ROTAZIONE 1303 | B178: 20 MODULI 1303 | C178: 6 | D178: 10BZM10X30 | E178: Bullone testa esagonale zn M10X30 | F178: Bulloneria e minuteria | G178: 8 | J178: 16 | O178: pz | Q178: =IFERROR(VLOOKUP($D178,LISTINO!$B:$I,6,FALSE),IFERROR(VLOOKUP($E178,LISTINO!$C:$I,5,FALSE),"")) | R178: =IF(AND(ISNUMBER(G178),ISNUMBER(Q178)),G178*Q178,"")
A179: ASSI DI ROTAZIONE 1303 | B179: 20 MODULI 1303 | C179: 7 | D179: 10ROND10 | E179: Rondella zn 10 | F179: Bulloneria e minuteria | G179: 8 | J179: 16 | O179: pz | Q179: =IFERROR(VLOOKUP($D179,LISTINO!$B:$I,6,FALSE),IFERROR(VLOOKUP($E179,LISTINO!$C:$I,5,FALSE),"")) | R179: =IF(AND(ISNUMBER(G179),ISNUMBER(Q179)),G179*Q179,"")
A180: ASSI DI ROTAZIONE 1303 | B180: 20 MODULI 1303 | C180: 8 | D180: 10ROND10 | E180: Rondella zn 10 | F180: Bulloneria e minuteria | G180: 8 | J180: 16 | O180: pz | Q180: =IFERROR(VLOOKUP($D180,LISTINO!$B:$I,6,FALSE),IFERROR(VLOOKUP($E180,LISTINO!$C:$I,5,FALSE),"")) | R180: =IF(AND(ISNUMBER(G180),ISNUMBER(Q180)),G180*Q180,"")
A181: ASSI DI ROTAZIONE 1303 | B181: 20 MODULI 1303 | C181: 9 | D181: 10DAZAM10 | E181: Dado autobloccante M10 | F181: Bulloneria e minuteria | G181: 8 | J181: 16 | O181: pz | Q181: =IFERROR(VLOOKUP($D181,LISTINO!$B:$I,6,FALSE),IFERROR(VLOOKUP($E181,LISTINO!$C:$I,5,FALSE),"")) | R181: =IF(AND(ISNUMBER(G181),ISNUMBER(Q181)),G181*Q181,"")
A182: ASSI DI ROTAZIONE 1303 | B182: 22 MODULI 1303 | D182: TTS.AR.001.8700 | E182: Asse lato motore 120x120x3 mm. lunghezza mt.8,70 | F182: Carpenteria metallica | G182: 2 | O182: pz | Q182: =IFERROR(VLOOKUP($D182,LISTINO!$B:$I,6,FALSE),IFERROR(VLOOKUP($E182,LISTINO!$C:$I,5,FALSE),"")) | R182: =IF(AND(ISNUMBER(G182),ISNUMBER(Q182)),G182*Q182,"")
A183: ASSI DI ROTAZIONE 1303 | B183: 22 MODULI 1303 | D183: TTS.AR.001.8700.25 | E183: Asse lato motore 120x120x2,5 mm. lunghezza mt.8,70 | F183: Carpenteria metallica | G183: 0 | O183: pz | Q183: =IFERROR(VLOOKUP($D183,LISTINO!$B:$I,6,FALSE),IFERROR(VLOOKUP($E183,LISTINO!$C:$I,5,FALSE),"")) | R183: =IF(AND(ISNUMBER(G183),ISNUMBER(Q183)),G183*Q183,"")
A184: ASSI DI ROTAZIONE 1303 | B184: 22 MODULI 1303 | D184: TTS.AR.002.6150 | E184: Asse esterno 120x120x3 mm. lunghezza mt.6,15 | F184: Carpenteria metallica | G184: 2 | O184: pz | Q184: =IFERROR(VLOOKUP($D184,LISTINO!$B:$I,6,FALSE),IFERROR(VLOOKUP($E184,LISTINO!$C:$I,5,FALSE),"")) | R184: =IF(AND(ISNUMBER(G184),ISNUMBER(Q184)),G184*Q184,"")
A185: ASSI DI ROTAZIONE 1303 | B185: 22 MODULI 1303 | D185: TTS.AR.002.6150.25 | E185: Asse esterno 120x120x2,5 mm. lunghezza mt.6,15 | F185: Carpenteria metallica | G185: 0 | O185: pz | Q185: =IFERROR(VLOOKUP($D185,LISTINO!$B:$I,6,FALSE),IFERROR(VLOOKUP($E185,LISTINO!$C:$I,5,FALSE),"")) | R185: =IF(AND(ISNUMBER(G185),ISNUMBER(Q185)),G185*Q185,"")
A186: ASSI DI ROTAZIONE 1303 | B186: 22 MODULI 1303 | D186: TTS.AR.201 | E186: Kit giunzione asse di collegamento | F186: Carpenteria metallica | G186: 2 | O186: pz | Q186: =IFERROR(VLOOKUP($D186,LISTINO!$B:$I,6,FALSE),IFERROR(VLOOKUP($E186,LISTINO!$C:$I,5,FALSE),"")) | R186: =IF(AND(ISNUMBER(G186),ISNUMBER(Q186)),G186*Q186,"")
A187: ASSI DI ROTAZIONE 1303 | B187: 22 MODULI 1303 | C187: 1 | D187: TTS.AR.2011 | E187: Gaffa giunzione asse | F187: Carpenteria metallica | G187: 2 | K187: 4 | O187: pz | Q187: =IFERROR(VLOOKUP($D187,LISTINO!$B:$I,6,FALSE),IFERROR(VLOOKUP($E187,LISTINO!$C:$I,5,FALSE),"")) | R187: =IF(AND(ISNUMBER(G187),ISNUMBER(Q187)),G187*Q187,"")
A188: ASSI DI ROTAZIONE 1303 | B188: 22 MODULI 1303 | C188: 2 | D188: 10BZM8X150 | E188: Bullone testa esagonale zn M8X150 | F188: Bulloneria e minuteria | G188: 2 | K188: 4 | O188: pz | Q188: =IFERROR(VLOOKUP($D188,LISTINO!$B:$I,6,FALSE),IFERROR(VLOOKUP($E188,LISTINO!$C:$I,5,FALSE),"")) | R188: =IF(AND(ISNUMBER(G188),ISNUMBER(Q188)),G188*Q188,"")
A189: ASSI DI ROTAZIONE 1303 | B189: 22 MODULI 1303 | C189: 3 | D189: 10ROND8 | E189: Rondella zn 8 | F189: Bulloneria e minuteria | G189: 2 | K189: 4 | O189: pz | Q189: =IFERROR(VLOOKUP($D189,LISTINO!$B:$I,6,FALSE),IFERROR(VLOOKUP($E189,LISTINO!$C:$I,5,FALSE),"")) | R189: =IF(AND(ISNUMBER(G189),ISNUMBER(Q189)),G189*Q189,"")
A190: ASSI DI ROTAZIONE 1303 | B190: 22 MODULI 1303 | C190: 4 | D190: 10ROND8 | E190: Rondella zn 8 | F190: Bulloneria e minuteria | G190: 2 | K190: 4 | O190: pz | Q190: =IFERROR(VLOOKUP($D190,LISTINO!$B:$I,6,FALSE),IFERROR(VLOOKUP($E190,LISTINO!$C:$I,5,FALSE),"")) | R190: =IF(AND(ISNUMBER(G190),ISNUMBER(Q190)),G190*Q190,"")
A191: ASSI DI ROTAZIONE 1303 | B191: 22 MODULI 1303 | C191: 5 | D191: 10DAZAM8 | E191: Dado autobloccante M8 | F191: Bulloneria e minuteria | G191: 2 | K191: 4 | O191: pz | Q191: =IFERROR(VLOOKUP($D191,LISTINO!$B:$I,6,FALSE),IFERROR(VLOOKUP($E191,LISTINO!$C:$I,5,FALSE),"")) | R191: =IF(AND(ISNUMBER(G191),ISNUMBER(Q191)),G191*Q191,"")
A192: ASSI DI ROTAZIONE 1303 | B192: 22 MODULI 1303 | C192: 6 | D192: 10BZM10X30 | E192: Bullone testa esagonale zn M10X30 | F192: Bulloneria e minuteria | G192: 8 | K192: 16 | O192: pz | Q192: =IFERROR(VLOOKUP($D192,LISTINO!$B:$I,6,FALSE),IFERROR(VLOOKUP($E192,LISTINO!$C:$I,5,FALSE),"")) | R192: =IF(AND(ISNUMBER(G192),ISNUMBER(Q192)),G192*Q192,"")
A193: ASSI DI ROTAZIONE 1303 | B193: 22 MODULI 1303 | C193: 7 | D193: 10ROND10 | E193: Rondella zn 10 | F193: Bulloneria e minuteria | G193: 8 | K193: 16 | O193: pz | Q193: =IFERROR(VLOOKUP($D193,LISTINO!$B:$I,6,FALSE),IFERROR(VLOOKUP($E193,LISTINO!$C:$I,5,FALSE),"")) | R193: =IF(AND(ISNUMBER(G193),ISNUMBER(Q193)),G193*Q193,"")
A194: ASSI DI ROTAZIONE 1303 | B194: 22 MODULI 1303 | C194: 8 | D194: 10ROND10 | E194: Rondella zn 10 | F194: Bulloneria e minuteria | G194: 8 | K194: 16 | O194: pz | Q194: =IFERROR(VLOOKUP($D194,LISTINO!$B:$I,6,FALSE),IFERROR(VLOOKUP($E194,LISTINO!$C:$I,5,FALSE),"")) | R194: =IF(AND(ISNUMBER(G194),ISNUMBER(Q194)),G194*Q194,"")
A195: ASSI DI ROTAZIONE 1303 | B195: 22 MODULI 1303 | C195: 9 | D195: 10DAZAM10 | E195: Dado autobloccante M10 | F195: Bulloneria e minuteria | G195: 8 | K195: 16 | O195: pz | Q195: =IFERROR(VLOOKUP($D195,LISTINO!$B:$I,6,FALSE),IFERROR(VLOOKUP($E195,LISTINO!$C:$I,5,FALSE),"")) | R195: =IF(AND(ISNUMBER(G195),ISNUMBER(Q195)),G195*Q195,"")
A196: ASSI DI ROTAZIONE 1303 | B196: 36 MODULI 1303 | D196: TTS.AR.001.8700 | E196: Asse lato motore 120x120x3 mm. lunghezza mt.8,70 | F196: Carpenteria metallica | G196: 2 | O196: pz | Q196: =IFERROR(VLOOKUP($D196,LISTINO!$B:$I,6,FALSE),IFERROR(VLOOKUP($E196,LISTINO!$C:$I,5,FALSE),"")) | R196: =IF(AND(ISNUMBER(G196),ISNUMBER(Q196)),G196*Q196,"")
A197: ASSI DI ROTAZIONE 1303 | B197: 36 MODULI 1303 | D197: TTS.AR.002.6756 | E197: Asse esterno 120x120x3 mm. lunghezza mt.6,756 | F197: Carpenteria metallica | G197: 2 | O197: pz | Q197: =IFERROR(VLOOKUP($D197,LISTINO!$B:$I,6,FALSE),IFERROR(VLOOKUP($E197,LISTINO!$C:$I,5,FALSE),"")) | R197: =IF(AND(ISNUMBER(G197),ISNUMBER(Q197)),G197*Q197,"")
A198: ASSI DI ROTAZIONE 1303 | B198: 36 MODULI 1303 | D198: TTS.AR.002.6756.25 | E198: Asse esterno 120x120x2,5 mm. lunghezza mt.6,756 | F198: Carpenteria metallica | G198: 0 | O198: pz | Q198: =IFERROR(VLOOKUP($D198,LISTINO!$B:$I,6,FALSE),IFERROR(VLOOKUP($E198,LISTINO!$C:$I,5,FALSE),"")) | R198: =IF(AND(ISNUMBER(G198),ISNUMBER(Q198)),G198*Q198,"")
...

Sheet RIEPILOGO
A1: RIEPILOGO LISTINO
A3: Componenti unici a listino | B3: 204
A4: Righe di distinta totali (tutti i kit) | B4: 357
A6: Componenti unici per categoria
A7: Carpenteria metallica | B7: 161
A8: Bulloneria e minuteria | B8: 31
A9: Motorizzazione | B9: 1
A10: Cuscinetti | B10: 1
A11: Quadristica ed elettrico | B11: 2
A12: Sensoristica e strumentazione | B12: 6
A13: Moduli fotovoltaici | B13: 2
A15: Legenda
A16: • LISTINO: un record per ogni componente; 'Prezzo unitario' da compilare a cura ufficio acquisti.
A17: • DISTINTA COMPLETA: tutte le righe di tutti i fogli della distinta originale (vista integrale).
A18: • Colonne 'Q.tà NN mod': quantità previste per le sei configurazioni di tracker (dove indicate in origine).
A19: • 'Già caricato altrove' = X: articolo evidenziato in rosso nella distinta originale (non riconteggiare).
A20: • 'Importo €' e 'TOTALE' si calcolano automaticamente dopo aver compilato i prezzi nel foglio LISTINO.
A21: • 'Peso elemento (kg)' (LISTINO e DISTINTA): colonna da compilare a mano, un valore per riga.
A22: • Righe DISTINTA con Q.tà = 0: referenze alternative (varianti di spessore o lunghezza) create al rev.5, poste sotto l'articolo base; impostare la Q.tà quando la variante viene scelta in configurazione.
A23: • Referenze 'IPEA' (codice ...IPEA140...): travi alleggerite, duplicato di ogni pilastro/supporto IPE 140; in DISTINTA sono righe con Q.tà = 0 sotto la versione IPE.
A24: • Foglio 'SCHEDA STRUTTURA': riferimento per tutta la carpenteria strutturale (travi IPE/IPEA e assi di rotazione). Blocco 'Profili' = peso teorico kg/m, % zincatura, costo acquisto €/kg e costo zincatura €/kg da compilare. Nell'elenco, per travi e assi: 'Peso elemento (kg)' = lunghezza × kg/m finale (con maggiorazione zincatura); 'Costo acquisto (€)' = peso × €/kg acquisto; 'Costo zincatura (€)' = peso × magg. % × €/kg zincatura, solo se la maggiorazione è presente. Nel LISTINO il 'Peso elemento' di travi e assi arriva da qui; gli altri pesi restano manuali.
